timestamp	cloud-base	cloud-ceiling	cloud-cover	dew-point	humidity	precipitation-intensity	precipitation-type	pressure-surface-level	temperature	visibility	wind-direction	wind-gust	wind-speed
1696071600.0	0.17		23.0	15.19	92.0	0	0	1006.14	16.69	12.99	23.88	2.5	0.19
1696071660.0	0.17		22.8	15.21	92.0	0	0	1006.13	16.69	13.0	23.88	2.63	0.25
1696071720.0	0.17		22.6	15.24	92.0	0	0	1006.12	16.69	13.01	23.88	2.75	0.31
1696071780.0	0.17		22.4	15.26	92.0	0	0	1006.1	16.69	13.01	24.88	2.88	0.38
1696071840.0	0.17		22.2	15.29	92.0	0	0	1006.09	16.69	13.02	24.88	3.0	0.44
1696071900.0	0.17		22.0	15.31	92.0	0	0	1006.08	16.69	13.03	24.88	3.13	0.5
1696071960.0	0.17		21.6	15.31	92.0	0	0	1006.06	16.69	13.04	24.88	3.13	0.5
1696072020.0	0.17		21.2	15.31	92.0	0	0	1006.05	16.69	13.05	24.88	3.13	0.5
1696072080.0	0.17		20.8	15.31	92.0	0	0	1006.04	16.69	13.06	24.88	3.13	0.5
1696072140.0	0.17		20.4	15.31	92.0	0	0	1006.02	16.69	13.07	24.88	3.13	0.5
1696072200.0	0.17		20.0	15.31	92.0	0	0	1006.01	16.69	13.08	24.88	3.13	0.5
1696072260.0	0.17		19.6	15.28	91.8	0	0	1006.0	16.68	13.08	24.88	3.13	0.5
1696072320.0	0.17		19.2	15.24	91.6	0	0	1005.98	16.66	13.09	24.88	3.13	0.5
1696072380.0	0.18		18.8	15.2	91.4	0	0	1005.97	16.65	13.1	4.31	3.13	0.5
1696072440.0	0.18		18.4	15.16	91.2	0	0	1005.96	16.64	13.11	4.31	3.13	0.5
1696072500.0	0.18		18.0	15.13	91.0	0	0	1005.94	16.63	13.12	4.31	3.13	0.5
1696072560.0	0.18		17.6	15.13	91.0	0	0	1005.93	16.6	13.13	4.31	2.98	0.5
1696072620.0	0.18		17.2	15.13	91.0	0	0	1005.92	16.58	13.14	4.31	2.83	0.5
1696072680.0	0.18		16.8	15.13	91.0	0	0	1005.9	16.55	13.14	357.13	2.68	0.5
1696072740.0	0.18		16.4	15.13	91.0	0	0	1005.89	16.52	13.15	357.13	2.53	0.5
1696072800.0	0.18		16.0	15.13	91.0	0	0	1005.88	16.5	13.16	357.13	2.38	0.5
1696072860.0	0.18		15.8	15.13	91.0	0	0	1005.86	16.52	13.17	357.13	2.38	0.48
1696072920.0	0.18		15.6	15.13	91.0	0	0	1005.85	16.55	13.18	357.13	2.38	0.45
1696072980.0	0.18		15.4	15.13	91.0	0	0	1005.84	16.58	13.19	357.13	2.38	0.43
1696073040.0	0.18		15.2	15.13	91.0	0	0	1005.82	16.6	13.2	357.13	2.38	0.4
1696073100.0	0.18		15.0	15.13	91.0	0	0	1005.81	16.63	13.21	357.13	2.38	0.38
1696073160.0	0.18		14.6	15.13	91.0	0	0	1005.8	16.6	13.21	357.13	2.46	0.38
1696073220.0	0.18		14.2	15.13	91.0	0	0	1005.78	16.58	13.22	357.13	2.55	0.38
1696073280.0	0.18		13.8	15.13	91.0	0	0	1005.77	16.55	13.23	15.88	2.64	0.38
1696073340.0	0.18		13.4	15.13	91.0	0	0	1005.76	16.52	13.24	15.88	2.73	0.38
1696073400.0	0.18		13.0	15.13	91.0	0	0	1005.74	16.5	13.25	15.88	2.81	0.38
1696073460.0	0.18		12.6	15.13	91.0	0	0	1005.73	16.52	13.26	15.88	2.68	0.38
1696073520.0	0.18		12.2	15.13	91.0	0	0	1005.72	16.55	13.27	15.88	2.54	0.38
1696073580.0	0.18		11.8	15.13	91.0	0	0	1005.7	16.58	13.27	6.81	2.4	0.38
1696073640.0	0.18		11.4	15.13	91.0	0	0	1005.69	16.6	13.28	6.81	2.26	0.38
1696073700.0	0.18		11.0	15.13	91.0	0	0	1005.68	16.63	13.29	6.81	2.13	0.38
1696073760.0	0.18		10.6	15.13	91.0	0	0	1005.66	16.63	13.3	6.81	2.06	0.34
1696073820.0	0.18		10.2	15.13	91.0	0	0	1005.65	16.63	13.31	6.81	2.0	0.3
1696073880.0			9.8	15.13	91.0	0	0	1005.64	16.63	13.32	24.19	1.94	0.26
1696073940.0			9.4	15.13	91.0	0	0	1005.62	16.63	13.33	24.19	1.88	0.23
1696074000.0			9.0	15.13	91.0	0	0	1005.61	16.63	13.34	24.19	1.81	0.19
1696074060.0			8.8	15.13	91.0	0	0	1005.6	16.63	13.34	24.19	1.79	0.19
1696074120.0			8.6	15.13	91.0	0	0	1005.58	16.63	13.35	24.19	1.76	0.19
1696074180.0			8.4	15.13	91.0	0	0	1005.57	16.63	13.36	13.0	1.74	0.19
1696074240.0			8.2	15.13	91.0	0	0	1005.56	16.63	13.37	13.0	1.71	0.19
1696074300.0			8.0	15.13	91.0	0	0	1005.54	16.63	13.38	13.0	1.69	0.19
1696074360.0			26.2	15.13	91.0	0	0	1005.53	16.64	13.55	13.0	1.68	0.21
1696074420.0			44.4	15.13	91.0	0	0	1005.52	16.65	13.72	13.0	1.66	0.24
1696074480.0	0.19	0.19	62.6	15.13	91.0	0	0	1005.5	16.66	13.89	333.81	1.65	0.26
1696074540.0	0.19	0.19	80.8	15.13	91.0	0	0	1005.49	16.68	14.06	333.81	1.64	0.29
1696074600.0	0.19	0.19	99.0	15.13	91.0	0	0	1005.48	16.69	14.24	333.81	1.63	0.31
1696074660.0	0.19	0.19	99.2	15.13	91.0	0	0	1005.46	16.69	14.23	333.81	1.63	0.31
1696074720.0	0.19	0.19	99.4	15.13	91.0	0	0	1005.45	16.69	14.22	333.81	1.63	0.31
1696074780.0	0.19	0.19	99.6	15.13	91.0	0	0	1005.44	16.69	14.21	333.88	1.63	0.31
1696074840.0	0.19	0.19	99.8	15.13	91.0	0	0	1005.42	16.69	14.2	333.88	1.63	0.31
1696074900.0	0.19	0.19	100.0	15.13	91.0	0	0	1005.41	16.69	14.19	333.88	1.63	0.31
1696074960.0	0.19	0.19	100.0	15.14	91.0	0	0	1005.4	16.71	14.18	333.88	1.86	0.38
1696075020.0	0.19	0.19	100.0	15.15	91.0	0	0	1005.38	16.74	14.17	333.88	2.1	0.44
1696075080.0	0.19	0.19	100.0	15.16	91.0	0	0	1005.37	16.76	14.16	36.69	2.34	0.5
1696075140.0	0.19	0.19	100.0	15.18	91.0	0	0	1005.36	16.79	14.15	36.69	2.58	0.56
1696075200.0	0.19	0.19	100.0	15.19	91.0	0	0	1005.34	16.81	14.14	36.69	2.81	0.63
1696075260.0	0.19	0.19	100.0	15.19	91.0	0	0	1005.36	16.81	14.17	36.69	2.81	0.57
1696075320.0	0.19	0.19	100.0	15.19	91.0	0	0	1005.37	16.81	14.19	36.69	2.81	0.53
1696075380.0	0.19	0.19	100.0	15.19	91.0	0	0	1005.38	16.81	14.22	326.88	2.81	0.48
1696075440.0	0.19	0.19	100.0	15.19	91.0	0	0	1005.4	16.81	14.25	326.88	2.81	0.43
1696075500.0	0.19	0.19	100.0	15.19	91.0	0	0	1005.41	16.81	14.27	326.88	2.81	0.38
1696075560.0	0.19	0.19	100.0	15.19	91.0	0	0	1005.42	16.81	14.3	326.88	2.81	0.38
1696075620.0	0.19	0.19	100.0	15.19	91.0	0	0	1005.43	16.81	14.33	326.88	2.81	0.38
1696075680.0	0.19	0.19	100.0	15.19	91.0	0	0	1005.45	16.81	14.35	326.88	2.81	0.38
1696075740.0	0.19	0.19	100.0	15.19	91.0	0	0	1005.46	16.81	14.38	326.88	2.81	0.38
1696075800.0	0.19	0.19	100.0	15.19	91.0	0	0	1005.47	16.81	14.41	326.88	2.81	0.38
1696075860.0	0.19	0.19	100.0	15.19	91.0	0	0	1005.48	16.81	14.43	326.88	2.68	0.36
1696075920.0	0.19	0.19	100.0	15.19	91.0	0	0	1005.5	16.81	14.46	326.88	2.54	0.35
1696075980.0	0.19	0.19	100.0	15.19	91.0	0	0	1005.51	16.81	14.49	12.38	2.4	0.34
1696076040.0	0.19	0.19	100.0	15.19	91.0	0	0	1005.52	16.81	14.51	12.38	2.26	0.33
1696076100.0	0.19	0.19	100.0	15.19	91.0	0	0	1005.54	16.81	14.54	12.38	2.13	0.31
1696076160.0	0.19	0.19	100.0	15.19	90.8	0	0	1005.55	16.81	14.57	12.38	2.13	0.35
1696076220.0	0.19	0.19	100.0	15.19	90.6	0	0	1005.56	16.81	14.59	12.38	2.13	0.39
1696076280.0	0.2	0.2	100.0	15.19	90.4	0	0	1005.57	16.81	14.62	30.5	2.13	0.43
1696076340.0	0.2	0.2	100.0	15.19	90.2	0	0	1005.59	16.81	14.65	30.5	2.13	0.46
1696076400.0	0.2	0.2	100.0	15.19	90.0	0	0	1005.6	16.81	14.67	30.5	2.13	0.5
1696076460.0	0.2	0.2	100.0	15.19	90.0	0	0	1005.61	16.81	14.7	30.5	2.23	0.5
1696076520.0	0.2	0.2	100.0	15.19	90.0	0	0	1005.63	16.81	14.72	30.5	2.33	0.5
1696076580.0	0.2	0.2	100.0	15.19	90.0	0	0	1005.64	16.81	14.75	7.38	2.42	0.5
1696076640.0	0.2	0.2	100.0	15.19	90.0	0	0	1005.65	16.81	14.78	7.38	2.53	0.5
1696076700.0	0.2	0.2	100.0	15.19	90.0	0	0	1005.66	16.81	14.8	7.38	2.63	0.5
1696076760.0	0.2	0.2	94.4	15.19	90.2	0	0	1005.68	16.81	14.77	7.38	2.64	0.54
1696076820.0	0.2	0.2	88.8	15.19	90.4	0	0	1005.69	16.81	14.73	7.38	2.65	0.57
1696076880.0	0.2	0.2	83.2	15.19	90.6	0	0	1005.7	16.81	14.7	8.5	2.66	0.61
1696076940.0	0.2	0.2	77.6	15.19	90.8	0	0	1005.72	16.81	14.66	8.5	2.68	0.65
1696077000.0	0.2	0.2	72.0	15.19	91.0	0	0	1005.73	16.81	14.63	8.5	2.69	0.69
1696077060.0	0.2	0.2	72.0	15.19	90.8	0	0	1005.74	16.81	14.65	8.5	2.51	0.63
1696077120.0	0.2	0.2	72.0	15.19	90.6	0	0	1005.75	16.81	14.68	8.5	2.34	0.56
1696077180.0	0.2	0.2	72.0	15.19	90.4	0	0	1005.77	16.81	14.71	23.81	2.16	0.5
1696077240.0	0.2	0.2	72.0	15.19	90.2	0	0	1005.78	16.81	14.73	23.81	1.99	0.44
1696077300.0	0.2	0.2	72.0	15.19	90.0	0	0	1005.79	16.81	14.76	23.81	1.81	0.38
1696077360.0	0.2	0.2	71.8	15.18	90.0	0	0	1005.81	16.83	14.78	23.81	1.79	0.44
1696077420.0	0.2	0.2	71.6	15.16	90.0	0	0	1005.82	16.84	14.81	23.81	1.76	0.5
1696077480.0	0.21	0.21	71.4	15.15	90.0	0	0	1005.83	16.85	14.84	356.13	1.74	0.56
1696077540.0	0.21	0.21	71.2	15.14	90.0	0	0	1005.84	16.86	14.86	356.13	1.71	0.63
1696077600.0	0.21	0.21	71.0	15.13	90.0	0	0	1005.86	16.88	14.89	356.13	1.69	0.69
1696077660.0	0.21	0.21	71.0	15.14	90.0	0	0	1005.87	16.88	14.91	356.13	1.75	0.69
1696077720.0	0.21	0.21	71.0	15.15	90.0	0	0	1005.88	16.88	14.94	356.13	1.81	0.69
1696077780.0	0.21	0.21	71.0	15.16	90.0	0	0	1005.9	16.88	14.97	32.13	1.88	0.69
1696077840.0	0.21	0.21	71.0	15.18	90.0	0	0	1005.91	16.88	14.99	32.13	1.94	0.69
1696077900.0	0.21	0.21	71.0	15.19	90.0	0	0	1005.92	16.88	15.02	32.13	2.0	0.69
1696077960.0	0.21	0.21	71.0	15.19	90.0	0	0	1005.93	16.88	15.05	32.13	2.0	0.69
1696078020.0	0.21	0.21	71.0	15.19	90.0	0	0	1005.95	16.88	15.07	32.13	2.0	0.69
1696078080.0	0.21	0.21	71.0	15.19	90.0	0	0	1005.96	16.88	15.1	32.19	2.0	0.69
1696078140.0	0.21	0.21	71.0	15.19	90.0	0	0	1005.97	16.88	15.12	32.19	2.0	0.69
1696078200.0	0.21	0.21	71.0	15.19	90.0	0	0	1005.98	16.88	15.15	32.19	2.0	0.69
1696078260.0	0.21	0.21	70.8	15.28	90.0	0	0	1006.0	16.96	15.18	32.19	2.04	0.71
1696078320.0	0.21	0.21	70.6	15.36	90.0	0	0	1006.01	17.05	15.2	32.19	2.08	0.74
1696078380.0	0.21	0.21	70.4	15.45	90.0	0	0	1006.02	17.14	15.23	30.19	2.11	0.76
1696078440.0	0.21	0.21	70.2	15.54	90.0	0	0	1006.04	17.23	15.25	30.19	2.15	0.79
1696078500.0	0.21	0.21	70.0	15.63	90.0	0	0	1006.05	17.31	15.28	30.19	2.19	0.81
1696078560.0	0.21	0.21	70.0	15.6	90.0	0	0	1006.06	17.31	15.31	30.19	2.19	0.79
1696078620.0	0.21	0.21	70.0	15.58	90.0	0	0	1006.07	17.31	15.33	30.19	2.19	0.76
1696078680.0	0.22	0.22	70.0	15.55	90.0	0	0	1006.09	17.31	15.36	31.38	2.19	0.74
1696078740.0	0.22	0.22	70.0	15.53	90.0	0	0	1006.1	17.31	15.39	31.38	2.19	0.71
1696078800.0	0.22	0.22	70.0	15.5	90.0	0	0	1006.11	17.31	15.41	31.38	2.19	0.69
1696078860.0	0.22	0.22	70.0	15.5	89.8	0	0	1006.12	17.31	15.42	31.38	2.28	0.69
1696078920.0	0.22	0.22	70.0	15.5	89.6	0	0	1006.12	17.31	15.43	31.38	2.36	0.69
1696078980.0	0.22	0.22	70.0	15.5	89.4	0	0	1006.12	17.31	15.44	23.81	2.45	0.69
1696079040.0	0.22	0.22	70.0	15.5	89.2	0	0	1006.12	17.31	15.45	23.81	2.54	0.69
1696079100.0	0.22	0.22	70.0	15.5	89.0	0	0	1006.12	17.31	15.46	23.81	2.63	0.69
1696079160.0	0.22	0.22	70.2	15.5	89.0	0	0	1006.13	17.33	15.47	23.81	2.63	0.69
1696079220.0	0.22	0.22	70.4	15.5	89.0	0	0	1006.13	17.34	15.48	23.81	2.63	0.69
1696079280.0	0.22	0.22	70.6	15.5	89.0	0	0	1006.13	17.35	15.49	12.88	2.63	0.69
1696079340.0	0.22	0.22	70.8	15.5	89.0	0	0	1006.13	17.36	15.5	12.88	2.63	0.69
1696079400.0	0.22	0.22	71.0	15.5	89.0	0	0	1006.13	17.38	15.51	12.88	2.63	0.69
1696079460.0	0.22	0.22	71.2	15.48	89.0	0	0	1006.14	17.38	15.52	12.88	2.93	0.75
1696079520.0	0.22	0.22	71.4	15.45	89.0	0	0	1006.14	17.38	15.53	12.88	3.23	0.81
1696079580.0	0.24	0.24	71.6	15.43	89.0	0	0	1006.14	17.38	15.54	23.19	3.53	0.88
1696079640.0	0.24	0.24	71.8	15.4	89.0	0	0	1006.14	17.38	15.55	23.19	3.83	0.94
1696079700.0	0.24	0.24	72.0	15.38	89.0	0	0	1006.15	17.38	15.56	23.19	4.13	1.0
1696079760.0	0.24	0.24	72.2	15.38	89.0	0	0	1006.15	17.38	15.57	23.19	4.13	1.0
1696079820.0	0.24	0.24	72.4	15.38	89.0	0	0	1006.15	17.38	15.58	23.19	4.13	1.0
1696079880.0	0.24	0.24	72.6	15.38	89.0	0	0	1006.15	17.38	15.59	23.19	4.13	1.0
1696079940.0	0.24	0.24	72.8	15.38	89.0	0	0	1006.15	17.38	15.6	23.19	4.13	1.0
1696080000.0	0.24	0.24	73.0	15.38	89.0	0	0	1006.16	17.38	15.61	23.19	4.13	1.0
1696080060.0	0.24	0.24	73.2	15.38	89.0	0	0	1006.16	17.38	15.62	23.19	4.08	1.02
1696080120.0	0.24	0.24	73.4	15.38	89.0	0	0	1006.16	17.38	15.63	23.19	4.03	1.05
1696080180.0	0.24	0.24	73.6	15.38	89.0	0	0	1006.16	17.38	15.64	11.19	3.98	1.08
1696080240.0	0.24	0.24	73.8	15.38	89.0	0	0	1006.17	17.38	15.65	11.19	3.93	1.1
1696080300.0	0.24	0.24	74.0	15.38	89.0	0	0	1006.17	17.38	15.66	11.19	3.88	1.13
1696080360.0	0.24	0.24	74.2	15.4	88.8	0	0	1006.17	17.4	15.67	11.19	3.68	1.08
1696080420.0	0.24	0.24	74.4	15.43	88.6	0	0	1006.17	17.43	15.68	11.19	3.48	1.02
1696080480.0	0.25	0.25	74.6	15.45	88.4	0	0	1006.17	17.45	15.69	8.31	3.28	0.98
1696080540.0	0.25	0.25	74.8	15.48	88.2	0	0	1006.18	17.48	15.7	8.31	3.08	0.93
1696080600.0	0.25	0.25	75.0	15.5	88.0	0	0	1006.18	17.5	15.71	8.31	2.88	0.88
1696080660.0	0.25	0.25	75.2	15.53	88.0	0	0	1006.18	17.56	15.72	8.31	3.0	0.9
1696080720.0	0.25	0.25	75.4	15.55	88.0	0	0	1006.18	17.63	15.73	8.31	3.13	0.93
1696080780.0	0.27	0.27	75.6	15.58	88.0	0	0	1006.18	17.69	15.74	14.0	3.25	0.95
1696080840.0	0.27	0.27	75.8	15.6	88.0	0	0	1006.19	17.75	15.75	14.0	3.38	0.98
1696080900.0	0.27	0.27	76.0	15.63	88.0	0	0	1006.19	17.81	15.76	14.0	3.5	1.0
1696080960.0	0.27	0.27	72.6	15.6	87.8	0	0	1006.19	17.83	15.8	14.0	3.44	0.94
1696081020.0	0.27	0.27	69.2	15.58	87.6	0	0	1006.19	17.84	15.84	14.0	3.38	0.88
1696081080.0	0.29	0.29	65.8	15.55	87.4	0	0	1006.2	17.85	15.89	350.81	3.31	0.81
1696081140.0	0.29	0.29	62.4	15.53	87.2	0	0	1006.2	17.86	15.93	350.81	3.25	0.75
1696081200.0	0.29	0.29	59.0	15.5	87.0	0	0	1006.2	17.88	15.97	350.81	3.19	0.69
1696081260.0	0.29	0.29	58.0	15.53	86.8	0	0	1006.2	17.9	15.97	350.81	3.29	0.73
1696081320.0	0.29	0.29	57.0	15.55	86.6	0	0	1006.2	17.93	15.98	350.81	3.39	0.76
1696081380.0	0.3	0.3	56.0	15.58	86.4	0	0	1006.21	17.95	15.98	324.69	3.49	0.8
1696081440.0	0.3	0.3	55.0	15.6	86.2	0	0	1006.21	17.98	15.98	324.69	3.59	0.84
1696081500.0	0.3	0.3	54.0	15.63	86.0	0	0	1006.21	18.0	15.98	324.69	3.69	0.88
1696081560.0	0.3	0.3	53.0	15.66	85.8	0	0	1006.21	18.08	15.98	324.69	3.81	0.94
1696081620.0	0.3	0.3	52.0	15.7	85.6	0	0	1006.22	18.15	15.98	324.69	3.94	1.0
1696081680.0	0.32		51.0	15.74	85.4	0	0	1006.22	18.23	15.98	4.19	4.06	1.06
1696081740.0	0.32		50.0	15.78	85.2	0	0	1006.22	18.3	15.98	4.19	4.19	1.13
1696081800.0	0.32		49.0	15.81	85.0	0	0	1006.22	18.38	15.99	4.19	4.31	1.19
1696081860.0	0.32		48.0	15.79	84.8	0	0	1006.22	18.38	15.99	4.19	4.53	1.25
1696081920.0	0.32		47.0	15.76	84.6	0	0	1006.23	18.38	15.99	4.19	4.74	1.31
1696081980.0	0.35		46.0	15.74	84.4	0	0	1006.23	18.38	15.99	359.0	4.95	1.38
1696082040.0	0.35		45.0	15.71	84.2	0	0	1006.23	18.38	15.99	359.0	5.16	1.44
1696082100.0	0.35		44.0	15.69	84.0	0	0	1006.23	18.38	15.99	359.0	5.38	1.5
1696082160.0	0.35		42.8	15.68	84.0	0	0	1006.24	18.38	15.99	359.0	5.4	1.46
1696082220.0	0.35		41.6	15.66	84.0	0	0	1006.24	18.38	16.0	359.0	5.43	1.43
1696082280.0	0.35		40.4	15.65	84.0	0	0	1006.24	18.38	16.0	330.88	5.45	1.39
1696082340.0	0.35		39.2	15.64	84.0	0	0	1006.24	18.38	16.0	330.88	5.48	1.35
1696082400.0	0.35		38.0	15.63	84.0	0	0	1006.24	18.38	16.0	330.88	5.5	1.31
1696082460.0	0.35		37.8	15.64	84.0	0	0	1006.25	18.4	16.0	330.88	5.24	1.23
1696082520.0	0.35		37.6	15.65	84.0	0	0	1006.26	18.43	16.0	330.88	4.97	1.14
1696082580.0	0.35		37.4	15.66	84.0	0	0	1006.27	18.45	16.0	352.5	4.71	1.05
1696082640.0	0.35		37.2	15.68	84.0	0	0	1006.28	18.48	16.0	352.5	4.45	0.96
1696082700.0	0.35		37.0	15.69	84.0	0	0	1006.29	18.5	16.0	352.5	4.19	0.88
1696082760.0	0.35		36.6	15.75	83.8	0	0	1006.3	18.58	16.0	352.5	4.19	0.9
1696082820.0	0.35		36.2	15.81	83.6	0	0	1006.31	18.65	16.0	352.5	4.19	0.93
1696082880.0	0.37		35.8	15.88	83.4	0	0	1006.32	18.73	16.0	18.19	4.19	0.95
1696082940.0	0.37		35.4	15.94	83.2	0	0	1006.33	18.8	16.0	18.19	4.19	0.98
1696083000.0	0.37		35.0	16.0	83.0	0	0	1006.34	18.88	16.0	18.19	4.19	1.0
1696083060.0	0.37		34.6	15.96	82.8	0	0	1006.35	18.88	16.0	18.19	4.19	1.08
1696083120.0	0.37		34.2	15.93	82.6	0	0	1006.36	18.88	16.0	18.19	4.19	1.15
1696083180.0	0.39		33.8	15.89	82.4	0	0	1006.37	18.88	16.0	33.38	4.19	1.23
1696083240.0	0.39		33.4	15.85	82.2	0	0	1006.38	18.88	16.0	33.38	4.19	1.3
1696083300.0	0.39		33.0	15.81	82.0	0	0	1006.39	18.88	16.0	33.38	4.19	1.38
1696083360.0	0.39		32.6	15.81	82.0	0	0	1006.4	18.9	16.0	33.38	4.28	1.4
1696083420.0	0.39		32.2	15.81	82.0	0	0	1006.41	18.93	16.0	33.38	4.36	1.43
1696083480.0	0.4		31.8	15.81	82.0	0	0	1006.42	18.95	16.0	4.38	4.45	1.45
1696083540.0	0.4		31.4	15.81	82.0	0	0	1006.43	18.98	16.0	4.38	4.54	1.48
1696083600.0	0.4		31.0	15.81	82.0	0	0	1006.44	19.0	16.0	4.38	4.63	1.5
1696083660.0	0.4		30.6	15.85	81.8	0	0	1006.45	19.08	16.0	4.38	4.66	1.5
1696083720.0	0.4		30.2	15.89	81.6	0	0	1006.46	19.15	16.0	4.38	4.7	1.5
1696083780.0	0.42		29.8	15.93	81.4	0	0	1006.47	19.23	16.0	62.13	4.74	1.5
1696083840.0	0.42		29.4	15.96	81.2	0	0	1006.48	19.3	16.0	62.13	4.78	1.5
1696083900.0	0.42		29.0	16.0	81.0	0	0	1006.49	19.38	16.0	62.13	4.81	1.5
1696083960.0	0.42		28.6	16.0	81.0	0	0	1006.5	19.38	16.0	62.13	4.81	1.46
1696084020.0	0.42		28.2	16.0	81.0	0	0	1006.51	19.38	16.0	62.13	4.81	1.43
1696084080.0	0.43		27.8	16.0	81.0	0	0	1006.52	19.38	16.0	4.81	4.81	1.39
1696084140.0	0.43		27.4	16.0	81.0	0	0	1006.53	19.38	16.0	4.81	4.81	1.35
1696084200.0	0.43		27.0	16.0	81.0	0	0	1006.54	19.38	16.0	4.81	4.81	1.31
1696084260.0	0.43		31.8	16.04	80.8	0	0	1006.55	19.44	15.99	4.81	4.79	1.31
1696084320.0	0.43		36.6	16.08	80.6	0	0	1006.56	19.5	15.98	4.81	4.76	1.31
1696084380.0	0.45	0.45	41.4	16.11	80.4	0	0	1006.57	19.56	15.97	354.69	4.74	1.31
1696084440.0	0.45	0.45	46.2	16.15	80.2	0	0	1006.58	19.63	15.96	354.69	4.71	1.31
1696084500.0	0.45	0.45	51.0	16.19	80.0	0	0	1006.59	19.69	15.96	354.69	4.69	1.31
1696084560.0	0.45	0.45	51.0	16.21	80.2	0	0	1006.6	19.71	15.96	354.69	4.61	1.31
1696084620.0	0.45	0.45	51.0	16.24	80.4	0	0	1006.61	19.74	15.96	354.69	4.54	1.31
1696084680.0	0.43	0.43	51.0	16.26	80.6	0	0	1006.62	19.76	15.96	309.0	4.46	1.31
1696084740.0	0.43	0.43	51.0	16.29	80.8	0	0	1006.63	19.79	15.96	309.0	4.39	1.31
1696084800.0	0.43	0.43	51.0	16.31	81.0	0	0	1006.64	19.81	15.97	309.0	4.31	1.31
1696084860.0	0.43	0.43	50.8	16.33	80.8	0	0	1006.65	19.83	15.97	309.0	4.49	1.31
1696084920.0	0.43	0.43	50.6	16.34	80.6	0	0	1006.66	19.84	15.97	309.0	4.66	1.31
1696084980.0	0.44	0.44	50.4	16.35	80.4	0	0	1006.67	19.85	15.97	25.38	4.84	1.31
1696085040.0	0.44	0.44	50.2	16.36	80.2	0	0	1006.68	19.86	15.97	25.38	5.01	1.31
1696085100.0	0.44	0.44	50.0	16.38	80.0	0	0	1006.69	19.88	15.97	25.38	5.19	1.31
1696085160.0	0.44	0.44	50.0	16.38	80.0	0	0	1006.7	19.88	15.98	25.38	5.13	1.29
1696085220.0	0.44	0.44	50.0	16.38	80.0	0	0	1006.71	19.88	15.98	25.38	5.06	1.26
1696085280.0	0.45	0.45	50.0	16.38	80.0	0	0	1006.72	19.88	15.98	33.63	5.0	1.24
1696085340.0	0.45	0.45	50.0	16.38	80.0	0	0	1006.73	19.88	15.98	33.63	4.94	1.21
1696085400.0	0.45	0.45	50.0	16.38	80.0	0	0	1006.74	19.88	15.98	33.63	4.88	1.19
1696085460.0	0.45	0.45	50.0	16.38	80.0	0	0	1006.75	19.88	15.98	33.63	4.88	1.18
1696085520.0	0.45	0.45	50.0	16.38	80.0	0	0	1006.76	19.88	15.99	33.63	4.88	1.16
1696085580.0	0.45		50.0	16.38	80.0	0	0	1006.77	19.88	15.99	33.69	4.88	1.15
1696085640.0	0.45		50.0	16.38	80.0	0	0	1006.78	19.88	15.99	33.69	4.88	1.14
1696085700.0	0.45		50.0	16.38	80.0	0	0	1006.79	19.88	15.99	33.69	4.88	1.13
1696085760.0	0.45		50.0	16.36	80.0	0	0	1006.8	19.9	15.99	33.69	4.68	1.13
1696085820.0	0.45		50.0	16.35	80.0	0	0	1006.81	19.93	15.99	33.69	4.47	1.13
1696085880.0	0.46		50.0	16.34	80.0	0	0	1006.82	19.95	16.0	5.5	4.28	1.13
1696085940.0	0.46		50.0	16.33	80.0	0	0	1006.83	19.98	16.0	5.5	4.08	1.13
1696086000.0	0.46		50.0	16.31	80.0	0	0	1006.84	20.0	16.0	5.5	3.88	1.13
1696086060.0	0.46		50.8	16.29	79.8	0	0	1006.84	20.0	16.0	5.5	3.94	1.14
1696086120.0	0.46		51.6	16.26	79.6	0	0	1006.83	20.0	16.0	5.5	4.0	1.15
1696086180.0	0.48	0.48	52.4	16.24	79.4	0	0	1006.82	20.0	16.0	34.88	4.06	1.16
1696086240.0	0.48	0.48	53.2	16.21	79.2	0	0	1006.81	20.0	16.0	34.88	4.13	1.18
1696086300.0	0.48	0.48	54.0	16.19	79.0	0	0	1006.8	20.0	16.0	34.88	4.19	1.19
1696086360.0	0.48	0.48	54.8	16.19	79.0	0	0	1006.79	20.0	16.0	34.88	4.19	1.19
1696086420.0	0.48	0.48	55.6	16.19	79.0	0	0	1006.79	20.0	16.0	34.88	4.19	1.19
1696086480.0	0.48	0.48	56.4	16.19	79.0	0	0	1006.78	20.0	16.0	34.88	4.19	1.19
1696086540.0	0.48	0.48	57.2	16.19	79.0	0	0	1006.77	20.0	16.0	34.88	4.19	1.19
1696086600.0	0.48	0.48	58.0	16.19	79.0	0	0	1006.76	20.0	16.0	34.88	4.19	1.19
1696086660.0	0.48	0.48	58.8	16.19	79.0	0	0	1006.75	20.0	16.0	34.88	4.15	1.19
1696086720.0	0.48	0.48	59.6	16.19	79.0	0	0	1006.74	20.0	16.0	34.88	4.11	1.19
1696086780.0	0.48	0.48	60.4	16.19	79.0	0	0	1006.74	20.0	16.0	34.81	4.08	1.19
1696086840.0	0.48	0.48	61.2	16.19	79.0	0	0	1006.73	20.0	16.0	34.81	4.04	1.19
1696086900.0	0.48	0.48	62.0	16.19	79.0	0	0	1006.72	20.0	16.0	34.81	4.0	1.19
1696086960.0	0.48	0.48	62.8	16.23	78.8	0	0	1006.71	20.08	16.0	34.81	4.13	1.29
1696087020.0	0.48	0.48	63.6	16.26	78.6	0	0	1006.7	20.15	16.0	34.81	4.25	1.39
1696087080.0	0.5	0.5	64.4	16.3	78.4	0	0	1006.69	20.23	16.0	33.19	4.38	1.49
1696087140.0	0.5	0.5	65.2	16.34	78.2	0	0	1006.69	20.3	16.0	33.19	4.5	1.59
1696087200.0	0.5	0.5	66.0	16.38	78.0	0	0	1006.68	20.38	16.0	33.19	4.63	1.69
1696087260.0	0.5	0.5	67.0	16.36	78.0	0	0	1006.67	20.38	16.0	33.19	4.58	1.65
1696087320.0	0.5	0.5	68.0	16.35	78.0	0	0	1006.66	20.38	16.0	33.19	4.53	1.61
1696087380.0	0.5	0.5	69.0	16.34	78.0	0	0	1006.65	20.38	16.0	359.0	4.47	1.58
1696087440.0	0.5	0.5	70.0	16.33	78.0	0	0	1006.64	20.38	16.0	359.0	4.43	1.54
1696087500.0	0.5	0.5	71.0	16.31	78.0	0	0	1006.64	20.38	16.0	359.0	4.38	1.5
1696087560.0	0.5	0.5	74.6	16.29	78.2	0	0	1006.63	20.34	16.0	359.0	4.22	1.46
1696087620.0	0.5	0.5	78.2	16.26	78.4	0	0	1006.62	20.3	16.0	359.0	4.08	1.43
1696087680.0	0.49	0.49	81.8	16.24	78.6	0	0	1006.61	20.26	16.0	352.31	3.93	1.39
1696087740.0	0.49	0.49	85.4	16.21	78.8	0	0	1006.6	20.23	16.0	352.31	3.78	1.35
1696087800.0	0.49	0.49	89.0	16.19	79.0	0	0	1006.59	20.19	16.0	352.31	3.63	1.31
1696087860.0	0.49	0.49	89.4	16.18	78.8	0	0	1006.59	20.19	16.0	352.31	3.66	1.21
1696087920.0	0.49	0.49	89.8	16.16	78.6	0	0	1006.58	20.19	16.0	352.31	3.7	1.11
1696087980.0	0.51	0.51	90.2	16.15	78.4	0	0	1006.57	20.19	16.0	354.31	3.74	1.01
1696088040.0	0.51	0.51	90.6	16.14	78.2	0	0	1006.56	20.19	16.0	354.31	3.78	0.91
1696088100.0	0.51	0.51	91.0	16.13	78.0	0	0	1006.55	20.19	16.0	354.31	3.81	0.81
1696088160.0	0.51	0.51	91.2	16.13	78.0	0	0	1006.54	20.19	16.0	354.31	3.81	0.81
1696088220.0	0.51	0.51	91.4	16.13	78.0	0	0	1006.54	20.19	16.0	354.31	3.81	0.81
1696088280.0	0.51	0.51	91.6	16.13	78.0	0	0	1006.53	20.19	16.0	354.31	3.81	0.81
1696088340.0	0.51	0.51	91.8	16.13	78.0	0	0	1006.52	20.19	16.0	354.31	3.81	0.81
1696088400.0	0.51	0.51	92.0	16.13	78.0	0	0	1006.51	20.19	16.0	354.31	3.81	0.81
1696088460.0	0.51	0.51	92.4	16.16	77.8	0	0	1006.5	20.25	16.0	354.31	3.68	0.83
1696088520.0	0.51	0.51	92.8	16.2	77.6	0	0	1006.49	20.31	16.0	354.31	3.54	0.84
1696088580.0	0.52	0.52	93.2	16.24	77.4	0	0	1006.49	20.38	16.0	306.63	3.4	0.85
1696088640.0	0.52	0.52	93.6	16.27	77.2	0	0	1006.48	20.44	16.0	306.63	3.26	0.86
1696088700.0	0.52	0.52	94.0	16.31	77.0	0	0	1006.47	20.5	16.0	306.63	3.13	0.88
1696088760.0	0.52	0.52	94.4	16.29	77.0	0	0	1006.46	20.5	16.0	306.63	3.38	0.93
1696088820.0	0.52	0.52	94.8	16.26	77.0	0	0	1006.45	20.5	16.0	306.63	3.63	0.98
1696088880.0	0.54	0.54	95.2	16.24	77.0	0	0	1006.44	20.5	16.0	28.63	3.88	1.02
1696088940.0	0.54	0.54	95.6	16.21	77.0	0	0	1006.44	20.5	16.0	28.63	4.13	1.08
1696089000.0	0.54	0.54	96.0	16.19	77.0	0	0	1006.43	20.5	16.0	28.63	4.38	1.13
1696089060.0	0.54	0.54	96.4	16.19	77.0	0	0	1006.42	20.5	16.0	28.63	4.36	1.16
1696089120.0	0.54	0.54	96.8	16.19	77.0	0	0	1006.41	20.5	16.0	28.63	4.35	1.2
1696089180.0	0.53	0.53	97.2	16.19	77.0	0	0	1006.4	20.5	16.0	17.63	4.34	1.24
1696089240.0	0.53	0.53	97.6	16.19	77.0	0	0	1006.39	20.5	16.0	17.63	4.33	1.27
1696089300.0	0.53	0.53	98.0	16.19	77.0	0	0	1006.39	20.5	16.0	17.63	4.31	1.31
1696089360.0	0.53	0.53	98.4	16.21	77.0	0	0	1006.38	20.53	16.0	17.63	4.25	1.31
1696089420.0	0.53	0.53	98.8	16.24	77.0	0	0	1006.37	20.55	16.0	17.63	4.19	1.31
1696089480.0	0.53	0.53	99.2	16.26	77.0	0	0	1006.36	20.58	16.0	24.13	4.13	1.31
1696089540.0	0.53	0.53	99.6	16.29	77.0	0	0	1006.35	20.6	16.0	24.13	4.06	1.31
1696089600.0	0.53	0.53	100.0	16.31	77.0	0	0	1006.34	20.63	16.0	24.13	4.0	1.31
1696089660.0	0.53	0.53	99.6	16.31	77.0	0	0	1006.35	20.63	16.0	24.13	4.0	1.29
1696089720.0	0.53	0.53	99.2	16.31	77.0	0	0	1006.36	20.63	16.0	24.13	4.0	1.26
1696089780.0	0.53	0.53	98.8	16.31	77.0	0	0	1006.36	20.63	16.0	357.88	4.0	1.24
1696089840.0	0.53	0.53	98.4	16.31	77.0	0	0	1006.37	20.63	16.0	357.88	4.0	1.21
1696089900.0	0.53	0.53	98.0	16.31	77.0	0	0	1006.38	20.63	16.0	357.88	4.0	1.19
1696089960.0	0.53	0.53	97.6	16.31	77.0	0	0	1006.38	20.63	16.0	357.88	3.98	1.15
1696090020.0	0.53	0.53	97.2	16.31	77.0	0	0	1006.39	20.63	16.0	357.88	3.95	1.11
1696090080.0	0.53	0.53	96.8	16.31	77.0	0	0	1006.4	20.63	16.0	3.38	3.93	1.08
1696090140.0	0.53	0.53	96.4	16.31	77.0	0	0	1006.4	20.63	16.0	3.38	3.9	1.04
1696090200.0	0.53	0.53	96.0	16.31	77.0	0	0	1006.41	20.63	16.0	3.38	3.88	1.0
1696090260.0	0.53	0.53	95.6	16.31	77.0	0	0	1006.42	20.64	16.0	3.38	3.86	1.02
1696090320.0	0.53	0.53	95.2	16.31	77.0	0	0	1006.42	20.65	16.0	3.38	3.85	1.05
1696090380.0	0.54	0.54	94.8	16.31	77.0	0	0	1006.43	20.66	16.0	21.63	3.84	1.08
1696090440.0	0.54	0.54	94.4	16.31	77.0	0	0	1006.43	20.68	16.0	21.63	3.83	1.1
1696090500.0	0.54	0.54	94.0	16.31	77.0	0	0	1006.44	20.69	16.0	21.63	3.81	1.13
1696090560.0	0.54	0.54	93.6	16.35	77.0	0	0	1006.45	20.73	16.0	21.63	3.81	1.1
1696090620.0	0.54	0.54	93.2	16.39	77.0	0	0	1006.45	20.76	16.0	21.63	3.81	1.08
1696090680.0	0.54	0.54	92.8	16.43	77.0	0	0	1006.46	20.8	16.0	25.88	3.81	1.05
1696090740.0	0.54	0.54	92.4	16.46	77.0	0	0	1006.47	20.84	16.0	25.88	3.81	1.02
1696090800.0	0.54	0.54	92.0	16.5	77.0	0	0	1006.47	20.88	16.0	25.88	3.81	1.0
1696090860.0	0.54	0.54	91.6	16.48	76.6	0	0	1006.48	20.9	16.0	25.88	3.48	0.98
1696090920.0	0.54	0.54	91.2	16.45	76.2	0	0	1006.49	20.93	16.0	25.88	3.14	0.95
1696090980.0	0.58	0.58	90.8	16.43	75.8	0	0	1006.49	20.95	16.0	30.38	2.8	0.93
1696091040.0	0.58	0.58	90.4	16.4	75.4	0	0	1006.5	20.98	16.0	30.38	2.46	0.9
1696091100.0	0.58	0.58	90.0	16.38	75.0	0	0	1006.51	21.0	16.0	30.38	2.13	0.88
1696091160.0	0.58	0.58	89.6	16.43	74.8	0	0	1006.51	21.08	16.0	30.38	2.38	0.88
1696091220.0	0.58	0.58	89.2	16.48	74.6	0	0	1006.52	21.15	16.0	30.38	2.63	0.88
1696091280.0	0.6	0.6	88.8	16.52	74.4	0	0	1006.53	21.23	16.0	43.13	2.88	0.88
1696091340.0	0.6	0.6	88.4	16.58	74.2	0	0	1006.53	21.3	16.0	43.13	3.13	0.88
1696091400.0	0.6	0.6	88.0	16.63	74.0	0	0	1006.54	21.38	16.0	43.13	3.38	0.88
1696091460.0	0.6	0.6	90.2	16.63	74.2	0	0	1006.54	21.36	16.0	43.13	3.46	0.9
1696091520.0	0.6	0.6	92.4	16.63	74.4	0	0	1006.55	21.35	16.0	43.13	3.55	0.93
1696091580.0	0.59	0.59	94.6	16.63	74.6	0	0	1006.56	21.34	16.0	51.81	3.64	0.95
1696091640.0	0.59	0.59	96.8	16.63	74.8	0	0	1006.56	21.33	16.0	51.81	3.73	0.98
1696091700.0	0.59	0.59	99.0	16.63	75.0	0	0	1006.57	21.31	16.0	51.81	3.81	1.0
1696091760.0	0.59	0.59	99.0	16.63	74.6	0	0	1006.58	21.39	16.0	51.81	3.81	1.06
1696091820.0	0.59	0.59	99.0	16.63	74.2	0	0	1006.58	21.46	16.0	51.81	3.81	1.13
1696091880.0	0.64	0.64	99.0	16.63	73.8	0	0	1006.59	21.54	16.0	17.81	3.81	1.19
1696091940.0	0.64	0.64	99.0	16.63	73.4	0	0	1006.6	21.61	16.0	17.81	3.81	1.25
1696092000.0	0.64	0.64	99.0	16.63	73.0	0	0	1006.6	21.69	16.0	17.81	3.81	1.31
1696092060.0	0.64	0.64	99.0	16.64	73.0	0	0	1006.61	21.71	16.0	17.81	3.81	1.27
1696092120.0	0.64	0.64	99.0	16.65	73.0	0	0	1006.62	21.74	16.0	17.81	3.81	1.24
1696092180.0	0.64	0.64	99.0	16.66	73.0	0	0	1006.62	21.76	16.0	334.19	3.81	1.2
1696092240.0	0.64	0.64	99.0	16.68	73.0	0	0	1006.63	21.79	16.0	334.19	3.81	1.16
1696092300.0	0.64	0.64	99.0	16.69	73.0	0	0	1006.64	21.81	16.0	334.19	3.81	1.13
1696092360.0	0.64	0.64	99.0	16.69	72.8	0	0	1006.64	21.85	16.0	334.19	3.88	1.13
1696092420.0	0.64	0.64	99.0	16.69	72.6	0	0	1006.65	21.89	16.0	334.19	3.94	1.13
1696092480.0	0.66	0.66	99.0	16.69	72.4	0	0	1006.65	21.93	16.0	1.0	4.0	1.13
1696092540.0	0.66	0.66	99.0	16.69	72.2	0	0	1006.66	21.96	16.0	1.0	4.06	1.13
1696092600.0	0.66	0.66	99.0	16.69	72.0	0	0	1006.67	22.0	16.0	1.0	4.13	1.13
1696092660.0	0.66	0.66	99.0	16.68	72.0	0	0	1006.67	22.0	16.0	1.0	4.46	1.2
1696092720.0	0.66	0.66	99.0	16.66	72.0	0	0	1006.68	22.0	16.0	1.0	4.8	1.27
1696092780.0	0.68	0.68	99.0	16.65	72.0	0	0	1006.69	22.0	16.0	335.19	5.14	1.35
1696092840.0	0.68	0.68	99.0	16.64	72.0	0	0	1006.69	22.0	16.0	335.19	5.48	1.43
1696092900.0	0.68	0.68	99.0	16.63	72.0	0	0	1006.7	22.0	16.0	335.19	5.81	1.5
1696092960.0	0.68	0.68	99.0	16.63	71.8	0	0	1006.71	22.03	16.0	335.19	5.81	1.5
1696093020.0	0.68	0.68	99.0	16.63	71.6	0	0	1006.71	22.05	16.0	335.19	5.81	1.5
1696093080.0	0.69	0.69	99.0	16.63	71.4	0	0	1006.72	22.08	16.0	357.19	5.81	1.5
1696093140.0	0.69	0.69	99.0	16.63	71.2	0	0	1006.73	22.1	16.0	357.19	5.81	1.5
1696093200.0	0.69	0.69	99.0	16.63	71.0	0	0	1006.73	22.13	16.0	357.19	5.81	1.5
1696093260.0	0.69	0.69	99.0	16.64	71.0	0	0	1006.73	22.14	16.0	357.19	5.51	1.48
1696093320.0	0.69	0.69	99.0	16.65	71.0	0	0	1006.72	22.15	16.0	357.19	5.21	1.45
1696093380.0	0.7	0.7	99.0	16.66	71.0	0	0	1006.71	22.16	16.0	26.63	4.91	1.43
1696093440.0	0.7	0.7	99.0	16.68	71.0	0	0	1006.71	22.18	16.0	26.63	4.61	1.4
1696093500.0	0.7	0.7	99.0	16.69	71.0	0	0	1006.7	22.19	16.0	26.63	4.31	1.38
1696093560.0	0.7	0.7	99.0	16.69	71.0	0	0	1006.69	22.19	16.0	26.63	4.31	1.38
1696093620.0	0.7	0.7	99.0	16.69	71.0	0	0	1006.69	22.19	16.0	26.63	4.31	1.38
1696093680.0	0.7	0.7	99.0	16.69	71.0	0	0	1006.68	22.19	16.0	14.0	4.31	1.38
1696093740.0	0.7	0.7	99.0	16.69	71.0	0	0	1006.67	22.19	16.0	14.0	4.31	1.38
1696093800.0	0.7	0.7	99.0	16.69	71.0	0	0	1006.67	22.19	16.0	14.0	4.31	1.38
1696093860.0	0.7	0.7	98.8	16.75	71.0	0	0	1006.66	22.28	16.0	14.0	4.39	1.4
1696093920.0	0.7	0.7	98.6	16.81	71.0	0	0	1006.65	22.36	16.0	14.0	4.46	1.43
1696093980.0	0.71	0.71	98.4	16.88	71.0	0	0	1006.65	22.45	16.0	39.13	4.54	1.45
1696094040.0	0.71	0.71	98.2	16.94	71.0	0	0	1006.64	22.54	16.0	39.13	4.61	1.48
1696094100.0	0.71	0.71	98.0	17.0	71.0	0	0	1006.63	22.63	16.0	39.13	4.69	1.5
1696094160.0	0.71	0.71	98.0	16.94	70.8	0	0	1006.63	22.63	16.0	39.13	4.63	1.48
1696094220.0	0.71	0.71	98.0	16.88	70.6	0	0	1006.62	22.63	16.0	39.13	4.56	1.45
1696094280.0	0.74	0.74	98.0	16.81	70.4	0	0	1006.61	22.63	16.0	17.31	4.5	1.43
1696094340.0	0.74	0.74	98.0	16.75	70.2	0	0	1006.61	22.63	16.0	17.31	4.44	1.4
1696094400.0	0.74	0.74	98.0	16.69	70.0	0	0	1006.6	22.63	16.0	17.31	4.38	1.38
1696094460.0	0.74	0.74	98.0	16.68	69.8	0	0	1006.59	22.63	16.0	17.31	4.44	1.44
1696094520.0	0.74	0.74	98.0	16.66	69.6	0	0	1006.59	22.63	16.0	17.31	4.5	1.5
1696094580.0	0.76	0.76	98.0	16.65	69.4	0	0	1006.58	22.63	16.0	3.88	4.56	1.56
1696094640.0	0.76	0.76	98.0	16.64	69.2	0	0	1006.57	22.63	16.0	3.88	4.63	1.63
1696094700.0	0.76	0.76	98.0	16.63	69.0	0	0	1006.57	22.63	16.0	3.88	4.69	1.69
1696094760.0	0.76	0.76	98.0	16.6	69.0	0	0	1006.56	22.64	16.0	3.88	4.81	1.73
1696094820.0	0.76	0.76	98.0	16.58	69.0	0	0	1006.55	22.65	16.0	3.88	4.94	1.76
1696094880.0	0.77	0.77	98.0	16.55	69.0	0	0	1006.55	22.66	16.0	17.88	5.06	1.8
1696094940.0	0.77	0.77	98.0	16.52	69.0	0	0	1006.54	22.68	16.0	17.88	5.19	1.84
1696095000.0	0.77	0.77	98.0	16.5	69.0	0	0	1006.53	22.69	16.0	17.88	5.31	1.88
1696095060.0	0.77	0.77	98.0	16.5	69.0	0	0	1006.53	22.69	16.0	17.88	5.23	1.83
1696095120.0	0.77	0.77	98.0	16.5	69.0	0	0	1006.52	22.69	16.0	17.88	5.14	1.78
1696095180.0	0.77	0.77	98.0	16.5	69.0	0	0	1006.51	22.69	16.0	18.19	5.05	1.73
1696095240.0	0.77	0.77	98.0	16.5	69.0	0	0	1006.51	22.69	16.0	18.19	4.96	1.68
1696095300.0	0.77	0.77	98.0	16.5	69.0	0	0	1006.5	22.69	16.0	18.19	4.88	1.63
1696095360.0	0.77	0.77	98.0	16.5	68.8	0	0	1006.49	22.69	16.0	18.19	4.76	1.63
1696095420.0	0.77	0.77	98.0	16.5	68.6	0	0	1006.49	22.69	16.0	18.19	4.65	1.63
1696095480.0	0.78	0.78	98.0	16.5	68.4	0	0	1006.48	22.69	16.0	333.81	4.54	1.63
1696095540.0	0.78	0.78	98.0	16.5	68.2	0	0	1006.47	22.69	16.0	333.81	4.43	1.63
1696095600.0	0.78	0.78	98.0	16.5	68.0	0	0	1006.47	22.69	16.0	333.81	4.31	1.63
1696095660.0	0.78	0.78	86.6	16.52	68.2	0	0	1006.46	22.69	16.0	333.81	4.28	1.58
1696095720.0	0.78	0.78	75.2	16.55	68.4	0	0	1006.45	22.69	16.0	333.81	4.24	1.53
1696095780.0	0.76		63.8	16.58	68.6	0	0	1006.45	22.69	16.0	353.0	4.2	1.48
1696095840.0	0.76		52.4	16.6	68.8	0	0	1006.44	22.69	16.0	353.0	4.16	1.43
1696095900.0	0.76		41.0	16.63	69.0	0	0	1006.43	22.69	16.0	353.0	4.13	1.38
1696095960.0	0.76		40.2	16.6	68.8	0	0	1006.43	22.71	16.0	353.0	4.06	1.34
1696096020.0	0.76		39.4	16.58	68.6	0	0	1006.42	22.74	16.0	353.0	4.0	1.3
1696096080.0	0.79		38.6	16.55	68.4	0	0	1006.41	22.76	16.0	49.19	3.94	1.26
1696096140.0	0.79		37.8	16.52	68.2	0	0	1006.41	22.79	16.0	49.19	3.88	1.23
1696096200.0	0.79		37.0	16.5	68.0	0	0	1006.4	22.81	16.0	49.19	3.81	1.19
1696096260.0	0.79		36.4	16.48	67.8	0	0	1006.39	22.83	16.0	49.19	3.93	1.21
1696096320.0	0.79		35.8	16.45	67.6	0	0	1006.39	22.84	16.0	49.19	4.04	1.24
1696096380.0	0.82		35.2	16.43	67.4	0	0	1006.38	22.85	16.0	298.31	4.15	1.26
1696096440.0	0.82		34.6	16.4	67.2	0	0	1006.37	22.86	16.0	298.31	4.26	1.29
1696096500.0	0.82		34.0	16.38	67.0	0	0	1006.37	22.88	16.0	298.31	4.38	1.31
1696096560.0	0.82		33.2	16.38	67.0	0	0	1006.36	22.88	16.0	298.31	4.38	1.31
1696096620.0	0.82		32.4	16.38	67.0	0	0	1006.35	22.88	16.0	298.31	4.38	1.31
1696096680.0	0.82		31.6	16.38	67.0	0	0	1006.35	22.88	16.0	8.31	4.38	1.31
1696096740.0	0.82		30.8	16.38	67.0	0	0	1006.34	22.88	16.0	8.31	4.38	1.31
1696096800.0	0.82		30.0	16.38	67.0	0	0	1006.33	22.88	16.0	8.31	4.38	1.31
1696096860.0	0.82		29.6	16.43	67.0	0	0	1006.32	22.94	16.0	8.31	4.2	1.25
1696096920.0	0.82		29.2	16.48	67.0	0	0	1006.32	23.0	16.0	8.31	4.03	1.19
1696096980.0	0.83		28.8	16.52	67.0	0	0	1006.31	23.06	16.0	103.0	3.85	1.13
1696097040.0	0.83		28.4	16.58	67.0	0	0	1006.3	23.13	16.0	103.0	3.68	1.06
1696097100.0	0.83		28.0	16.63	67.0	0	0	1006.29	23.19	16.0	103.0	3.5	1.0
1696097160.0	0.83		27.6	16.54	66.6	0	0	1006.28	23.19	16.0	103.0	3.73	1.1
1696097220.0	0.83		27.2	16.45	66.2	0	0	1006.27	23.19	16.0	103.0	3.95	1.2
1696097280.0	0.88		26.8	16.36	65.8	0	0	1006.27	23.19	16.0	16.88	4.18	1.3
1696097340.0	0.88		26.4	16.27	65.4	0	0	1006.26	23.19	16.0	16.88	4.4	1.4
1696097400.0	0.88		26.0	16.19	65.0	0	0	1006.25	23.19	16.0	16.88	4.63	1.5
1696097460.0	0.88		25.6	16.19	65.0	0	0	1006.24	23.19	16.0	16.88	4.63	1.5
1696097520.0	0.88		25.2	16.19	65.0	0	0	1006.23	23.19	16.0	16.88	4.63	1.5
1696097580.0	0.88		24.8	16.19	65.0	0	0	1006.22	23.19	16.0	16.88	4.63	1.5
1696097640.0	0.88		24.4	16.19	65.0	0	0	1006.22	23.19	16.0	16.88	4.63	1.5
1696097700.0	0.88		24.0	16.19	65.0	0	0	1006.21	23.19	16.0	16.88	4.63	1.5
1696097760.0	0.88		23.6	16.25	65.2	0	0	1006.2	23.21	16.0	16.88	4.47	1.48
1696097820.0	0.88		23.2	16.31	65.4	0	0	1006.19	23.24	16.0	16.88	4.33	1.45
1696097880.0	0.85		22.8	16.38	65.6	0	0	1006.18	23.26	16.0	54.38	4.18	1.43
1696097940.0	0.85		22.4	16.44	65.8	0	0	1006.17	23.29	16.0	54.38	4.03	1.4
1696098000.0	0.85		22.0	16.5	66.0	0	0	1006.17	23.31	16.0	54.38	3.88	1.38
1696098060.0	0.85		21.6	16.46	65.8	0	0	1006.16	23.31	16.0	54.38	3.94	1.38
1696098120.0	0.85		21.2	16.43	65.6	0	0	1006.15	23.31	16.0	54.38	4.0	1.38
1696098180.0	0.89		20.8	16.39	65.4	0	0	1006.14	23.31	16.0	49.38	4.06	1.38
1696098240.0	0.89		20.4	16.35	65.2	0	0	1006.13	23.31	16.0	49.38	4.13	1.38
1696098300.0	0.89		20.0	16.31	65.0	0	0	1006.12	23.31	16.0	49.38	4.19	1.38
1696098360.0	0.89		25.2	16.29	65.0	0	0	1006.12	23.31	16.0	49.38	3.99	1.38
1696098420.0	0.89		30.4	16.26	65.0	0	0	1006.11	23.31	16.0	49.38	3.79	1.38
1696098480.0	0.89		35.6	16.24	65.0	0	0	1006.1	23.31	16.0	22.5	3.59	1.38
1696098540.0	0.89		40.8	16.21	65.0	0	0	1006.09	23.31	16.0	22.5	3.39	1.38
1696098600.0	0.89		46.0	16.19	65.0	0	0	1006.08	23.31	16.0	22.5	3.19	1.38
1696098660.0	0.89		45.4	16.21	65.0	0	0	1006.07	23.31	16.0	22.5	3.39	1.4
1696098720.0	0.89		44.8	16.24	65.0	0	0	1006.07	23.31	16.0	22.5	3.59	1.43
1696098780.0	0.89		44.2	16.26	65.0	0	0	1006.06	23.31	16.0	133.81	3.79	1.45
1696098840.0	0.89		43.6	16.29	65.0	0	0	1006.05	23.31	16.0	133.81	3.99	1.48
1696098900.0	0.89		43.0	16.31	65.0	0	0	1006.04	23.31	16.0	133.81	4.19	1.5
1696098960.0	0.89		42.4	16.27	65.0	0	0	1006.03	23.29	16.0	133.81	3.99	1.46
1696099020.0	0.89		41.8	16.24	65.0	0	0	1006.02	23.26	16.0	133.81	3.79	1.43
1696099080.0	0.89		41.2	16.2	65.0	0	0	1006.02	23.24	16.0	22.13	3.59	1.39
1696099140.0	0.89		40.6	16.16	65.0	0	0	1006.01	23.21	16.0	22.13	3.39	1.35
1696099200.0	0.89		40.0	16.13	65.0	0	0	1006.0	23.19	16.0	22.13	3.19	1.31
1696099260.0	0.89		39.4	16.14	64.8	0	0	1005.99	23.25	16.0	22.13	3.43	1.31
1696099320.0	0.89		38.8	16.15	64.6	0	0	1005.98	23.31	16.0	22.13	3.66	1.31
1696099380.0	0.92		38.2	16.16	64.4	0	0	1005.97	23.38	16.0	38.63	3.9	1.31
1696099440.0	0.92		37.6	16.18	64.2	0	0	1005.97	23.44	16.0	38.63	4.14	1.31
1696099500.0	0.92		37.0	16.19	64.0	0	0	1005.96	23.5	16.0	38.63	4.38	1.31
1696099560.0	0.92		36.4	16.25	64.0	0	0	1005.95	23.53	16.0	38.63	4.36	1.29
1696099620.0	0.92		35.8	16.31	64.0	0	0	1005.94	23.55	16.0	38.63	4.35	1.26
1696099680.0	0.9		35.2	16.38	64.0	0	0	1005.93	23.58	16.0	9.69	4.34	1.24
1696099740.0	0.9		34.6	16.44	64.0	0	0	1005.92	23.6	16.0	9.69	4.33	1.21
1696099800.0	0.9		34.0	16.5	64.0	0	0	1005.92	23.63	16.0	9.69	4.31	1.19
1696099860.0	0.9		33.2	16.44	63.8	0	0	1005.91	23.6	16.0	9.69	4.31	1.23
1696099920.0	0.9		32.4	16.38	63.6	0	0	1005.9	23.58	16.0	9.69	4.31	1.26
1696099980.0	0.94		31.6	16.31	63.4	0	0	1005.89	23.55	16.0	16.63	4.31	1.3
1696100040.0	0.94		30.8	16.25	63.2	0	0	1005.88	23.53	16.0	16.63	4.31	1.34
1696100100.0	0.94		30.0	16.19	63.0	0	0	1005.87	23.5	16.0	16.63	4.31	1.38
1696100160.0	0.94		29.4	16.19	63.0	0	0	1005.87	23.5	16.0	16.63	4.31	1.36
1696100220.0	0.94		28.8	16.19	63.0	0	0	1005.86	23.5	16.0	16.63	4.31	1.35
1696100280.0	0.94		28.2	16.19	63.0	0	0	1005.85	23.5	16.0	16.38	4.31	1.34
1696100340.0	0.94		27.6	16.19	63.0	0	0	1005.84	23.5	16.0	16.38	4.31	1.33
1696100400.0	0.94		27.0	16.19	63.0	0	0	1005.83	23.5	16.0	16.38	4.31	1.31
1696100460.0	0.94		27.2	16.19	63.2	0	0	1005.83	23.5	16.0	16.38	4.18	1.31
1696100520.0	0.94		27.4	16.19	63.4	0	0	1005.82	23.5	16.0	16.38	4.04	1.31
1696100580.0	0.93		27.6	16.19	63.6	0	0	1005.81	23.5	16.0	36.63	3.9	1.31
1696100640.0	0.93		27.8	16.19	63.8	0	0	1005.81	23.5	16.0	36.63	3.76	1.31
1696100700.0	0.93		28.0	16.19	64.0	0	0	1005.8	23.5	16.0	36.63	3.63	1.31
1696100760.0	0.93		28.0	16.18	63.8	0	0	1005.79	23.5	16.0	36.63	3.68	1.31
1696100820.0	0.93		28.0	16.16	63.6	0	0	1005.79	23.5	16.0	36.63	3.73	1.31
1696100880.0	0.95		28.0	16.15	63.4	0	0	1005.78	23.5	16.0	24.0	3.78	1.31
1696100940.0	0.95		28.0	16.14	63.2	0	0	1005.77	23.5	16.0	24.0	3.83	1.31
1696101000.0	0.95		28.0	16.13	63.0	0	0	1005.77	23.5	16.0	24.0	3.88	1.31
1696101060.0	0.95		28.2	16.08	63.0	0	0	1005.76	23.46	16.0	24.0	3.93	1.29
1696101120.0	0.95		28.4	16.02	63.0	0	0	1005.76	23.43	16.0	24.0	3.98	1.26
1696101180.0	0.94		28.6	15.98	63.0	0	0	1005.75	23.39	16.0	352.19	4.03	1.24
1696101240.0	0.94		28.8	15.93	63.0	0	0	1005.74	23.35	16.0	352.19	4.08	1.21
1696101300.0	0.94		29.0	15.88	63.0	0	0	1005.74	23.31	16.0	352.19	4.13	1.19
1696101360.0	0.94		29.0	15.93	63.2	0	0	1005.73	23.33	16.0	352.19	4.13	1.23
1696101420.0	0.94		29.0	15.98	63.4	0	0	1005.72	23.34	16.0	352.19	4.13	1.26
1696101480.0	0.93		29.0	16.02	63.6	0	0	1005.72	23.35	16.0	65.0	4.13	1.3
1696101540.0	0.93		29.0	16.08	63.8	0	0	1005.71	23.36	16.0	65.0	4.13	1.34
1696101600.0	0.93		29.0	16.13	64.0	0	0	1005.7	23.38	16.0	65.0	4.13	1.38
1696101660.0	0.93		29.0	16.13	63.8	0	0	1005.7	23.4	16.0	65.0	4.0	1.33
1696101720.0	0.93		29.0	16.13	63.6	0	0	1005.69	23.43	16.0	65.0	3.88	1.27
1696101780.0	0.93		29.0	16.13	63.4	0	0	1005.68	23.45	16.0	103.5	3.75	1.23
1696101840.0	0.93		29.0	16.13	63.2	0	0	1005.68	23.48	16.0	103.5	3.63	1.18
1696101900.0	0.93		29.0	16.13	63.0	0	0	1005.67	23.5	16.0	103.5	3.5	1.13
1696101960.0	0.93		29.2	16.13	63.0	0	0	1005.66	23.5	16.0	103.5	3.5	1.14
1696102020.0	0.93		29.4	16.13	63.0	0	0	1005.66	23.5	16.0	103.5	3.5	1.15
1696102080.0	0.94		29.6	16.13	63.0	0	0	1005.65	23.5	16.0	26.0	3.5	1.16
1696102140.0	0.94		29.8	16.13	63.0	0	0	1005.64	23.5	16.0	26.0	3.5	1.18
1696102200.0	0.94		30.0	16.13	63.0	0	0	1005.64	23.5	16.0	26.0	3.5	1.19
1696102260.0	0.94		37.6	16.14	63.2	0	0	1005.63	23.48	16.0	26.0	3.66	1.21
1696102320.0	0.94		45.2	16.15	63.4	0	0	1005.63	23.45	16.0	26.0	3.83	1.24
1696102380.0	0.9	0.9	52.8	16.16	63.6	0	0	1005.62	23.43	16.0	17.69	3.99	1.26
1696102440.0	0.9	0.9	60.4	16.18	63.8	0	0	1005.61	23.4	16.0	17.69	4.15	1.29
1696102500.0	0.9	0.9	68.0	16.19	64.0	0	0	1005.61	23.38	16.0	17.69	4.31	1.31
1696102560.0	0.9	0.9	67.8	16.23	64.2	0	0	1005.6	23.38	16.0	17.69	4.38	1.33
1696102620.0	0.9	0.9	67.6	16.26	64.4	0	0	1005.59	23.38	16.0	17.69	4.44	1.34
1696102680.0	0.89	0.89	67.4	16.3	64.6	0	0	1005.59	23.38	16.0	9.38	4.5	1.35
1696102740.0	0.89	0.89	67.2	16.34	64.8	0	0	1005.58	23.38	16.0	9.38	4.56	1.36
1696102800.0	0.89	0.89	67.0	16.38	65.0	0	0	1005.57	23.38	16.0	9.38	4.63	1.38
1696102860.0	0.89	0.89	67.0	16.34	64.8	0	0	1005.57	23.43	16.0	9.38	4.46	1.3
1696102920.0	0.89	0.89	67.0	16.3	64.6	0	0	1005.56	23.48	16.0	9.38	4.3	1.23
1696102980.0	0.92	0.92	67.0	16.26	64.4	0	0	1005.55	23.53	16.0	35.38	4.14	1.15
1696103040.0	0.92	0.92	67.0	16.23	64.2	0	0	1005.55	23.58	16.0	35.38	3.98	1.08
1696103100.0	0.92	0.92	67.0	16.19	64.0	0	0	1005.54	23.63	16.0	35.38	3.81	1.0
1696103160.0	0.92	0.92	66.8	16.19	64.0	0	0	1005.53	23.63	16.0	35.38	3.81	1.0
1696103220.0	0.92	0.92	66.6	16.19	64.0	0	0	1005.53	23.63	16.0	35.38	3.81	1.0
1696103280.0	0.92	0.92	66.4	16.19	64.0	0	0	1005.52	23.63	16.0	35.0	3.81	1.0
1696103340.0	0.92	0.92	66.2	16.19	64.0	0	0	1005.52	23.63	16.0	35.0	3.81	1.0
1696103400.0	0.92	0.92	66.0	16.19	64.0	0	0	1005.51	23.63	16.0	35.0	3.81	1.0
1696103460.0	0.92	0.92	65.8	16.19	63.8	0	0	1005.5	23.64	16.0	35.0	3.83	1.02
1696103520.0	0.92	0.92	65.6	16.19	63.6	0	0	1005.5	23.65	16.0	35.0	3.84	1.05
1696103580.0	0.94	0.94	65.4	16.19	63.4	0	0	1005.49	23.66	16.0	43.31	3.85	1.08
1696103640.0	0.94	0.94	65.2	16.19	63.2	0	0	1005.48	23.68	16.0	43.31	3.86	1.1
1696103700.0	0.94	0.94	65.0	16.19	63.0	0	0	1005.48	23.69	16.0	43.31	3.88	1.13
1696103760.0	0.94	0.94	65.0	16.19	63.2	0	0	1005.47	23.68	16.0	43.31	3.88	1.1
1696103820.0	0.94	0.94	65.0	16.19	63.4	0	0	1005.46	23.66	16.0	43.31	3.88	1.08
1696103880.0	0.93	0.93	65.0	16.19	63.6	0	0	1005.46	23.65	16.0	79.19	3.88	1.05
1696103940.0	0.93	0.93	65.0	16.19	63.8	0	0	1005.45	23.64	16.0	79.19	3.88	1.02
1696104000.0	0.93	0.93	65.0	16.19	64.0	0	0	1005.44	23.63	16.0	79.19	3.88	1.0
1696104060.0	0.93	0.93	64.4	16.21	63.8	0	0	1005.44	23.64	16.0	79.19	3.78	0.96
1696104120.0	0.93	0.93	63.8	16.24	63.6	0	0	1005.44	23.65	16.0	79.19	3.68	0.93
1696104180.0	0.94	0.94	63.2	16.26	63.4	0	0	1005.43	23.66	16.0	70.38	3.58	0.89
1696104240.0	0.94	0.94	62.6	16.29	63.2	0	0	1005.43	23.68	16.0	70.38	3.48	0.85
1696104300.0	0.94	0.94	62.0	16.31	63.0	0	0	1005.43	23.69	16.0	70.38	3.38	0.81
1696104360.0	0.94	0.94	61.4	16.31	63.0	0	0	1005.42	23.69	16.0	70.38	3.38	0.85
1696104420.0	0.94	0.94	60.8	16.31	63.0	0	0	1005.42	23.69	16.0	70.38	3.38	0.89
1696104480.0	0.95	0.95	60.2	16.31	63.0	0	0	1005.42	23.69	16.0	59.5	3.38	0.93
1696104540.0	0.95	0.95	59.6	16.31	63.0	0	0	1005.41	23.69	16.0	59.5	3.38	0.96
1696104600.0	0.95	0.95	59.0	16.31	63.0	0	0	1005.41	23.69	16.0	59.5	3.38	1.0
1696104660.0	0.95	0.95	58.4	16.29	63.0	0	0	1005.41	23.69	16.0	59.5	3.3	1.0
1696104720.0	0.95	0.95	57.8	16.26	63.0	0	0	1005.4	23.69	16.0	59.5	3.23	1.0
1696104780.0	0.96	0.96	57.2	16.24	63.0	0	0	1005.4	23.69	16.0	342.38	3.15	1.0
1696104840.0	0.96	0.96	56.6	16.21	63.0	0	0	1005.4	23.69	16.0	342.38	3.08	1.0
1696104900.0	0.96	0.96	56.0	16.19	63.0	0	0	1005.39	23.69	16.0	342.38	3.0	1.0
1696104960.0	0.96	0.96	55.4	16.18	62.8	0	0	1005.39	23.71	16.0	342.38	3.2	1.06
1696105020.0	0.96	0.96	54.8	16.16	62.6	0	0	1005.39	23.74	16.0	342.38	3.4	1.13
1696105080.0	0.97	0.97	54.2	16.15	62.4	0	0	1005.38	23.76	16.0	323.63	3.6	1.19
1696105140.0	0.97	0.97	53.6	16.14	62.2	0	0	1005.38	23.79	16.0	323.63	3.8	1.25
1696105200.0	0.97	0.97	53.0	16.13	62.0	0	0	1005.38	23.81	16.0	323.63	4.0	1.31
1696105260.0	0.97	0.97	52.4	16.13	62.0	0	0	1005.37	23.79	16.0	323.63	3.94	1.33
1696105320.0	0.97	0.97	51.8	16.13	62.0	0	0	1005.37	23.76	16.0	323.63	3.88	1.34
1696105380.0	0.97		51.2	16.13	62.0	0	0	1005.37	23.74	16.0	323.88	3.81	1.35
1696105440.0	0.97		50.6	16.13	62.0	0	0	1005.36	23.71	16.0	323.88	3.75	1.36
1696105500.0	0.97		50.0	16.13	62.0	0	0	1005.36	23.69	16.0	323.88	3.69	1.38
1696105560.0	0.97		48.0	16.1	62.0	0	0	1005.36	23.69	16.0	323.88	3.73	1.34
1696105620.0	0.97		46.0	16.08	62.0	0	0	1005.35	23.69	16.0	323.88	3.76	1.3
1696105680.0	0.97		44.0	16.05	62.0	0	0	1005.35	23.69	16.0	31.0	3.8	1.26
1696105740.0	0.97		42.0	16.02	62.0	0	0	1005.35	23.69	16.0	31.0	3.84	1.23
1696105800.0	0.97		40.0	16.0	62.0	0	0	1005.34	23.69	16.0	31.0	3.88	1.19
1696105860.0	0.97		38.8	16.02	62.2	0	0	1005.34	23.69	16.0	31.0	3.93	1.18
1696105920.0	0.97		37.6	16.05	62.4	0	0	1005.34	23.69	16.0	31.0	3.98	1.16
1696105980.0	0.95		36.4	16.08	62.6	0	0	1005.33	23.69	16.0	43.38	4.03	1.15
1696106040.0	0.95		35.2	16.1	62.8	0	0	1005.33	23.69	16.0	43.38	4.08	1.14
1696106100.0	0.95		34.0	16.13	63.0	0	0	1005.33	23.69	16.0	43.38	4.13	1.13
1696106160.0	0.95		33.0	16.1	62.8	0	0	1005.32	23.71	16.0	43.38	4.0	1.08
1696106220.0	0.95		32.0	16.08	62.6	0	0	1005.32	23.74	16.0	43.38	3.88	1.02
1696106280.0	0.99		31.0	16.05	62.4	0	0	1005.32	23.76	16.0	9.69	3.75	0.98
1696106340.0	0.99		30.0	16.02	62.2	0	0	1005.31	23.79	16.0	9.69	3.63	0.93
1696106400.0	0.99		29.0	16.0	62.0	0	0	1005.31	23.81	16.0	9.69	3.5	0.88
1696106460.0	0.99		28.0	16.0	62.0	0	0	1005.31	23.79	16.0	9.69	3.64	0.93
1696106520.0	0.99		27.0	16.0	62.0	0	0	1005.3	23.76	16.0	9.69	3.78	0.98
1696106580.0	0.96		26.0	16.0	62.0	0	0	1005.3	23.74	16.0	10.0	3.91	1.02
1696106640.0	0.96		25.0	16.0	62.0	0	0	1005.3	23.71	16.0	10.0	4.05	1.08
1696106700.0	0.96		24.0	16.0	62.0	0	0	1005.29	23.69	16.0	10.0	4.19	1.13
1696106760.0	0.96		23.0	16.0	62.2	0	0	1005.29	23.69	16.0	10.0	4.33	1.18
1696106820.0	0.96		22.0	16.0	62.4	0	0	1005.29	23.69	16.0	10.0	4.46	1.23
1696106880.0	0.96		21.0	16.0	62.6	0	0	1005.28	23.69	16.0	46.81	4.6	1.27
1696106940.0	0.96		20.0	16.0	62.8	0	0	1005.28	23.69	16.0	46.81	4.74	1.33
1696107000.0	0.96		19.0	16.0	63.0	0	0	1005.28	23.69	16.0	46.81	4.88	1.38
1696107060.0	0.96		18.0	16.02	63.2	0	0	1005.27	23.68	16.0	46.81	4.74	1.34
1696107120.0	0.96		17.0	16.05	63.4	0	0	1005.27	23.66	16.0	46.81	4.6	1.3
1696107180.0	0.93		16.0	16.08	63.6	0	0	1005.27	23.65	16.0	28.69	4.46	1.26
1696107240.0	0.93		15.0	16.1	63.8	0	0	1005.26	23.64	16.0	28.69	4.33	1.23
1696107300.0	0.93		14.0	16.13	64.0	0	0	1005.26	23.63	16.0	28.69	4.19	1.19
1696107360.0	0.93		12.8	16.13	63.8	0	0	1005.26	23.64	16.0	28.69	3.93	1.13
1696107420.0	0.93		11.6	16.13	63.6	0	0	1005.25	23.65	16.0	28.69	3.66	1.06
1696107480.0			10.4	16.13	63.4	0	0	1005.25	23.66	16.0	57.69	3.4	1.0
1696107540.0			9.2	16.13	63.2	0	0	1005.25	23.68	16.0	57.69	3.14	0.94
1696107600.0			8.0	16.13	63.0	0	0	1005.24	23.69	16.0	57.69	2.88	0.88
1696107660.0			8.0	16.1	63.0	0	0	1005.25	23.69	16.0	57.69	3.0	0.9
1696107720.0			8.0	16.08	63.0	0	0	1005.26	23.69	16.0	57.69	3.13	0.93
1696107780.0			8.0	16.05	63.0	0	0	1005.27	23.69	16.0	17.88	3.25	0.95
1696107840.0			8.0	16.02	63.0	0	0	1005.28	23.69	16.0	17.88	3.38	0.98
1696107900.0			8.0	16.0	63.0	0	0	1005.3	23.69	16.0	17.88	3.5	1.0
1696107960.0			7.8	16.04	63.2	0	0	1005.31	23.69	16.0	17.88	3.48	1.0
1696108020.0			7.6	16.08	63.4	0	0	1005.32	23.69	16.0	17.88	3.45	1.0
1696108080.0			7.4	16.11	63.6	0	0	1005.33	23.69	16.0	44.38	3.43	1.0
1696108140.0			7.2	16.15	63.8	0	0	1005.34	23.69	16.0	44.38	3.4	1.0
1696108200.0			7.0	16.19	64.0	0	0	1005.35	23.69	16.0	44.38	3.38	1.0
1696108260.0			6.8	16.18	63.8	0	0	1005.36	23.69	16.0	44.38	3.2	0.98
1696108320.0			6.6	16.16	63.6	0	0	1005.37	23.69	16.0	44.38	3.03	0.95
1696108380.0			6.4	16.15	63.4	0	0	1005.38	23.69	16.0	40.88	2.85	0.93
1696108440.0			6.2	16.14	63.2	0	0	1005.39	23.69	16.0	40.88	2.68	0.9
1696108500.0			6.0	16.13	63.0	0	0	1005.4	23.69	16.0	40.88	2.5	0.88
1696108560.0			6.0	16.1	63.0	0	0	1005.41	23.69	16.0	40.88	2.5	0.88
1696108620.0			6.0	16.08	63.0	0	0	1005.42	23.69	16.0	40.88	2.5	0.88
1696108680.0			6.0	16.05	63.0	0	0	1005.43	23.69	16.0	36.19	2.5	0.88
1696108740.0			6.0	16.02	63.0	0	0	1005.44	23.69	16.0	36.19	2.5	0.88
1696108800.0			6.0	16.0	63.0	0	0	1005.45	23.69	16.0	36.19	2.5	0.88
1696108860.0			19.6	15.96	62.6	0	0	1005.46	23.68	16.0	36.19	2.96	1.0
1696108920.0			33.2	15.93	62.2	0	0	1005.47	23.66	16.0	36.19	3.43	1.13
1696108980.0	1.0	1.0	46.8	15.89	61.8	0	0	1005.48	23.65	16.0	27.38	3.89	1.25
1696109040.0	1.0	1.0	60.4	15.85	61.4	0	0	1005.49	23.64	16.0	27.38	4.35	1.38
1696109100.0	1.0	1.0	74.0	15.81	61.0	0	0	1005.5	23.63	16.0	27.38	4.81	1.5
1696109160.0	1.0	1.0	73.2	15.81	61.2	0	0	1005.51	23.63	16.0	27.38	4.81	1.5
1696109220.0	1.0	1.0	72.4	15.81	61.4	0	0	1005.52	23.63	16.0	27.38	4.81	1.5
1696109280.0	0.99	0.99	71.6	15.81	61.6	0	0	1005.53	23.63	16.0	27.88	4.81	1.5
1696109340.0	0.99	0.99	70.8	15.81	61.8	0	0	1005.54	23.63	16.0	27.88	4.81	1.5
1696109400.0	0.99	0.99	70.0	15.81	62.0	0	0	1005.55	23.63	16.0	27.88	4.81	1.5
1696109460.0	0.99	0.99	69.2	15.81	62.0	0	0	1005.56	23.63	16.0	27.88	4.69	1.48
1696109520.0	0.99	0.99	68.4	15.81	62.0	0	0	1005.57	23.63	16.0	27.88	4.56	1.45
1696109580.0	0.98	0.98	67.6	15.81	62.0	0	0	1005.58	23.63	16.0	53.63	4.44	1.43
1696109640.0	0.98	0.98	66.8	15.81	62.0	0	0	1005.59	23.63	16.0	53.63	4.31	1.4
1696109700.0	0.98	0.98	66.0	15.81	62.0	0	0	1005.6	23.63	16.0	53.63	4.19	1.38
1696109760.0	0.98	0.98	65.2	15.89	62.4	0	0	1005.61	23.63	16.0	53.63	4.19	1.33
1696109820.0	0.98	0.98	64.4	15.96	62.8	0	0	1005.62	23.63	16.0	53.63	4.19	1.27
1696109880.0	0.93	0.93	63.6	16.04	63.2	0	0	1005.63	23.63	16.0	27.31	4.19	1.23
1696109940.0	0.93	0.93	62.8	16.11	63.6	0	0	1005.64	23.63	16.0	27.31	4.19	1.18
1696110000.0	0.93	0.93	62.0	16.19	64.0	0	0	1005.66	23.63	16.0	27.31	4.19	1.13
1696110060.0	0.93	0.93	61.2	16.19	64.0	0	0	1005.67	23.63	16.0	27.31	3.69	1.06
1696110120.0	0.93	0.93	60.4	16.19	64.0	0	0	1005.68	23.63	16.0	27.31	3.19	1.0
1696110180.0	0.93	0.93	59.6	16.19	64.0	0	0	1005.69	23.63	16.0	95.13	2.69	0.94
1696110240.0	0.93	0.93	58.8	16.19	64.0	0	0	1005.7	23.63	16.0	95.13	2.19	0.88
1696110300.0	0.93	0.93	58.0	16.19	64.0	0	0	1005.71	23.63	16.0	95.13	1.69	0.81
1696110360.0	0.93	0.93	57.2	16.21	64.0	0	0	1005.72	23.6	16.0	95.13	1.69	0.73
1696110420.0	0.93	0.93	56.4	16.24	64.0	0	0	1005.73	23.58	16.0	95.13	1.69	0.64
1696110480.0	0.91	0.91	55.6	16.26	64.0	0	0	1005.74	23.55	16.0	82.88	1.69	0.55
1696110540.0	0.91	0.91	54.8	16.29	64.0	0	0	1005.75	23.53	16.0	82.88	1.69	0.46
1696110600.0	0.91	0.91	54.0	16.31	64.0	0	0	1005.76	23.5	16.0	82.88	1.69	0.38
1696110660.0	0.91	0.91	53.0	16.25	64.2	0	0	1005.77	23.43	16.0	82.88	1.69	0.38
1696110720.0	0.91	0.91	52.0	16.19	64.4	0	0	1005.78	23.35	16.0	82.88	1.69	0.38
1696110780.0	0.9		51.0	16.13	64.6	0	0	1005.79	23.28	16.0	58.38	1.69	0.38
1696110840.0	0.9		50.0	16.06	64.8	0	0	1005.8	23.2	16.0	58.38	1.69	0.38
1696110900.0	0.9		49.0	16.0	65.0	0	0	1005.81	23.13	16.0	58.38	1.69	0.38
1696110960.0	0.9		48.2	16.0	65.0	0	0	1005.82	23.1	16.0	58.38	1.55	0.38
1696111020.0	0.9		47.4	16.0	65.0	0	0	1005.83	23.08	16.0	58.38	1.41	0.38
1696111080.0	0.89		46.6	16.0	65.0	0	0	1005.84	23.05	16.0	59.19	1.27	0.38
1696111140.0	0.89		45.8	16.0	65.0	0	0	1005.85	23.03	16.0	59.19	1.14	0.38
1696111200.0	0.89		45.0	16.0	65.0	0	0	1005.86	23.0	16.0	59.19	1.0	0.38
1696111260.0	0.89		44.4	16.02	65.0	0	0	1005.85	23.0	16.0	59.19	1.0	0.34
1696111320.0	0.89		43.8	16.05	65.0	0	0	1005.84	23.0	16.0	59.19	1.0	0.3
1696111380.0	0.87		43.2	16.08	65.0	0	0	1005.83	23.0	16.0	34.5	1.0	0.26
1696111440.0	0.87		42.6	16.1	65.0	0	0	1005.83	23.0	16.0	34.5	1.0	0.23
1696111500.0	0.87		42.0	16.13	65.0	0	0	1005.82	23.0	16.0	34.5	1.0	0.19
1696111560.0	0.87		41.4	16.16	65.2	0	0	1005.81	23.0	16.0	34.5	0.93	0.18
1696111620.0	0.87		40.8	16.2	65.4	0	0	1005.8	23.0	16.0	34.5	0.85	0.16
1696111680.0	0.86		40.2	16.24	65.6	0	0	1005.79	23.0	16.0	38.0	0.78	0.15
1696111740.0	0.86		39.6	16.27	65.8	0	0	1005.78	23.0	16.0	38.0	0.7	0.14
1696111800.0	0.86		39.0	16.31	66.0	0	0	1005.77	23.0	16.0	38.0	0.63	0.13
1696111860.0	0.86		38.4	16.33	66.0	0	0	1005.77	23.0	16.0	38.0	0.6	0.13
1696111920.0	0.86		37.8	16.34	66.0	0	0	1005.76	23.0	16.0	38.0	0.57	0.13
1696111980.0	0.84		37.2	16.35	66.0	0	0	1005.75	23.0	16.0	41.88	0.55	0.13
1696112040.0	0.84		36.6	16.36	66.0	0	0	1005.74	23.0	16.0	41.88	0.53	0.13
1696112100.0	0.84		36.0	16.38	66.0	0	0	1005.73	23.0	16.0	41.88	0.5	0.13
1696112160.0	0.84		35.4	16.36	66.2	0	0	1005.72	22.94	16.0	41.88	0.68	0.13
1696112220.0	0.84		34.8	16.35	66.4	0	0	1005.71	22.88	16.0	41.88	0.85	0.13
1696112280.0	0.81		34.2	16.34	66.6	0	0	1005.71	22.81	16.0	46.13	1.02	0.13
1696112340.0	0.81		33.6	16.33	66.8	0	0	1005.7	22.75	16.0	46.13	1.2	0.13
1696112400.0	0.81		33.0	16.31	67.0	0	0	1005.69	22.69	16.0	46.13	1.38	0.13
1696112460.0	0.81		32.4	16.29	67.0	0	0	1005.68	22.68	16.0	46.13	1.36	0.16
1696112520.0	0.81		31.8	16.26	67.0	0	0	1005.67	22.66	16.0	46.13	1.35	0.2
1696112580.0	0.82		31.2	16.24	67.0	0	0	1005.66	22.65	16.0	103.81	1.34	0.24
1696112640.0	0.82		30.6	16.21	67.0	0	0	1005.65	22.64	16.0	103.81	1.33	0.28
1696112700.0	0.82		30.0	16.19	67.0	0	0	1005.65	22.63	16.0	103.81	1.31	0.31
1696112760.0	0.82		34.2	16.21	67.2	0	0	1005.64	22.63	16.0	103.81	1.33	0.31
1696112820.0	0.82		38.4	16.24	67.4	0	0	1005.63	22.63	16.0	103.81	1.34	0.31
1696112880.0	0.8	0.8	42.6	16.26	67.6	0	0	1005.62	22.63	16.0	63.63	1.35	0.31
1696112940.0	0.8	0.8	46.8	16.29	67.8	0	0	1005.61	22.63	16.0	63.63	1.36	0.31
1696113000.0	0.8	0.8	51.0	16.31	68.0	0	0	1005.6	22.63	16.0	63.63	1.38	0.31
1696113060.0	0.8	0.8	50.0	16.33	68.0	0	0	1005.59	22.63	16.0	63.63	1.36	0.29
1696113120.0	0.8	0.8	49.0	16.34	68.0	0	0	1005.59	22.63	16.0	63.63	1.35	0.26
1696113180.0	0.79		48.0	16.35	68.0	0	0	1005.58	22.63	16.0	66.63	1.34	0.24
1696113240.0	0.79		47.0	16.36	68.0	0	0	1005.57	22.63	16.0	66.63	1.33	0.21
1696113300.0	0.79		46.0	16.38	68.0	0	0	1005.56	22.63	16.0	66.63	1.31	0.19
1696113360.0	0.79		44.8	16.34	68.0	0	0	1005.55	22.56	16.0	66.63	1.31	0.21
1696113420.0	0.79		43.6	16.3	68.0	0	0	1005.54	22.5	16.0	66.63	1.31	0.24
1696113480.0	0.78		42.4	16.26	68.0	0	0	1005.53	22.44	16.0	14.0	1.31	0.26
1696113540.0	0.78		41.2	16.23	68.0	0	0	1005.52	22.38	16.0	14.0	1.31	0.29
1696113600.0	0.78		40.0	16.19	68.0	0	0	1005.52	22.31	16.0	14.0	1.31	0.31
1696113660.0	0.78		39.0	16.23	68.4	0	0	1005.51	22.31	16.0	14.0	1.31	0.31
1696113720.0	0.78		38.0	16.26	68.8	0	0	1005.5	22.31	16.0	14.0	1.31	0.31
1696113780.0	0.74		37.0	16.3	69.2	0	0	1005.49	22.31	16.0	16.31	1.31	0.31
1696113840.0	0.74		36.0	16.34	69.6	0	0	1005.48	22.31	16.0	16.31	1.31	0.31
1696113900.0	0.74		35.0	16.38	70.0	0	0	1005.47	22.31	16.0	16.31	1.31	0.31
1696113960.0	0.74		33.8	16.4	70.0	0	0	1005.46	22.29	16.0	16.31	1.18	0.25
1696114020.0	0.74		32.6	16.43	70.0	0	0	1005.46	22.26	16.0	16.31	1.04	0.19
1696114080.0	0.73		31.4	16.45	70.0	0	0	1005.45	22.24	16.0	72.63	0.9	0.13
1696114140.0	0.73		30.2	16.48	70.0	0	0	1005.44	22.21	16.0	72.63	0.76	0.06
1696114200.0	0.73		29.0	16.5	70.0	0	0	1005.43	22.19	16.0	72.63	0.63	0.0
1696114260.0	0.73		27.8	16.5	70.2	0	0	1005.42	22.15	16.0	72.63	0.56	0.0
1696114320.0	0.73		26.6	16.5	70.4	0	0	1005.41	22.11	16.0	72.63	0.5	0.0
1696114380.0	0.71		25.4	16.5	70.6	0	0	1005.4	22.08	16.0	76.69	0.44	0.0
1696114440.0	0.71		24.2	16.5	70.8	0	0	1005.4	22.04	16.0	76.69	0.38	0.0
1696114500.0	0.71		23.0	16.5	71.0	0	0	1005.39	22.0	16.0	76.69	0.31	0.0
1696114560.0	0.71		22.0	16.52	71.2	0	0	1005.38	22.0	16.0	76.69	0.29	0.0
1696114620.0	0.71		21.0	16.55	71.4	0	0	1005.37	22.0	16.0	76.69	0.26	0.0
1696114680.0	0.68		20.0	16.58	71.6	0	0	1005.36	22.0	16.0	80.63	0.24	0.0
1696114740.0	0.68		19.0	16.6	71.8	0	0	1005.35	22.0	16.0	80.63	0.21	0.0
1696114800.0	0.68		18.0	16.63	72.0	0	0	1005.34	22.0	16.0	80.63	0.19	0.0
1696114860.0	0.68		19.2	16.63	72.0	0	0	1005.35	22.0	16.0	80.63	0.15	0.0
1696114920.0	0.68		20.4	16.63	72.0	0	0	1005.36	22.0	16.0	80.63	0.11	0.0
1696114980.0	0.68		21.6	16.63	72.0	0	0	1005.37	22.0	16.0	81.31	0.08	0.0
1696115040.0	0.68		22.8	16.63	72.0	0	0	1005.38	22.0	16.0	81.31	0.04	0.0
1696115100.0	0.68		24.0	16.63	72.0	0	0	1005.4	22.0	16.0	81.31	0.0	0.0
1696115160.0	0.68		25.2	16.63	72.0	0	0	1005.41	22.0	16.0	81.31	0.0	0.0
1696115220.0	0.68		26.4	16.63	72.0	0	0	1005.42	22.0	16.0	81.31	0.0	0.0
1696115280.0	0.68		27.6	16.63	72.0	0	0	1005.43	22.0	16.0	81.88	0.0	0.0
1696115340.0	0.68		28.8	16.63	72.0	0	0	1005.44	22.0	16.0	81.88	0.0	0.0
1696115400.0	0.68		30.0	16.63	72.0	0	0	1005.45	22.0	16.0	81.88	0.0	0.0
1696115460.0	0.68		31.4	16.64	72.2	0	0	1005.46	21.98	16.0	81.88	0.0	0.0
1696115520.0	0.68		32.8	16.65	72.4	0	0	1005.47	21.95	16.0	81.88	0.0	0.0
1696115580.0	0.65		34.2	16.66	72.6	0	0	1005.48	21.93	16.0	82.5	0.0	0.0
1696115640.0	0.65		35.6	16.68	72.8	0	0	1005.49	21.9	16.0	82.5	0.0	0.0
1696115700.0	0.65		37.0	16.69	73.0	0	0	1005.5	21.88	16.0	82.5	0.0	0.0
1696115760.0	0.65		38.2	16.69	73.0	0	0	1005.51	21.88	16.0	82.5	0.0	0.0
1696115820.0	0.65		39.4	16.69	73.0	0	0	1005.52	21.88	16.0	82.5	0.0	0.0
1696115880.0	0.65		40.6	16.69	73.0	0	0	1005.53	21.88	16.0	83.13	0.0	0.0
1696115940.0	0.65		41.8	16.69	73.0	0	0	1005.54	21.88	16.0	83.13	0.0	0.0
1696116000.0	0.65		43.0	16.69	73.0	0	0	1005.55	21.88	16.0	83.13	0.0	0.0
1696116060.0	0.65		43.6	16.65	73.0	0	0	1005.56	21.8	16.0	83.13	0.13	0.03
1696116120.0	0.65		44.2	16.61	73.0	0	0	1005.57	21.73	16.0	83.13	0.25	0.05
1696116180.0	0.63		44.8	16.58	73.0	0	0	1005.58	21.65	16.0	41.63	0.38	0.08
1696116240.0	0.63		45.4	16.54	73.0	0	0	1005.59	21.58	16.0	41.63	0.5	0.1
1696116300.0	0.63		46.0	16.5	73.0	0	0	1005.6	21.5	16.0	41.63	0.63	0.13
1696116360.0	0.63		47.4	16.52	73.2	0	0	1005.61	21.5	16.0	41.63	0.68	0.14
1696116420.0	0.63		48.8	16.55	73.4	0	0	1005.62	21.5	16.0	41.63	0.73	0.15
1696116480.0	0.61	0.61	50.2	16.58	73.6	0	0	1005.63	21.5	16.0	17.31	0.78	0.16
1696116540.0	0.61	0.61	51.6	16.6	73.8	0	0	1005.64	21.5	16.0	17.31	0.83	0.18
1696116600.0	0.61	0.61	53.0	16.63	74.0	0	0	1005.65	21.5	16.0	17.31	0.88	0.19
1696116660.0	0.61	0.61	54.6	16.64	74.2	0	0	1005.66	21.5	16.0	17.31	0.93	0.23
1696116720.0	0.61	0.61	56.2	16.65	74.4	0	0	1005.67	21.5	16.0	17.31	0.98	0.26
1696116780.0	0.59	0.59	57.8	16.66	74.6	0	0	1005.68	21.5	16.0	46.63	1.02	0.3
1696116840.0	0.59	0.59	59.4	16.68	74.8	0	0	1005.69	21.5	16.0	46.63	1.08	0.34
1696116900.0	0.59	0.59	61.0	16.69	75.0	0	0	1005.7	21.5	16.0	46.63	1.13	0.38
1696116960.0	0.59	0.59	62.4	16.61	75.0	0	0	1005.71	21.43	16.0	46.63	0.93	0.3
1696117020.0	0.59	0.59	63.8	16.54	75.0	0	0	1005.72	21.35	16.0	46.63	0.73	0.23
1696117080.0	0.59	0.59	65.2	16.46	75.0	0	0	1005.73	21.28	16.0	50.63	0.52	0.15
1696117140.0	0.59	0.59	66.6	16.39	75.0	0	0	1005.74	21.2	16.0	50.63	0.32	0.08
1696117200.0	0.59	0.59	68.0	16.31	75.0	0	0	1005.76	21.13	16.0	50.63	0.13	0.0
1696117260.0	0.59	0.59	69.6	16.33	75.0	0	0	1005.77	21.13	16.0	50.63	0.13	0.0
1696117320.0	0.59	0.59	71.2	16.34	75.0	0	0	1005.78	21.13	16.0	50.63	0.13	0.0
1696117380.0	0.58	0.58	72.8	16.35	75.0	0	0	1005.79	21.13	16.0	53.63	0.13	0.0
1696117440.0	0.58	0.58	74.4	16.36	75.0	0	0	1005.8	21.13	16.0	53.63	0.13	0.0
1696117500.0	0.58	0.58	76.0	16.38	75.0	0	0	1005.81	21.13	16.0	53.63	0.13	0.0
1696117560.0	0.58	0.58	77.4	16.38	75.0	0	0	1005.82	21.13	16.0	53.63	0.13	0.0
1696117620.0	0.58	0.58	78.8	16.38	75.0	0	0	1005.83	21.13	16.0	53.63	0.13	0.0
1696117680.0	0.57	0.57	80.2	16.38	75.0	0	0	1005.84	21.13	16.0	56.63	0.13	0.0
1696117740.0	0.57	0.57	81.6	16.38	75.0	0	0	1005.85	21.13	16.0	56.63	0.13	0.0
1696117800.0	0.57	0.57	83.0	16.38	75.0	0	0	1005.86	21.13	16.0	56.63	0.13	0.0
1696117860.0	0.57	0.57	84.6	16.38	75.2	0	0	1005.87	21.13	16.0	56.63	0.1	0.0
1696117920.0	0.57	0.57	86.2	16.38	75.4	0	0	1005.88	21.13	16.0	56.63	0.08	0.0
1696117980.0	0.57	0.57	87.8	16.38	75.6	0	0	1005.89	21.13	16.0	59.5	0.05	0.0
1696118040.0	0.57	0.57	89.4	16.38	75.8	0	0	1005.9	21.13	16.0	59.5	0.02	0.0
1696118100.0	0.57	0.57	91.0	16.38	76.0	0	0	1005.91	21.13	16.0	59.5	0.0	0.0
1696118160.0	0.57	0.57	92.4	16.4	76.0	0	0	1005.92	21.13	16.0	59.5	0.0	0.0
1696118220.0	0.57	0.57	93.8	16.43	76.0	0	0	1005.93	21.13	16.0	59.5	0.0	0.0
1696118280.0	0.56	0.56	95.2	16.45	76.0	0	0	1005.94	21.13	16.0	62.31	0.0	0.0
1696118340.0	0.56	0.56	96.6	16.48	76.0	0	0	1005.95	21.13	16.0	62.31	0.0	0.0
1696118400.0	0.56	0.56	98.0	16.5	76.0	0	0	1005.96	21.13	16.0	62.31	0.0	0.0
1696118460.0	0.56	0.56	96.4	16.52	76.2	0	0	1005.98	21.13	16.0	62.31	0.06	0.0
1696118520.0	0.56	0.56	94.8	16.55	76.4	0	0	1005.99	21.13	16.0	62.31	0.13	0.0
1696118580.0	0.54	0.54	93.2	16.58	76.6	0	0	1006.0	21.13	16.0	66.81	0.19	0.0
1696118640.0	0.54	0.54	91.6	16.6	76.8	0	0	1006.02	21.13	16.0	66.81	0.25	0.0
1696118700.0	0.54	0.54	90.0	16.63	77.0	0	0	1006.03	21.13	16.0	66.81	0.31	0.0
1696118760.0	0.54	0.54	88.4	16.64	77.0	0	0	1006.05	21.13	16.0	66.81	0.39	0.0
1696118820.0	0.54	0.54	86.8	16.65	77.0	0	0	1006.06	21.13	16.0	66.81	0.46	0.0
1696118880.0	0.54	0.54	85.2	16.66	77.0	0	0	1006.08	21.13	16.0	71.5	0.54	0.0
1696118940.0	0.54	0.54	83.6	16.68	77.0	0	0	1006.09	21.13	16.0	71.5	0.61	0.0
1696119000.0	0.54	0.54	82.0	16.69	77.0	0	0	1006.11	21.13	16.0	71.5	0.69	0.0
1696119060.0	0.54	0.54	80.2	16.69	77.0	0	0	1006.12	21.1	16.0	71.5	0.83	0.0
1696119120.0	0.54	0.54	78.4	16.69	77.0	0	0	1006.13	21.08	16.0	71.5	0.96	0.0
1696119180.0	0.53	0.53	76.6	16.69	77.0	0	0	1006.15	21.05	15.99	76.38	1.1	0.0
1696119240.0	0.53	0.53	74.8	16.69	77.0	0	0	1006.16	21.03	15.99	76.38	1.24	0.0
1696119300.0	0.53	0.53	73.0	16.69	77.0	0	0	1006.18	21.0	15.99	76.38	1.38	0.0
1696119360.0	0.53	0.53	71.4	16.69	77.0	0	0	1006.19	21.0	15.99	76.38	1.38	0.0
1696119420.0	0.53	0.53	69.8	16.69	77.0	0	0	1006.21	21.0	15.99	76.38	1.38	0.0
1696119480.0	0.53	0.53	68.2	16.69	77.0	0	0	1006.22	21.0	15.99	81.31	1.38	0.0
1696119540.0	0.53	0.53	66.6	16.69	77.0	0	0	1006.24	21.0	15.99	81.31	1.38	0.0
1696119600.0	0.53	0.53	65.0	16.69	77.0	0	0	1006.25	21.0	15.99	81.31	1.38	0.0
1696119660.0	0.53	0.53	63.4	16.69	77.0	0	0	1006.27	21.0	15.99	81.31	1.24	0.0
1696119720.0	0.53	0.53	61.8	16.69	77.0	0	0	1006.28	21.0	15.99	81.31	1.1	0.0
1696119780.0	0.53	0.53	60.2	16.69	77.0	0	0	1006.29	21.0	15.99	86.31	0.96	0.0
1696119840.0	0.53	0.53	58.6	16.69	77.0	0	0	1006.31	21.0	15.99	86.31	0.83	0.0
1696119900.0	0.53	0.53	57.0	16.69	77.0	0	0	1006.32	21.0	15.99	86.31	0.69	0.0
1696119960.0	0.53	0.53	56.0	16.69	77.0	0	0	1006.34	21.0	15.99	86.31	0.65	0.03
1696120020.0	0.53	0.53	55.0	16.69	77.0	0	0	1006.35	21.0	15.99	86.31	0.61	0.05
1696120080.0	0.54	0.54	54.0	16.69	77.0	0	0	1006.37	21.0	16.0	50.5	0.57	0.08
1696120140.0	0.54	0.54	53.0	16.69	77.0	0	0	1006.38	21.0	16.0	50.5	0.54	0.1
1696120200.0	0.54	0.54	52.0	16.69	77.0	0	0	1006.4	21.0	16.0	50.5	0.5	0.13
1696120260.0	0.54	0.54	51.2	16.68	77.0	0	0	1006.41	20.98	16.0	50.5	0.57	0.14
1696120320.0	0.54	0.54	50.4	16.66	77.0	0	0	1006.42	20.95	16.0	50.5	0.65	0.15
1696120380.0	0.54		49.6	16.65	77.0	0	0	1006.44	20.93	16.0	98.5	0.73	0.16
1696120440.0	0.54		48.8	16.64	77.0	0	0	1006.45	20.9	16.0	98.5	0.8	0.18
1696120500.0	0.54		48.0	16.63	77.0	0	0	1006.47	20.88	16.0	98.5	0.88	0.19
1696120560.0	0.54		47.2	16.63	77.0	0	0	1006.48	20.88	16.0	98.5	0.88	0.19
1696120620.0	0.54		46.4	16.63	77.0	0	0	1006.5	20.88	16.0	98.5	0.88	0.19
1696120680.0	0.53		45.6	16.63	77.0	0	0	1006.51	20.88	16.0	98.69	0.88	0.19
1696120740.0	0.53		44.8	16.63	77.0	0	0	1006.53	20.88	16.0	98.69	0.88	0.19
1696120800.0	0.53		44.0	16.63	77.0	0	0	1006.54	20.88	16.0	98.69	0.88	0.19
1696120860.0	0.53		43.2	16.63	77.0	0	0	1006.55	20.86	16.0	98.69	0.98	0.19
1696120920.0	0.53		42.4	16.63	77.0	0	0	1006.57	20.85	16.0	98.69	1.08	0.19
1696120980.0	0.52		41.6	16.63	77.0	0	0	1006.58	20.84	16.0	104.81	1.18	0.19
1696121040.0	0.52		40.8	16.63	77.0	0	0	1006.6	20.83	16.0	104.81	1.27	0.19
1696121100.0	0.52		40.0	16.63	77.0	0	0	1006.61	20.81	16.0	104.81	1.38	0.19
1696121160.0	0.52		39.0	16.63	77.0	0	0	1006.63	20.81	16.0	104.81	1.38	0.21
1696121220.0	0.52		38.0	16.63	77.0	0	0	1006.64	20.81	16.0	104.81	1.38	0.24
1696121280.0	0.52		37.0	16.63	77.0	0	0	1006.66	20.81	16.0	92.0	1.38	0.26
1696121340.0	0.52		36.0	16.63	77.0	0	0	1006.67	20.81	16.0	92.0	1.38	0.29
1696121400.0	0.52		35.0	16.63	77.0	0	0	1006.69	20.81	16.0	92.0	1.38	0.31
1696121460.0	0.52		34.2	16.56	77.2	0	0	1006.7	20.75	16.0	92.0	1.36	0.31
1696121520.0	0.52		33.4	16.5	77.4	0	0	1006.71	20.69	16.0	92.0	1.35	0.31
1696121580.0	0.52		32.6	16.44	77.6	0	0	1006.73	20.63	16.0	96.13	1.34	0.31
1696121640.0	0.52		31.8	16.38	77.8	0	0	1006.74	20.56	16.0	96.13	1.33	0.31
1696121700.0	0.52		31.0	16.31	78.0	0	0	1006.76	20.5	16.0	96.13	1.31	0.31
1696121760.0	0.52		30.2	16.33	78.0	0	0	1006.77	20.5	16.0	96.13	1.33	0.31
1696121820.0	0.52		29.4	16.34	78.0	0	0	1006.79	20.5	16.0	96.13	1.34	0.31
1696121880.0	0.51		28.6	16.35	78.0	0	0	1006.8	20.5	16.0	96.0	1.35	0.31
1696121940.0	0.51		27.8	16.36	78.0	0	0	1006.82	20.5	16.0	96.0	1.36	0.31
1696122000.0	0.51		27.0	16.38	78.0	0	0	1006.83	20.5	16.0	96.0	1.38	0.31
1696122060.0	0.51		26.6	16.36	78.0	0	0	1006.84	20.48	16.0	96.0	1.38	0.31
1696122120.0	0.51		26.2	16.35	78.0	0	0	1006.84	20.45	16.0	96.0	1.38	0.31
1696122180.0	0.51		25.8	16.34	78.0	0	0	1006.85	20.43	16.0	89.31	1.38	0.31
1696122240.0	0.51		25.4	16.33	78.0	0	0	1006.86	20.4	16.0	89.31	1.38	0.31
1696122300.0	0.51		25.0	16.31	78.0	0	0	1006.86	20.38	16.0	89.31	1.38	0.31
1696122360.0	0.51		24.6	16.33	78.2	0	0	1006.87	20.36	16.0	89.31	1.38	0.29
1696122420.0	0.51		24.2	16.34	78.4	0	0	1006.88	20.35	16.0	89.31	1.38	0.26
1696122480.0	0.48		23.8	16.35	78.6	0	0	1006.89	20.34	16.0	135.19	1.38	0.24
1696122540.0	0.48		23.4	16.36	78.8	0	0	1006.89	20.33	16.0	135.19	1.38	0.21
1696122600.0	0.48		23.0	16.38	79.0	0	0	1006.9	20.31	16.0	135.19	1.38	0.19
1696122660.0	0.48		22.4	16.38	79.0	0	0	1006.91	20.31	16.0	135.19	1.3	0.19
1696122720.0	0.48		21.8	16.38	79.0	0	0	1006.91	20.31	16.0	135.19	1.23	0.19
1696122780.0	0.48		21.2	16.38	79.0	0	0	1006.92	20.31	16.0	99.19	1.15	0.19
1696122840.0	0.48		20.6	16.38	79.0	0	0	1006.93	20.31	16.0	99.19	1.08	0.19
1696122900.0	0.48		20.0	16.38	79.0	0	0	1006.93	20.31	16.0	99.19	1.0	0.19
1696122960.0	0.48		19.6	16.38	79.0	0	0	1006.94	20.31	16.0	99.19	0.94	0.18
1696123020.0	0.48		19.2	16.38	79.0	0	0	1006.95	20.31	16.0	99.19	0.88	0.16
1696123080.0	0.48		18.8	16.38	79.0	0	0	1006.95	20.31	16.0	87.13	0.81	0.15
1696123140.0	0.48		18.4	16.38	79.0	0	0	1006.96	20.31	16.0	87.13	0.75	0.14
1696123200.0	0.48		18.0	16.38	79.0	0	0	1006.97	20.31	16.0	87.13	0.69	0.13
1696123260.0	0.48		17.6	16.38	79.0	0	0	1006.97	20.31	16.0	87.13	0.68	0.13
1696123320.0	0.48		17.2	16.38	79.0	0	0	1006.98	20.31	16.0	87.13	0.66	0.13
1696123380.0	0.48		16.8	16.38	79.0	0	0	1006.99	20.31	16.0	87.63	0.65	0.13
1696123440.0	0.48		16.4	16.38	79.0	0	0	1007.0	20.31	16.0	87.63	0.64	0.13
1696123500.0	0.48		16.0	16.38	79.0	0	0	1007.0	20.31	16.0	87.63	0.63	0.13
1696123560.0	0.48		13.6	16.4	79.0	0	0	1007.01	20.29	16.0	87.63	0.6	0.1
1696123620.0	0.48		11.2	16.43	79.0	0	0	1007.02	20.26	16.0	87.63	0.57	0.08
1696123680.0			8.8	16.45	79.0	0	0	1007.02	20.24	16.0	108.63	0.55	0.05
1696123740.0			6.4	16.48	79.0	0	0	1007.03	20.21	16.0	108.63	0.53	0.02
1696123800.0			4.0	16.5	79.0	0	0	1007.04	20.19	16.0	108.63	0.5	0.0
1696123860.0			4.0	16.46	79.0	0	0	1007.04	20.18	16.0	108.63	0.56	0.0
1696123920.0			4.0	16.43	79.0	0	0	1007.05	20.16	16.0	108.63	0.63	0.0
1696123980.0			4.0	16.39	79.0	0	0	1007.06	20.15	16.0	108.19	0.69	0.0
1696124040.0			4.0	16.35	79.0	0	0	1007.06	20.14	16.0	108.19	0.75	0.0
1696124100.0			4.0	16.31	79.0	0	0	1007.07	20.13	16.0	108.19	0.81	0.0
1696124160.0			4.0	16.31	79.2	0	0	1007.08	20.13	16.0	108.19	0.81	0.0
1696124220.0			4.0	16.31	79.4	0	0	1007.09	20.13	16.0	108.19	0.81	0.0
1696124280.0			4.0	16.31	79.6	0	0	1007.09	20.13	16.0	107.88	0.81	0.0
1696124340.0			4.0	16.31	79.8	0	0	1007.1	20.13	16.0	107.88	0.81	0.0
1696124400.0			4.0	16.31	80.0	0	0	1007.11	20.13	16.0	107.88	0.81	0.0
1696124460.0			4.0	16.31	80.0	0	0	1007.11	20.1	16.0	107.88	0.79	0.0
1696124520.0			4.0	16.31	80.0	0	0	1007.12	20.08	16.0	107.88	0.76	0.0
1696124580.0			4.0	16.31	80.0	0	0	1007.13	20.05	16.0	107.5	0.74	0.0
1696124640.0			4.0	16.31	80.0	0	0	1007.13	20.02	16.0	107.5	0.71	0.0
1696124700.0			4.0	16.31	80.0	0	0	1007.14	20.0	16.0	107.5	0.69	0.0
1696124760.0			4.0	16.25	80.0	0	0	1007.15	19.96	16.0	107.5	0.69	0.0
1696124820.0			4.0	16.19	80.0	0	0	1007.15	19.93	16.0	107.5	0.69	0.0
1696124880.0			4.0	16.13	80.0	0	0	1007.16	19.89	16.0	107.0	0.69	0.0
1696124940.0			4.0	16.06	80.0	0	0	1007.17	19.85	16.0	107.0	0.69	0.0
1696125000.0			4.0	16.0	80.0	0	0	1007.17	19.81	16.0	107.0	0.69	0.0
1696125060.0			4.0	16.0	80.0	0	0	1007.18	19.77	16.0	107.0	0.69	0.04
1696125120.0			4.0	16.0	80.0	0	0	1007.19	19.74	16.0	107.0	0.69	0.08
1696125180.0			4.0	16.0	80.0	0	0	1007.2	19.7	16.0	84.63	0.69	0.11
1696125240.0			4.0	16.0	80.0	0	0	1007.2	19.66	16.0	84.63	0.69	0.15
1696125300.0			4.0	16.0	80.0	0	0	1007.21	19.63	16.0	84.63	0.69	0.19
1696125360.0			4.0	16.0	80.0	0	0	1007.22	19.63	16.0	84.63	0.69	0.15
1696125420.0			4.0	16.0	80.0	0	0	1007.22	19.63	16.0	84.63	0.69	0.11
1696125480.0			4.0	16.0	80.0	0	0	1007.23	19.63	16.0	105.5	0.69	0.08
1696125540.0			4.0	16.0	80.0	0	0	1007.24	19.63	16.0	105.5	0.69	0.04
1696125600.0			4.0	16.0	80.0	0	0	1007.24	19.63	16.0	105.5	0.69	0.0
1696125660.0			3.8	16.0	80.0	0	0	1007.24	19.63	16.0	105.5	0.57	0.0
1696125720.0			3.6	16.0	80.0	0	0	1007.24	19.63	16.0	105.5	0.46	0.0
1696125780.0			3.4	16.0	80.0	0	0	1007.24	19.63	16.0	105.0	0.35	0.0
1696125840.0			3.2	16.0	80.0	0	0	1007.24	19.63	16.0	105.0	0.24	0.0
1696125900.0			3.0	16.0	80.0	0	0	1007.24	19.63	16.0	105.0	0.13	0.0
1696125960.0			3.0	16.02	80.2	0	0	1007.24	19.63	16.0	105.0	0.13	0.0
1696126020.0			3.0	16.05	80.4	0	0	1007.24	19.63	16.0	105.0	0.13	0.0
1696126080.0			3.0	16.08	80.6	0	0	1007.24	19.63	16.0	104.5	0.13	0.0
1696126140.0			3.0	16.1	80.8	0	0	1007.24	19.63	16.0	104.5	0.13	0.0
1696126200.0			3.0	16.13	81.0	0	0	1007.24	19.63	16.0	104.5	0.13	0.0
1696126260.0			3.0	16.13	81.0	0	0	1007.24	19.63	16.0	104.5	0.13	0.0
1696126320.0			3.0	16.13	81.0	0	0	1007.24	19.63	16.0	104.5	0.13	0.0
1696126380.0			3.0	16.13	81.0	0	0	1007.24	19.63	16.0	103.88	0.13	0.0
1696126440.0			3.0	16.13	81.0	0	0	1007.24	19.63	16.0	103.88	0.13	0.0
1696126500.0			3.0	16.13	81.0	0	0	1007.24	19.63	16.0	103.88	0.13	0.0
1696126560.0			2.8	16.13	81.0	0	0	1007.24	19.6	16.0	103.88	0.13	0.0
1696126620.0			2.6	16.13	81.0	0	0	1007.24	19.58	16.0	103.88	0.13	0.0
1696126680.0			2.4	16.13	81.0	0	0	1007.23	19.55	16.0	103.31	0.13	0.0
1696126740.0			2.2	16.13	81.0	0	0	1007.23	19.52	16.0	103.31	0.13	0.0
1696126800.0			2.0	16.13	81.0	0	0	1007.23	19.5	16.0	103.31	0.13	0.0
1696126860.0			2.0	16.13	81.2	0	0	1007.23	19.48	16.0	103.31	0.1	0.0
1696126920.0			2.0	16.13	81.4	0	0	1007.23	19.45	16.0	103.31	0.08	0.0
1696126980.0			2.0	16.13	81.6	0	0	1007.23	19.43	16.0	102.69	0.05	0.0
1696127040.0			2.0	16.13	81.8	0	0	1007.23	19.4	16.0	102.69	0.02	0.0
1696127100.0			2.0	16.13	82.0	0	0	1007.23	19.38	16.0	102.69	0.0	0.0
1696127160.0			1.6	16.08	82.4	0	0	1007.23	19.27	15.95	102.69	0.06	0.04
1696127220.0			1.2	16.02	82.8	0	0	1007.23	19.18	15.89	102.69	0.13	0.08
1696127280.0			0.8	15.98	83.2	0	0	1007.23	19.08	15.84	29.13	0.19	0.11
1696127340.0			0.4	15.93	83.6	0	0	1007.23	18.98	15.79	29.13	0.25	0.15
1696127400.0			0.0	15.88	84.0	0	0	1007.23	18.88	15.74	29.13	0.31	0.19
1696127460.0			0.0	15.86	84.0	0	0	1007.23	18.86	15.73	29.13	0.31	0.19
1696127520.0			0.0	15.85	84.0	0	0	1007.23	18.85	15.72	29.13	0.31	0.19
1696127580.0			0.0	15.84	84.0	0	0	1007.23	18.84	15.71	17.88	0.31	0.19
1696127640.0			0.0	15.83	84.0	0	0	1007.23	18.83	15.7	17.88	0.31	0.19
1696127700.0			0.0	15.81	84.0	0	0	1007.23	18.81	15.69	17.88	0.31	0.19
1696127760.0			0.0	15.83	84.2	0	0	1007.23	18.79	15.68	17.88	0.31	0.19
1696127820.0			0.0	15.84	84.4	0	0	1007.22	18.76	15.68	17.88	0.31	0.19
1696127880.0			0.0	15.85	84.6	0	0	1007.22	18.74	15.67	13.69	0.31	0.19
1696127940.0			0.0	15.86	84.8	0	0	1007.22	18.71	15.66	13.69	0.31	0.19
1696128000.0			0.0	15.88	85.0	0	0	1007.22	18.69	15.65	13.69	0.31	0.19
1696128060.0			0.0	15.84	85.0	0	0	1007.22	18.65	15.64	13.69	0.29	0.19
1696128120.0			0.0	15.8	85.0	0	0	1007.22	18.61	15.63	13.69	0.26	0.19
1696128180.0			0.0	15.76	85.0	0	0	1007.22	18.58	15.62	11.13	0.24	0.19
1696128240.0			0.0	15.73	85.0	0	0	1007.22	18.54	15.61	11.13	0.21	0.19
1696128300.0			0.0	15.69	85.0	0	0	1007.22	18.5	15.61	11.13	0.19	0.19
1696128360.0			0.0	15.71	85.0	0	0	1007.22	18.48	15.6	11.13	0.19	0.19
1696128420.0			0.0	15.74	85.0	0	0	1007.22	18.45	15.59	11.13	0.19	0.19
1696128480.0			0.0	15.76	85.0	0	0	1007.22	18.43	15.58	9.31	0.19	0.19
1696128540.0			0.0	15.79	85.0	0	0	1007.22	18.4	15.57	9.31	0.19	0.19
1696128600.0			0.0	15.81	85.0	0	0	1007.22	18.38	15.56	9.31	0.19	0.19
1696128660.0			0.0	15.81	85.0	0	0	1007.22	18.38	15.55	9.31	0.19	0.19
1696128720.0			0.0	15.81	85.0	0	0	1007.22	18.38	15.54	9.31	0.19	0.19
1696128780.0			0.0	15.81	85.0	0	0	1007.22	18.38	15.54	8.0	0.19	0.19
1696128840.0			0.0	15.81	85.0	0	0	1007.22	18.38	15.53	8.0	0.19	0.19
1696128900.0			0.0	15.81	85.0	0	0	1007.22	18.38	15.52	8.0	0.19	0.19
1696128960.0			0.0	15.83	85.2	0	0	1007.22	18.38	15.51	8.0	0.19	0.19
1696129020.0			0.0	15.84	85.4	0	0	1007.21	18.38	15.5	8.0	0.19	0.19
1696129080.0			0.0	15.85	85.6	0	0	1007.21	18.38	15.49	6.88	0.19	0.19
1696129140.0			0.0	15.86	85.8	0	0	1007.21	18.38	15.48	6.88	0.19	0.19
1696129200.0			0.0	15.88	86.0	0	0	1007.21	18.38	15.47	6.88	0.19	0.19
1696129260.0			0.0	15.86	86.0	0	0	1007.21	18.36	15.46	6.88	0.18	0.18
1696129320.0			0.0	15.85	86.0	0	0	1007.21	18.35	15.44	6.88	0.16	0.16
1696129380.0			0.0	15.84	86.0	0	0	1007.21	18.34	15.42	0.38	0.15	0.15
1696129440.0			0.0	15.83	86.0	0	0	1007.21	18.33	15.4	0.38	0.14	0.14
1696129500.0			0.0	15.81	86.0	0	0	1007.21	18.31	15.38	0.38	0.13	0.13
1696129560.0			0.0	15.81	86.0	0	0	1007.21	18.29	15.36	0.38	0.13	0.13
1696129620.0			0.0	15.81	86.0	0	0	1007.2	18.26	15.34	0.38	0.13	0.13
1696129680.0			0.0	15.81	86.0	0	0	1007.2	18.24	15.32	353.88	0.13	0.13
1696129740.0			0.0	15.81	86.0	0	0	1007.2	18.21	15.3	353.88	0.13	0.13
1696129800.0			0.0	15.81	86.0	0	0	1007.2	18.19	15.28	353.88	0.13	0.13
1696129860.0			0.0	15.81	86.2	0	0	1007.2	18.19	15.26	353.88	0.13	0.13
1696129920.0			0.0	15.81	86.4	0	0	1007.2	18.19	15.24	353.88	0.13	0.13
1696129980.0			0.0	15.81	86.6	0	0	1007.2	18.19	15.23	347.5	0.13	0.13
1696130040.0			0.0	15.81	86.8	0	0	1007.2	18.19	15.21	347.5	0.13	0.13
1696130100.0			0.0	15.81	87.0	0	0	1007.2	18.19	15.19	347.5	0.13	0.13
1696130160.0			0.0	15.81	87.0	0	0	1007.19	18.19	15.17	347.5	0.13	0.13
1696130220.0			0.0	15.81	87.0	0	0	1007.19	18.19	15.15	347.5	0.13	0.13
1696130280.0			0.0	15.81	87.0	0	0	1007.19	18.19	15.13	341.38	0.13	0.13
1696130340.0			0.0	15.81	87.0	0	0	1007.19	18.19	15.11	341.38	0.13	0.13
1696130400.0			0.0	15.81	87.0	0	0	1007.19	18.19	15.09	341.38	0.13	0.13
1696130460.0			0.0	15.78	87.0	0	0	1007.19	18.13	15.07	341.38	0.1	0.1
1696130520.0			0.0	15.74	87.0	0	0	1007.19	18.06	15.05	341.38	0.08	0.08
1696130580.0			0.0	15.7	87.0	0	0	1007.19	18.0	15.03	335.81	0.05	0.05
1696130640.0			0.0	15.66	87.0	0	0	1007.19	17.94	15.02	335.81	0.02	0.02
1696130700.0			0.0	15.63	87.0	0	0	1007.18	17.88	15.0	335.81	0.0	0.0
1696130760.0			0.4	15.58	86.8	0	0	1007.18	17.84	15.17	335.81	0.03	0.03
1696130820.0			0.8	15.53	86.6	0	0	1007.18	17.8	15.34	335.81	0.05	0.05
1696130880.0			1.2	15.48	86.4	0	0	1007.18	17.76	15.51	322.0	0.08	0.08
1696130940.0			1.6	15.43	86.2	0	0	1007.18	17.73	15.68	322.0	0.1	0.1
1696131000.0			2.0	15.38	86.0	0	0	1007.18	17.69	15.86	322.0	0.13	0.13
1696131060.0			2.0	15.36	86.0	0	0	1007.18	17.69	15.85	322.0	0.13	0.13
1696131120.0			2.0	15.35	86.0	0	0	1007.18	17.69	15.85	322.0	0.13	0.13
1696131180.0			2.0	15.34	86.0	0	0	1007.17	17.69	15.84	319.88	0.13	0.13
1696131240.0			2.0	15.33	86.0	0	0	1007.17	17.69	15.84	319.88	0.13	0.13
1696131300.0			2.0	15.31	86.0	0	0	1007.17	17.69	15.83	319.88	0.13	0.13
1696131360.0			2.0	15.31	86.0	0	0	1007.17	17.69	15.83	319.88	0.13	0.1
1696131420.0			2.0	15.31	86.0	0	0	1007.17	17.69	15.82	319.88	0.13	0.08
1696131480.0			2.0	15.31	86.0	0	0	1007.17	17.69	15.82	317.81	0.13	0.05
1696131540.0			2.0	15.31	86.0	0	0	1007.17	17.69	15.81	317.81	0.13	0.02
1696131600.0			2.0	15.31	86.0	0	0	1007.17	17.69	15.81	317.81	0.13	0.0
1696131660.0			2.0	15.25	86.0	0	0	1007.17	17.63	15.8	317.81	0.13	0.0
1696131720.0			2.0	15.19	86.0	0	0	1007.16	17.56	15.8	317.81	0.13	0.0
1696131780.0			2.0	15.13	86.0	0	0	1007.16	17.5	15.79	315.69	0.13	0.0
1696131840.0			2.0	15.06	86.0	0	0	1007.16	17.44	15.79	315.69	0.13	0.0
1696131900.0			2.0	15.0	86.0	0	0	1007.16	17.38	15.78	315.69	0.13	0.0
1696131960.0			2.0	15.0	86.0	0	0	1007.16	17.38	15.78	315.69	0.13	0.0
1696132020.0			2.0	15.0	86.0	0	0	1007.16	17.38	15.77	315.69	0.13	0.0
1696132080.0			2.0	15.0	86.0	0	0	1007.16	17.38	15.77	313.63	0.13	0.0
1696132140.0			2.0	15.0	86.0	0	0	1007.16	17.38	15.76	313.63	0.13	0.0
1696132200.0			2.0	15.0	86.0	0	0	1007.16	17.38	15.76	313.63	0.13	0.0
1696132260.0			2.0	15.03	86.2	0	0	1007.15	17.38	15.75	313.63	0.13	0.0
1696132320.0			2.0	15.05	86.4	0	0	1007.15	17.38	15.75	313.63	0.13	0.0
1696132380.0			2.0	15.08	86.6	0	0	1007.15	17.38	15.74	311.63	0.13	0.0
1696132440.0			2.0	15.1	86.8	0	0	1007.15	17.38	15.74	311.63	0.13	0.0
1696132500.0			2.0	15.13	87.0	0	0	1007.15	17.38	15.74	311.63	0.13	0.0
1696132560.0			2.0	15.1	87.0	0	0	1007.15	17.36	15.73	311.63	0.13	0.0
1696132620.0			2.0	15.08	87.0	0	0	1007.15	17.35	15.73	311.63	0.13	0.0
1696132680.0			2.0	15.05	87.0	0	0	1007.15	17.34	15.72	309.5	0.13	0.0
1696132740.0			2.0	15.03	87.0	0	0	1007.14	17.33	15.72	309.5	0.13	0.0
1696132800.0			2.0	15.0	87.0	0	0	1007.14	17.31	15.71	309.5	0.13	0.0
1696132860.0			2.0	15.0	87.0	0	0	1007.15	17.29	15.7	309.5	0.13	0.0
1696132920.0			2.0	15.0	87.0	0	0	1007.16	17.26	15.69	309.5	0.13	0.0
1696132980.0			2.0	15.0	87.0	0	0	1007.16	17.24	15.68	313.0	0.13	0.0
1696133040.0			2.0	15.0	87.0	0	0	1007.17	17.21	15.67	313.0	0.13	0.0
1696133100.0			2.0	15.0	87.0	0	0	1007.17	17.19	15.66	313.0	0.13	0.0
1696133160.0			2.0	14.94	87.0	0	0	1007.18	17.13	15.65	313.0	0.13	0.0
1696133220.0			2.0	14.88	87.0	0	0	1007.19	17.06	15.64	313.0	0.13	0.0
1696133280.0			2.0	14.81	87.0	0	0	1007.19	17.0	15.63	316.38	0.13	0.0
1696133340.0			2.0	14.75	87.0	0	0	1007.2	16.94	15.62	316.38	0.13	0.0
1696133400.0			2.0	14.69	87.0	0	0	1007.21	16.88	15.61	316.38	0.13	0.0
1696133460.0			2.0	14.75	87.0	0	0	1007.21	16.94	15.6	316.38	0.13	0.0
1696133520.0			2.0	14.81	87.0	0	0	1007.22	17.0	15.59	316.38	0.13	0.0
1696133580.0			2.0	14.88	87.0	0	0	1007.22	17.06	15.58	319.88	0.13	0.0
1696133640.0			2.0	14.94	87.0	0	0	1007.23	17.13	15.57	319.88	0.13	0.0
1696133700.0			2.0	15.0	87.0	0	0	1007.24	17.19	15.56	319.88	0.13	0.0
1696133760.0			2.0	14.94	87.0	0	0	1007.24	17.13	15.55	319.88	0.13	0.0
1696133820.0			2.0	14.88	87.0	0	0	1007.25	17.06	15.54	319.88	0.13	0.0
1696133880.0			2.0	14.81	87.0	0	0	1007.25	17.0	15.53	323.38	0.13	0.0
1696133940.0			2.0	14.75	87.0	0	0	1007.26	16.94	15.52	323.38	0.13	0.0
1696134000.0			2.0	14.69	87.0	0	0	1007.27	16.88	15.51	323.38	0.13	0.0
1696134060.0			2.0	14.71	87.2	0	0	1007.27	16.88	15.5	323.38	0.13	0.0
1696134120.0			2.0	14.74	87.4	0	0	1007.28	16.88	15.49	323.38	0.13	0.0
1696134180.0			2.0	14.76	87.6	0	0	1007.29	16.88	15.48	326.81	0.13	0.0
1696134240.0			2.0	14.79	87.8	0	0	1007.29	16.88	15.47	326.81	0.13	0.0
1696134300.0			2.0	14.81	88.0	0	0	1007.3	16.88	15.46	326.81	0.13	0.0
1696134360.0			1.6	14.81	88.2	0	0	1007.3	16.86	15.48	326.81	0.1	0.0
1696134420.0			1.2	14.81	88.4	0	0	1007.31	16.85	15.51	326.81	0.08	0.0
1696134480.0			0.8	14.81	88.6	0	0	1007.32	16.84	15.54	297.69	0.05	0.0
1696134540.0			0.4	14.81	88.8	0	0	1007.32	16.83	15.57	297.69	0.02	0.0
1696134600.0			0.0	14.81	89.0	0	0	1007.33	16.81	15.6	297.69	0.0	0.0
1696134660.0			0.0	14.81	89.0	0	0	1007.33	16.79	15.58	297.69	0.0	0.0
1696134720.0			0.0	14.81	89.0	0	0	1007.34	16.76	15.57	297.69	0.0	0.0
1696134780.0			0.0	14.81	89.0	0	0	1007.35	16.74	15.55	300.0	0.0	0.0
1696134840.0			0.0	14.81	89.0	0	0	1007.35	16.71	15.54	300.0	0.0	0.0
1696134900.0			0.0	14.81	89.0	0	0	1007.36	16.69	15.53	300.0	0.0	0.0
1696134960.0			0.0	14.83	89.2	0	0	1007.37	16.69	15.51	300.0	0.0	0.0
1696135020.0			0.0	14.84	89.4	0	0	1007.37	16.69	15.5	300.0	0.0	0.0
1696135080.0			0.0	14.85	89.6	0	0	1007.38	16.69	15.49	302.38	0.0	0.0
1696135140.0			0.0	14.86	89.8	0	0	1007.38	16.69	15.47	302.38	0.0	0.0
1696135200.0			0.0	14.88	90.0	0	0	1007.39	16.69	15.46	302.38	0.0	0.0
1696135260.0			0.0	14.88	90.0	0	0	1007.4	16.69	15.45	302.38	0.0	0.0
1696135320.0			0.0	14.88	90.0	0	0	1007.4	16.69	15.43	302.38	0.0	0.0
1696135380.0			0.0	14.88	90.0	0	0	1007.41	16.69	15.42	304.88	0.0	0.0
1696135440.0			0.0	14.88	90.0	0	0	1007.41	16.69	15.41	304.88	0.0	0.0
1696135500.0			0.0	14.88	90.0	0	0	1007.42	16.69	15.39	304.88	0.0	0.0
1696135560.0			0.0	14.83	90.0	0	0	1007.43	16.63	15.38	304.88	0.0	0.0
1696135620.0			0.0	14.78	90.0	0	0	1007.43	16.56	15.36	304.88	0.0	0.0
1696135680.0			0.0	14.73	90.0	0	0	1007.44	16.5	15.35	307.38	0.0	0.0
1696135740.0			0.0	14.68	90.0	0	0	1007.45	16.44	15.34	307.38	0.0	0.0
1696135800.0			0.0	14.63	90.0	0	0	1007.45	16.38	15.32	307.38	0.0	0.0
1696135860.0			0.0	14.63	90.0	0	0	1007.46	16.38	15.31	307.38	0.0	0.0
1696135920.0			0.0	14.63	90.0	0	0	1007.46	16.38	15.3	307.38	0.0	0.0
1696135980.0			0.0	14.63	90.0	0	0	1007.47	16.38	15.28	309.88	0.0	0.0
1696136040.0			0.0	14.63	90.0	0	0	1007.48	16.38	15.27	309.88	0.0	0.0
1696136100.0			0.0	14.63	90.0	0	0	1007.48	16.38	15.26	309.88	0.0	0.0
1696136160.0			0.0	14.63	90.0	0	0	1007.49	16.38	15.24	309.88	0.0	0.0
1696136220.0			0.0	14.63	90.0	0	0	1007.49	16.38	15.23	309.88	0.0	0.0
1696136280.0			0.0	14.63	90.0	0	0	1007.5	16.38	15.22	312.5	0.0	0.0
1696136340.0			0.0	14.63	90.0	0	0	1007.51	16.38	15.2	312.5	0.0	0.0
1696136400.0			0.0	14.63	90.0	0	0	1007.51	16.38	15.19	312.5	0.0	0.0
1696136460.0			0.0	14.64	90.2	0	0	1007.51	16.38	15.17	312.5	0.0	0.0
1696136520.0			0.0	14.65	90.4	0	0	1007.51	16.38	15.16	312.5	0.0	0.0
1696136580.0			0.0	14.66	90.6	0	0	1007.5	16.38	15.14	315.69	0.0	0.0
1696136640.0			0.0	14.68	90.8	0	0	1007.5	16.38	15.12	315.69	0.0	0.0
1696136700.0			0.0	14.69	91.0	0	0	1007.5	16.38	15.11	315.69	0.0	0.0
1696136760.0			0.0	14.69	91.0	0	0	1007.5	16.38	15.09	315.69	0.0	0.0
1696136820.0			0.0	14.69	91.0	0	0	1007.49	16.38	15.07	315.69	0.0	0.0
1696136880.0			0.0	14.69	91.0	0	0	1007.49	16.38	15.06	319.0	0.0	0.0
1696136940.0			0.0	14.69	91.0	0	0	1007.49	16.38	15.04	319.0	0.0	0.0
1696137000.0			0.0	14.69	91.0	0	0	1007.48	16.38	15.02	319.0	0.0	0.0
1696137060.0			0.2	14.68	91.0	0	0	1007.48	16.36	15.01	319.0	0.0	0.0
1696137120.0			0.4	14.66	91.0	0	0	1007.48	16.35	14.99	319.0	0.0	0.0
1696137180.0			0.6	14.65	91.0	0	0	1007.47	16.34	14.97	322.69	0.0	0.0
1696137240.0			0.8	14.64	91.0	0	0	1007.47	16.33	14.96	322.69	0.0	0.0
1696137300.0			1.0	14.63	91.0	0	0	1007.47	16.31	14.94	322.69	0.0	0.0
1696137360.0			1.0	14.63	91.0	0	0	1007.46	16.31	14.92	322.69	0.0	0.0
1696137420.0			1.0	14.63	91.0	0	0	1007.46	16.31	14.91	322.69	0.0	0.0
1696137480.0			1.0	14.63	91.0	0	0	1007.46	16.31	14.89	326.5	0.0	0.0
1696137540.0			1.0	14.63	91.0	0	0	1007.46	16.31	14.88	326.5	0.0	0.0
1696137600.0			1.0	14.63	91.0	0	0	1007.45	16.31	14.86	326.5	0.0	0.0
1696137660.0			1.0	14.63	91.0	0	0	1007.45	16.31	14.84	326.5	0.0	0.0
1696137720.0			1.0	14.63	91.0	0	0	1007.45	16.31	14.83	326.5	0.0	0.0
1696137780.0			1.0	14.63	91.0	0	0	1007.44	16.31	14.81	330.5	0.0	0.0
1696137840.0			1.0	14.63	91.0	0	0	1007.44	16.31	14.79	330.5	0.0	0.0
1696137900.0			1.0	14.63	91.0	0	0	1007.44	16.31	14.78	330.5	0.0	0.0
1696137960.0			1.8	14.6	90.8	0	0	1007.43	16.29	14.57	330.5	0.0	0.0
1696138020.0			2.6	14.58	90.6	0	0	1007.43	16.26	14.37	330.5	0.0	0.0
1696138080.0			3.4	14.55	90.4	0	0	1007.43	16.24	14.17	314.69	0.0	0.0
1696138140.0			4.2	14.53	90.2	0	0	1007.43	16.21	13.96	314.69	0.0	0.0
1696138200.0			5.0	14.5	90.0	0	0	1007.42	16.19	13.76	314.69	0.0	0.0
1696138260.0			5.2	14.5	90.0	0	0	1007.42	16.19	13.77	314.69	0.0	0.0
1696138320.0			5.4	14.5	90.0	0	0	1007.42	16.19	13.78	314.69	0.0	0.0
1696138380.0			5.6	14.5	90.0	0	0	1007.41	16.19	13.79	316.0	0.0	0.0
1696138440.0			5.8	14.5	90.0	0	0	1007.41	16.19	13.8	316.0	0.0	0.0
1696138500.0			6.0	14.5	90.0	0	0	1007.41	16.19	13.81	316.0	0.0	0.0
1696138560.0			6.0	14.46	90.0	0	0	1007.4	16.13	13.82	316.0	0.0	0.0
1696138620.0			6.0	14.43	90.0	0	0	1007.4	16.06	13.83	316.0	0.0	0.0
1696138680.0			6.0	14.39	90.0	0	0	1007.4	16.0	13.84	317.38	0.0	0.0
1696138740.0			6.0	14.35	90.0	0	0	1007.4	15.94	13.85	317.38	0.0	0.0
1696138800.0			6.0	14.31	90.0	0	0	1007.39	15.88	13.86	317.38	0.0	0.0
1696138860.0			6.2	14.29	90.0	0	0	1007.39	15.88	13.87	317.38	0.0	0.0
1696138920.0			6.4	14.26	90.0	0	0	1007.39	15.88	13.88	317.38	0.0	0.0
1696138980.0			6.6	14.24	90.0	0	0	1007.38	15.88	13.89	318.88	0.0	0.0
1696139040.0			6.8	14.21	90.0	0	0	1007.38	15.88	13.9	318.88	0.0	0.0
1696139100.0			7.0	14.19	90.0	0	0	1007.38	15.88	13.91	318.88	0.0	0.0
1696139160.0			7.0	14.19	90.0	0	0	1007.37	15.88	13.92	318.88	0.0	0.0
1696139220.0			7.0	14.19	90.0	0	0	1007.37	15.88	13.93	318.88	0.0	0.0
1696139280.0			7.0	14.19	90.0	0	0	1007.37	15.88	13.94	320.63	0.0	0.0
1696139340.0			7.0	14.19	90.0	0	0	1007.37	15.88	13.95	320.63	0.0	0.0
1696139400.0			7.0	14.19	90.0	0	0	1007.36	15.88	13.96	320.63	0.0	0.0
1696139460.0			7.2	14.19	90.0	0	0	1007.36	15.88	13.97	320.63	0.0	0.0
1696139520.0			7.4	14.19	90.0	0	0	1007.36	15.88	13.98	320.63	0.0	0.0
1696139580.0			7.6	14.19	90.0	0	0	1007.35	15.88	13.98	322.31	0.0	0.0
1696139640.0			7.8	14.19	90.0	0	0	1007.35	15.88	13.99	322.31	0.0	0.0
1696139700.0			8.0	14.19	90.0	0	0	1007.35	15.88	14.0	322.31	0.0	0.0
1696139760.0			8.0	14.18	90.0	0	0	1007.34	15.86	14.01	322.31	0.0	0.0
1696139820.0			8.0	14.16	90.0	0	0	1007.34	15.85	14.02	322.31	0.0	0.0
1696139880.0			8.0	14.15	90.0	0	0	1007.34	15.84	14.03	324.31	0.0	0.0
1696139940.0			8.0	14.14	90.0	0	0	1007.34	15.83	14.04	324.31	0.0	0.0
1696140000.0			8.0	14.13	90.0	0	0	1007.33	15.81	14.05	324.31	0.0	0.0
1696140060.0			8.0	14.13	90.0	0	0	1007.32	15.79	14.06	324.31	0.0	0.0
1696140120.0			8.0	14.13	90.0	0	0	1007.3	15.76	14.07	324.31	0.0	0.0
1696140180.0			8.0	14.13	90.0	0	0	1007.28	15.74	14.07	324.69	0.0	0.0
1696140240.0			8.0	14.13	90.0	0	0	1007.27	15.71	14.08	324.69	0.0	0.0
1696140300.0			8.0	14.13	90.0	0	0	1007.25	15.69	14.09	324.69	0.0	0.0
1696140360.0			7.8	14.1	90.0	0	0	1007.23	15.69	14.09	324.69	0.0	0.0
1696140420.0			7.6	14.08	90.0	0	0	1007.22	15.69	14.1	324.69	0.0	0.0
1696140480.0			7.4	14.05	90.0	0	0	1007.2	15.69	14.1	325.0	0.0	0.0
1696140540.0			7.2	14.03	90.0	0	0	1007.18	15.69	14.11	325.0	0.0	0.0
1696140600.0			7.0	14.0	90.0	0	0	1007.17	15.69	14.12	325.0	0.0	0.0
1696140660.0			6.8	14.04	90.2	0	0	1007.15	15.71	14.12	325.0	0.0	0.0
1696140720.0			6.6	14.08	90.4	0	0	1007.14	15.74	14.13	325.0	0.0	0.0
1696140780.0			6.4	14.11	90.6	0	0	1007.12	15.76	14.14	325.31	0.0	0.0
1696140840.0			6.2	14.15	90.8	0	0	1007.1	15.79	14.14	325.31	0.0	0.0
1696140900.0			6.0	14.19	91.0	0	0	1007.09	15.81	14.15	325.31	0.0	0.0
1696140960.0			6.0	14.19	91.0	0	0	1007.07	15.81	14.15	325.31	0.0	0.0
1696141020.0			6.0	14.19	91.0	0	0	1007.05	15.81	14.16	325.31	0.0	0.0
1696141080.0			6.0	14.19	91.0	0	0	1007.04	15.81	14.17	325.63	0.0	0.0
1696141140.0			6.0	14.19	91.0	0	0	1007.02	15.81	14.17	325.63	0.0	0.0
1696141200.0			6.0	14.19	91.0	0	0	1007.0	15.81	14.18	325.63	0.0	0.0
1696141260.0			5.4	14.19	91.0	0	0	1006.99	15.79	14.21	325.63	0.0	0.0
1696141320.0			4.8	14.19	91.0	0	0	1006.97	15.76	14.25	325.63	0.0	0.0
1696141380.0			4.2	14.19	91.0	0	0	1006.95	15.74	14.28	334.81	0.0	0.0
1696141440.0			3.6	14.19	91.0	0	0	1006.94	15.71	14.31	334.81	0.0	0.0
1696141500.0			3.0	14.19	91.0	0	0	1006.92	15.69	14.34	334.81	0.0	0.0
1696141560.0			2.8	14.18	91.0	0	0	1006.9	15.69	14.35	334.81	0.0	0.0
1696141620.0			2.6	14.16	91.0	0	0	1006.89	15.69	14.36	334.81	0.0	0.0
1696141680.0			2.4	14.15	91.0	0	0	1006.87	15.69	14.36	328.38	0.0	0.0
1696141740.0			2.2	14.14	91.0	0	0	1006.85	15.69	14.37	328.38	0.0	0.0
1696141800.0			2.0	14.13	91.0	0	0	1006.84	15.69	14.38	328.38	0.0	0.0
1696141860.0			2.0	14.13	91.0	0	0	1006.82	15.69	14.38	328.38	0.0	0.0
1696141920.0			2.0	14.13	91.0	0	0	1006.81	15.69	14.39	328.38	0.0	0.0
1696141980.0			2.0	14.13	91.0	0	0	1006.79	15.69	14.39	322.81	0.0	0.0
1696142040.0			2.0	14.13	91.0	0	0	1006.77	15.69	14.4	322.81	0.0	0.0
1696142100.0			2.0	14.13	91.0	0	0	1006.76	15.69	14.41	322.81	0.0	0.0
1696142160.0			2.0	14.14	91.2	0	0	1006.74	15.69	14.41	322.81	0.0	0.0
1696142220.0			2.0	14.15	91.4	0	0	1006.72	15.69	14.42	322.81	0.0	0.0
1696142280.0			2.0	14.16	91.6	0	0	1006.71	15.69	14.43	317.88	0.0	0.0
1696142340.0			2.0	14.18	91.8	0	0	1006.69	15.69	14.43	317.88	0.0	0.0
1696142400.0			2.0	14.19	92.0	0	0	1006.67	15.69	14.44	317.88	0.0	0.0
1696142460.0			1.8	14.19	92.0	0	0	1006.66	15.69	14.45	317.88	0.0	0.0
1696142520.0			1.6	14.19	92.0	0	0	1006.64	15.69	14.45	317.88	0.0	0.0
1696142580.0			1.4	14.19	92.0	0	0	1006.62	15.69	14.46	313.69	0.0	0.0
1696142640.0			1.2	14.19	92.0	0	0	1006.61	15.69	14.46	313.69	0.0	0.0
1696142700.0			1.0	14.19	92.0	0	0	1006.59	15.69	14.47	313.69	0.0	0.0
1696142760.0			1.0	14.19	92.0	0	0	1006.57	15.68	14.48	313.69	0.0	0.0
1696142820.0			1.0	14.19	92.0	0	0	1006.56	15.66	14.48	313.69	0.0	0.0
1696142880.0			1.0	14.19	92.0	0	0	1006.54	15.65	14.49	310.0	0.0	0.0
1696142940.0			1.0	14.19	92.0	0	0	1006.53	15.64	14.5	310.0	0.0	0.0
1696143000.0			1.0	14.19	92.0	0	0	1006.51	15.63	14.5	310.0	0.0	0.0
1696143060.0			1.0	14.15	92.0	0	0	1006.49	15.6	14.51	310.0	0.0	0.0
1696143120.0			1.0	14.11	92.0	0	0	1006.48	15.58	14.52	310.0	0.0	0.0
1696143180.0			1.0	14.08	92.0	0	0	1006.46	15.55	14.52	306.88	0.0	0.0
1696143240.0			1.0	14.04	92.0	0	0	1006.44	15.53	14.53	306.88	0.0	0.0
1696143300.0			1.0	14.0	92.0	0	0	1006.43	15.5	14.54	306.88	0.0	0.0
1696143360.0			1.0	13.96	92.0	0	0	1006.41	15.44	14.54	306.88	0.0	0.0
1696143420.0			1.0	13.93	92.0	0	0	1006.39	15.38	14.55	306.88	0.0	0.0
1696143480.0			1.0	13.89	92.0	0	0	1006.38	15.31	14.55	304.19	0.0	0.0
1696143540.0			1.0	13.85	92.0	0	0	1006.36	15.25	14.56	304.19	0.0	0.0
1696143600.0			1.0	13.81	92.0	0	0	1006.34	15.19	14.57	304.19	0.0	0.0
1696143660.0			1.0	13.88	92.0	0	0	1006.36	15.25	14.56	304.19	0.0	0.0
1696143720.0			1.0	13.94	92.0	0	0	1006.37	15.31	14.54	304.19	0.0	0.0
1696143780.0			1.0	14.0	92.0	0	0	1006.38	15.38	14.53	305.13	0.0	0.0
1696143840.0			1.0	14.06	92.0	0	0	1006.39	15.44	14.52	305.13	0.0	0.0
1696143900.0			1.0	14.13	92.0	0	0	1006.4	15.5	14.51	305.13	0.0	0.0
1696143960.0			0.8	14.06	92.0	0	0	1006.41	15.46	14.5	305.13	0.0	0.0
1696144020.0			0.6	14.0	92.0	0	0	1006.42	15.43	14.48	305.13	0.0	0.0
1696144080.0			0.4	13.94	92.0	0	0	1006.44	15.39	14.47	306.0	0.0	0.0
1696144140.0			0.2	13.88	92.0	0	0	1006.45	15.35	14.46	306.0	0.0	0.0
1696144200.0			0.0	13.81	92.0	0	0	1006.46	15.31	14.45	306.0	0.0	0.0
1696144260.0			0.0	13.83	92.0	0	0	1006.47	15.29	14.5	306.0	0.0	0.0
1696144320.0			0.0	13.84	92.0	0	0	1006.48	15.26	14.54	306.0	0.0	0.0
1696144380.0			0.0	13.85	92.0	0	0	1006.49	15.24	14.59	293.5	0.0	0.0
1696144440.0			0.0	13.86	92.0	0	0	1006.5	15.21	14.64	293.5	0.0	0.0
1696144500.0			0.0	13.88	92.0	0	0	1006.52	15.19	14.69	293.5	0.0	0.0
1696144560.0			0.0	13.86	92.0	0	0	1006.53	15.19	14.67	293.5	0.0	0.0
1696144620.0			0.0	13.85	92.0	0	0	1006.54	15.19	14.66	293.5	0.0	0.0
1696144680.0			0.0	13.84	92.0	0	0	1006.55	15.19	14.64	296.5	0.0	0.0
1696144740.0			0.0	13.83	92.0	0	0	1006.56	15.19	14.63	296.5	0.0	0.0
1696144800.0			0.0	13.81	92.0	0	0	1006.57	15.19	14.62	296.5	0.0	0.0
1696144860.0			0.0	13.79	92.0	0	0	1006.58	15.18	14.6	296.5	0.0	0.0
1696144920.0			0.0	13.76	92.0	0	0	1006.6	15.16	14.59	296.5	0.0	0.0
1696144980.0			0.0	13.74	92.0	0	0	1006.61	15.15	14.57	299.38	0.0	0.0
1696145040.0			0.0	13.71	92.0	0	0	1006.62	15.14	14.56	299.38	0.0	0.0
1696145100.0			0.0	13.69	92.0	0	0	1006.63	15.13	14.55	299.38	0.0	0.0
1696145160.0			0.0	13.69	92.0	0	0	1006.64	15.13	14.53	299.38	0.0	0.0
1696145220.0			0.0	13.69	92.0	0	0	1006.65	15.13	14.52	299.38	0.0	0.0
1696145280.0			0.0	13.69	92.0	0	0	1006.67	15.13	14.5	302.31	0.0	0.0
1696145340.0			0.0	13.69	92.0	0	0	1006.68	15.13	14.49	302.31	0.0	0.0
1696145400.0			0.0	13.69	92.0	0	0	1006.69	15.13	14.47	302.31	0.0	0.0
1696145460.0			0.0	13.69	92.0	0	0	1006.7	15.13	14.46	302.31	0.0	0.0
1696145520.0			0.0	13.69	92.0	0	0	1006.71	15.13	14.45	302.31	0.0	0.0
1696145580.0			0.0	13.69	92.0	0	0	1006.72	15.13	14.43	305.31	0.0	0.0
1696145640.0			0.0	13.69	92.0	0	0	1006.73	15.13	14.42	305.31	0.0	0.0
1696145700.0			0.0	13.69	92.0	0	0	1006.75	15.13	14.4	305.31	0.0	0.0
1696145760.0			0.0	13.69	92.0	0	0	1006.76	15.13	14.39	305.31	0.0	0.0
1696145820.0			0.0	13.69	92.0	0	0	1006.77	15.13	14.38	305.31	0.0	0.0
1696145880.0			0.0	13.69	92.0	0	0	1006.78	15.13	14.36	308.13	0.0	0.0
1696145940.0			0.0	13.69	92.0	0	0	1006.79	15.13	14.35	308.13	0.0	0.0
1696146000.0			0.0	13.69	92.0	0	0	1006.8	15.13	14.33	308.13	0.0	0.0
1696146060.0			0.0	13.69	92.0	0	0	1006.81	15.13	14.32	308.13	0.0	0.0
1696146120.0			0.0	13.69	92.0	0	0	1006.83	15.13	14.3	308.13	0.0	0.0
1696146180.0			0.0	13.69	92.0	0	0	1006.84	15.13	14.29	310.88	0.0	0.0
1696146240.0			0.0	13.69	92.0	0	0	1006.85	15.13	14.28	310.88	0.0	0.0
1696146300.0			0.0	13.69	92.0	0	0	1006.86	15.13	14.26	310.88	0.0	0.0
1696146360.0			0.0	13.69	92.0	0	0	1006.87	15.13	14.25	310.88	0.0	0.0
1696146420.0			0.0	13.69	92.0	0	0	1006.88	15.13	14.23	310.88	0.0	0.0
1696146480.0			0.0	13.69	92.0	0	0	1006.9	15.13	14.22	313.69	0.0	0.0
1696146540.0			0.0	13.69	92.0	0	0	1006.91	15.13	14.21	313.69	0.0	0.0
1696146600.0			0.0	13.69	92.0	0	0	1006.92	15.13	14.19	313.69	0.0	0.0
1696146660.0			0.0	13.69	92.0	0	0	1006.93	15.13	14.18	313.69	0.0	0.0
1696146720.0			0.0	13.69	92.0	0	0	1006.94	15.13	14.16	313.69	0.0	0.0
1696146780.0			0.0	13.69	92.0	0	0	1006.95	15.13	14.15	316.31	0.0	0.0
1696146840.0			0.0	13.69	92.0	0	0	1006.96	15.13	14.13	316.31	0.0	0.0
1696146900.0			0.0	13.69	92.0	0	0	1006.98	15.13	14.12	316.31	0.0	0.0
1696146960.0			0.0	13.69	92.0	0	0	1006.99	15.13	14.11	316.31	0.0	0.0
1696147020.0			0.0	13.69	92.0	0	0	1007.0	15.13	14.09	316.31	0.0	0.0
1696147080.0			0.0	13.69	92.0	0	0	1007.01	15.13	14.08	318.88	0.0	0.0
1696147140.0			0.0	13.69	92.0	0	0	1007.02	15.13	14.06	318.88	0.0	0.0
1696147200.0			0.0	13.69	92.0	0	0	1007.03	15.13	14.05	318.88	0.0	0.0
1696147260.0			0.0	13.69	92.0	0	0	1007.03	15.13	14.04	318.88	0.0	0.0
1696147320.0			0.0	13.69	92.0	0	0	1007.04	15.13	14.03	318.88	0.0	0.0
1696147380.0			0.0	13.69	92.0	0	0	1007.04	15.13	14.02	320.69	0.0	0.0
1696147440.0			0.0	13.69	92.0	0	0	1007.04	15.13	14.01	320.69	0.0	0.0
1696147500.0			0.0	13.69	92.0	0	0	1007.04	15.13	14.01	320.69	0.0	0.0
1696147560.0			0.0	13.69	92.0	0	0	1007.04	15.11	14.0	320.69	0.0	0.0
1696147620.0			0.0	13.69	92.0	0	0	1007.05	15.1	13.99	320.69	0.0	0.0
1696147680.0			0.0	13.69	92.0	0	0	1007.05	15.09	13.98	320.69	0.0	0.0
1696147740.0			0.0	13.69	92.0	0	0	1007.05	15.08	13.97	320.69	0.0	0.0
1696147800.0			0.0	13.69	92.0	0	0	1007.05	15.06	13.96	324.31	0.0	0.0
1696147860.0			0.0	13.69	92.0	0	0	1007.05	15.05	13.95	324.31	0.0	0.0
1696147920.0			0.0	13.69	92.0	0	0	1007.06	15.04	13.95	324.31	0.0	0.0
1696147980.0			0.0	13.69	92.0	0	0	1007.06	15.03	13.94	324.31	0.0	0.0
1696148040.0			0.0	13.69	92.0	0	0	1007.06	15.01	13.93	324.31	0.0	0.0
1696148100.0			0.0	13.69	92.0	0	0	1007.06	15.0	13.92	324.31	0.0	0.0
1696148160.0			0.0	13.69	92.0	0	0	1007.06	15.0	13.91	324.31	0.0	0.0
1696148220.0			0.0	13.69	92.0	0	0	1007.06	15.0	13.9	324.31	0.0	0.0
1696148280.0			0.0	13.69	92.0	0	0	1007.07	15.0	13.89	326.13	0.0	0.0
1696148340.0			0.0	13.69	92.0	0	0	1007.07	15.0	13.89	326.13	0.0	0.0
1696148400.0			0.0	13.69	92.0	0	0	1007.07	15.0	13.88	326.13	0.0	0.0
1696148460.0			0.0	13.69	92.0	0	0	1007.07	15.0	13.87	326.13	0.0	0.0
1696148520.0			0.0	13.69	92.0	0	0	1007.07	15.0	13.86	326.13	0.0	0.0
1696148580.0			0.0	13.69	92.0	0	0	1007.08	15.0	13.85	327.88	0.0	0.0
1696148640.0			0.0	13.69	92.0	0	0	1007.08	15.0	13.84	327.88	0.0	0.0
1696148700.0			0.0	13.69	92.0	0	0	1007.08	15.0	13.83	327.88	0.0	0.0
1696148760.0			0.0	13.68	92.0	0	0	1007.08	15.0	13.89	327.88	0.0	0.0
1696148820.0			0.0	13.66	92.0	0	0	1007.08	15.0	13.94	327.88	0.0	0.0
1696148880.0			0.0	13.65	92.0	0	0	1007.08	15.0	14.0	326.5	0.0	0.0
1696148940.0			0.0	13.64	92.0	0	0	1007.09	15.0	14.06	326.5	0.0	0.0
1696149000.0			0.0	13.63	92.0	0	0	1007.09	15.0	14.11	326.5	0.0	0.0
1696149060.0			0.0	13.63	92.0	0	0	1007.09	14.98	14.11	326.5	0.0	0.0
1696149120.0			0.0	13.63	92.0	0	0	1007.09	14.95	14.1	326.5	0.0	0.0
1696149180.0			0.0	13.63	92.0	0	0	1007.09	14.93	14.09	328.63	0.0	0.0
1696149240.0			0.0	13.63	92.0	0	0	1007.1	14.9	14.09	328.63	0.0	0.0
1696149300.0			0.0	13.63	92.0	0	0	1007.1	14.88	14.08	328.63	0.0	0.0
1696149360.0			0.0	13.6	92.0	0	0	1007.1	14.88	14.08	328.63	0.0	0.0
1696149420.0			0.0	13.58	92.0	0	0	1007.1	14.88	14.07	328.63	0.0	0.0
1696149480.0			0.0	13.55	92.0	0	0	1007.1	14.88	14.07	330.69	0.0	0.0
1696149540.0			0.0	13.53	92.0	0	0	1007.1	14.88	14.06	330.69	0.0	0.0
1696149600.0			0.0	13.5	92.0	0	0	1007.11	14.88	14.06	330.69	0.0	0.0
1696149660.0			0.0	13.5	92.2	0	0	1007.11	14.88	14.05	330.69	0.0	0.0
1696149720.0			0.0	13.5	92.4	0	0	1007.11	14.88	14.04	330.69	0.0	0.0
1696149780.0			0.0	13.5	92.6	0	0	1007.11	14.88	14.04	332.81	0.0	0.0
1696149840.0			0.0	13.5	92.8	0	0	1007.11	14.88	14.03	332.81	0.0	0.0
1696149900.0			0.0	13.5	93.0	0	0	1007.12	14.88	14.03	332.81	0.0	0.0
1696149960.0			0.0	13.5	93.0	0	0	1007.12	14.86	14.02	332.81	0.0	0.0
1696150020.0			0.0	13.5	93.0	0	0	1007.12	14.85	14.02	332.81	0.0	0.0
1696150080.0			0.0	13.5	93.0	0	0	1007.12	14.84	14.01	334.88	0.0	0.0
1696150140.0			0.0	13.5	93.0	0	0	1007.12	14.83	14.01	334.88	0.0	0.0
1696150200.0			0.0	13.5	93.0	0	0	1007.13	14.81	14.0	334.88	0.0	0.0
1696150260.0			0.0	13.46	93.0	0	0	1007.13	14.78	14.0	334.88	0.0	0.0
1696150320.0			0.0	13.43	93.0	0	0	1007.13	14.74	13.99	334.88	0.0	0.0
1696150380.0			0.0	13.39	93.0	0	0	1007.13	14.7	13.98	337.0	0.0	0.0
1696150440.0			0.0	13.35	93.0	0	0	1007.13	14.66	13.98	337.0	0.0	0.0
1696150500.0			0.0	13.31	93.0	0	0	1007.13	14.63	13.97	337.0	0.0	0.0
1696150560.0			0.0	13.31	93.0	0	0	1007.14	14.63	13.97	337.0	0.0	0.0
1696150620.0			0.0	13.31	93.0	0	0	1007.14	14.63	13.96	337.0	0.0	0.0
1696150680.0			0.0	13.31	93.0	0	0	1007.14	14.63	13.96	339.0	0.0	0.0
1696150740.0			0.0	13.31	93.0	0	0	1007.14	14.63	13.95	339.0	0.0	0.0
1696150800.0			0.0	13.31	93.0	0	0	1007.14	14.63	13.95	339.0	0.0	0.0
1696150860.0			0.0	13.29	93.0	0	0	1007.15	14.63	13.95	339.0	0.0	0.0
1696150920.0			0.0	13.26	93.0	0	0	1007.17	14.63	13.95	339.0	0.0	0.0
1696150980.0			0.0	13.24	93.0	0	0	1007.18	14.63	13.95	340.31	0.0	0.0
1696151040.0			0.0	13.21	93.0	0	0	1007.19	14.63	13.95	340.31	0.0	0.0
1696151100.0			0.0	13.19	93.0	0	0	1007.2	14.63	13.95	340.31	0.0	0.0
1696151160.0			0.0	13.21	93.0	0	0	1007.21	14.63	13.96	340.31	0.0	0.0
1696151220.0			0.0	13.24	93.0	0	0	1007.22	14.63	13.96	340.31	0.0	0.0
1696151280.0			0.0	13.26	93.0	0	0	1007.23	14.63	13.96	341.5	0.0	0.0
1696151340.0			0.0	13.29	93.0	0	0	1007.24	14.63	13.96	341.5	0.0	0.0
1696151400.0			0.0	13.31	93.0	0	0	1007.26	14.63	13.96	341.5	0.0	0.0
1696151460.0			0.0	13.31	93.0	0	0	1007.27	14.63	13.96	341.5	0.0	0.0
1696151520.0			0.0	13.31	93.0	0	0	1007.28	14.63	13.97	341.5	0.0	0.0
1696151580.0			0.0	13.31	93.0	0	0	1007.29	14.63	13.97	342.69	0.0	0.0
1696151640.0			0.0	13.31	93.0	0	0	1007.3	14.63	13.97	342.69	0.0	0.0
1696151700.0			0.0	13.31	93.0	0	0	1007.31	14.63	13.97	342.69	0.0	0.0
1696151760.0			0.0	13.31	93.0	0	0	1007.32	14.63	13.97	342.69	0.0	0.0
1696151820.0			0.0	13.31	93.0	0	0	1007.33	14.63	13.98	342.69	0.0	0.0
1696151880.0			0.0	13.31	93.0	0	0	1007.34	14.63	13.98	343.81	0.0	0.0
1696151940.0			0.0	13.31	93.0	0	0	1007.36	14.63	13.98	343.81	0.0	0.0
1696152000.0			0.0	13.31	93.0	0	0	1007.37	14.63	13.98	343.81	0.0	0.0
1696152060.0			0.0	13.31	93.0	0	0	1007.38	14.63	13.98	343.81	0.14	0.0
1696152120.0			0.0	13.31	93.0	0	0	1007.39	14.63	13.98	343.81	0.28	0.0
1696152180.0			0.0	13.31	93.0	0	0	1007.4	14.63	13.99	344.88	0.41	0.0
1696152240.0			0.0	13.31	93.0	0	0	1007.41	14.63	13.99	344.88	0.55	0.0
1696152300.0			0.0	13.31	93.0	0	0	1007.42	14.63	13.99	344.88	0.69	0.0
1696152360.0			0.0	13.29	93.0	0	0	1007.43	14.6	13.97	344.88	0.57	0.0
1696152420.0			0.0	13.26	93.0	0	0	1007.44	14.58	13.96	344.88	0.46	0.0
1696152480.0			0.0	13.24	93.0	0	0	1007.46	14.55	13.95	337.0	0.35	0.0
1696152540.0			0.0	13.21	93.0	0	0	1007.47	14.53	13.93	337.0	0.24	0.0
1696152600.0			0.0	13.19	93.0	0	0	1007.48	14.5	13.92	337.0	0.13	0.0
1696152660.0			0.0	13.19	93.0	0	0	1007.49	14.5	13.91	337.0	0.13	0.0
1696152720.0			0.0	13.19	93.0	0	0	1007.5	14.5	13.91	337.0	0.13	0.0
1696152780.0			0.0	13.19	93.0	0	0	1007.51	14.5	13.91	338.69	0.13	0.0
1696152840.0			0.0	13.19	93.0	0	0	1007.52	14.5	13.9	338.69	0.13	0.0
1696152900.0			0.0	13.19	93.0	0	0	1007.53	14.5	13.9	338.69	0.13	0.0
1696152960.0			0.0	13.19	93.0	0	0	1007.55	14.5	13.9	338.69	0.24	0.0
1696153020.0			0.0	13.19	93.0	0	0	1007.56	14.5	13.89	338.69	0.35	0.0
1696153080.0			0.0	13.19	93.0	0	0	1007.57	14.5	13.89	340.38	0.46	0.0
1696153140.0			0.0	13.19	93.0	0	0	1007.58	14.5	13.88	340.38	0.57	0.0
1696153200.0			0.0	13.19	93.0	0	0	1007.59	14.5	13.88	340.38	0.69	0.0
1696153260.0			0.0	13.21	93.0	0	0	1007.6	14.5	13.88	340.38	0.57	0.0
1696153320.0			0.0	13.24	93.0	0	0	1007.61	14.5	13.87	340.38	0.46	0.0
1696153380.0			0.0	13.26	93.0	0	0	1007.62	14.5	13.87	342.13	0.35	0.0
1696153440.0			0.0	13.29	93.0	0	0	1007.63	14.5	13.87	342.13	0.24	0.0
1696153500.0			0.0	13.31	93.0	0	0	1007.65	14.5	13.86	342.13	0.13	0.0
1696153560.0			0.0	13.31	93.0	0	0	1007.66	14.5	13.86	342.13	0.1	0.0
1696153620.0			0.0	13.31	93.0	0	0	1007.67	14.5	13.86	342.13	0.08	0.0
1696153680.0			0.0	13.31	93.0	0	0	1007.68	14.5	13.85	343.63	0.05	0.0
1696153740.0			0.0	13.31	93.0	0	0	1007.69	14.5	13.85	343.63	0.02	0.0
1696153800.0			0.0	13.31	93.0	0	0	1007.7	14.5	13.85	343.63	0.0	0.0
1696153860.0			0.0	13.33	93.0	0	0	1007.71	14.53	13.84	343.63	0.0	0.0
1696153920.0			0.0	13.34	93.0	0	0	1007.72	14.55	13.84	343.63	0.0	0.0
1696153980.0			0.0	13.35	93.0	0	0	1007.73	14.58	13.83	345.19	0.0	0.0
1696154040.0			0.0	13.36	93.0	0	0	1007.75	14.6	13.83	345.19	0.0	0.0
1696154100.0			0.0	13.38	93.0	0	0	1007.76	14.63	13.83	345.19	0.0	0.0
1696154160.0			0.0	13.38	93.0	0	0	1007.77	14.63	13.82	345.19	0.0	0.0
1696154220.0			0.0	13.38	93.0	0	0	1007.78	14.63	13.82	345.19	0.0	0.0
1696154280.0			0.0	13.38	93.0	0	0	1007.79	14.63	13.82	346.69	0.0	0.0
1696154340.0			0.0	13.38	93.0	0	0	1007.8	14.63	13.81	346.69	0.0	0.0
1696154400.0			0.0	13.38	93.0	0	0	1007.81	14.63	13.81	346.69	0.0	0.0
1696154460.0			0.0	13.36	93.0	0	0	1007.81	14.6	13.82	346.69	0.03	0.0
1696154520.0			0.0	13.35	93.0	0	0	1007.8	14.58	13.83	346.69	0.05	0.0
1696154580.0			0.0	13.34	93.0	0	0	1007.8	14.55	13.84	347.0	0.08	0.0
1696154640.0			0.0	13.33	93.0	0	0	1007.79	14.53	13.85	347.0	0.1	0.0
1696154700.0			0.0	13.31	93.0	0	0	1007.79	14.5	13.86	347.0	0.13	0.0
1696154760.0			0.0	13.33	93.0	0	0	1007.79	14.5	13.88	347.0	0.2	0.0
1696154820.0			0.0	13.34	93.0	0	0	1007.78	14.5	13.89	347.0	0.28	0.0
1696154880.0			0.0	13.35	93.0	0	0	1007.78	14.5	13.9	347.31	0.35	0.0
1696154940.0			0.0	13.36	93.0	0	0	1007.77	14.5	13.91	347.31	0.43	0.0
1696155000.0			0.0	13.38	93.0	0	0	1007.77	14.5	13.92	347.31	0.5	0.0
1696155060.0			0.0	13.38	93.0	0	0	1007.76	14.53	13.93	347.31	0.54	0.0
1696155120.0			0.0	13.38	93.0	0	0	1007.76	14.55	13.94	347.31	0.57	0.0
1696155180.0			0.0	13.38	93.0	0	0	1007.75	14.58	13.95	347.63	0.61	0.0
1696155240.0			0.0	13.38	93.0	0	0	1007.75	14.6	13.96	347.63	0.65	0.0
1696155300.0			0.0	13.38	93.0	0	0	1007.74	14.63	13.97	347.63	0.69	0.0
1696155360.0			0.0	13.44	93.0	0	0	1007.74	14.66	13.98	347.63	0.78	0.0
1696155420.0			0.0	13.5	93.0	0	0	1007.73	14.7	14.0	347.63	0.86	0.0
1696155480.0			0.0	13.56	93.0	0	0	1007.73	14.74	14.01	8.31	0.95	0.0
1696155540.0			0.0	13.63	93.0	0	0	1007.72	14.78	14.02	8.31	1.04	0.0
1696155600.0			0.0	13.69	93.0	0	0	1007.72	14.81	14.03	8.31	1.13	0.0
1696155660.0			0.0	13.71	93.2	0	0	1007.71	14.83	14.04	8.31	1.06	0.0
1696155720.0			0.0	13.74	93.4	0	0	1007.71	14.84	14.05	8.31	1.0	0.0
1696155780.0			0.0	13.76	93.6	0	0	1007.71	14.85	14.06	8.19	0.94	0.0
1696155840.0			0.0	13.79	93.8	0	0	1007.7	14.86	14.07	8.19	0.88	0.0
1696155900.0			0.0	13.81	94.0	0	0	1007.7	14.88	14.08	8.19	0.81	0.0
1696155960.0			0.0	13.81	94.0	0	0	1007.69	14.9	14.09	8.19	0.81	0.0
1696156020.0			0.0	13.81	94.0	0	0	1007.69	14.93	14.11	8.19	0.81	0.0
1696156080.0			0.0	13.81	94.0	0	0	1007.68	14.95	14.12	337.0	0.81	0.0
1696156140.0			0.0	13.81	94.0	0	0	1007.68	14.98	14.13	337.0	0.81	0.0
1696156200.0			0.0	13.81	94.0	0	0	1007.67	15.0	14.14	337.0	0.81	0.0
1696156260.0			0.0	13.83	93.8	0	0	1007.67	15.0	14.15	337.0	0.91	0.0
1696156320.0			0.0	13.84	93.6	0	0	1007.66	15.0	14.16	337.0	1.01	0.0
1696156380.0			0.0	13.85	93.4	0	0	1007.66	15.0	14.17	335.38	1.11	0.0
1696156440.0			0.0	13.86	93.2	0	0	1007.65	15.0	14.18	335.38	1.21	0.0
1696156500.0			0.0	13.88	93.0	0	0	1007.65	15.0	14.19	335.38	1.31	0.0
1696156560.0			0.0	13.88	93.0	0	0	1007.64	15.0	14.2	335.38	1.31	0.0
1696156620.0			0.0	13.88	93.0	0	0	1007.64	15.0	14.2	335.38	1.31	0.0
1696156680.0			0.0	13.88	93.0	0	0	1007.64	15.0	14.21	15.19	1.31	0.0
1696156740.0			0.0	13.88	93.0	0	0	1007.63	15.0	14.21	15.19	1.31	0.0
1696156800.0			0.0	13.88	93.0	0	0	1007.63	15.0	14.22	15.19	1.31	0.0
1696156860.0			0.0	13.88	93.2	0	0	1007.62	15.0	14.23	15.19	1.33	0.0
1696156920.0			0.0	13.88	93.4	0	0	1007.62	15.0	14.23	15.19	1.34	0.0
1696156980.0			0.0	13.88	93.6	0	0	1007.61	15.0	14.24	9.13	1.35	0.0
1696157040.0			0.0	13.88	93.8	0	0	1007.61	15.0	14.24	9.13	1.36	0.0
1696157100.0			0.0	13.88	94.0	0	0	1007.6	15.0	14.25	9.13	1.38	0.0
1696157160.0			0.0	13.88	94.0	0	0	1007.6	15.0	14.25	9.13	1.3	0.0
1696157220.0			0.0	13.88	94.0	0	0	1007.59	15.0	14.26	9.13	1.23	0.0
1696157280.0			0.0	13.88	94.0	0	0	1007.59	15.0	14.26	351.19	1.15	0.0
1696157340.0			0.0	13.88	94.0	0	0	1007.58	15.0	14.27	351.19	1.08	0.0
1696157400.0			0.0	13.88	94.0	0	0	1007.58	15.0	14.27	351.19	1.0	0.0
1696157460.0			0.0	13.88	94.0	0	0	1007.57	15.0	14.28	351.19	0.94	0.0
1696157520.0			0.0	13.88	94.0	0	0	1007.57	15.0	14.28	351.19	0.88	0.0
1696157580.0			0.0	13.88	94.0	0	0	1007.57	15.0	14.29	346.69	0.81	0.0
1696157640.0			0.0	13.88	94.0	0	0	1007.56	15.0	14.29	346.69	0.75	0.0
1696157700.0			0.0	13.88	94.0	0	0	1007.56	15.0	14.3	346.69	0.69	0.0
1696157760.0			0.0	13.88	94.0	0	0	1007.55	15.0	14.3	346.69	0.69	0.0
1696157820.0			0.0	13.88	94.0	0	0	1007.55	15.0	14.3	346.69	0.69	0.0
1696157880.0			0.0	13.88	94.0	0	0	1007.54	15.0	14.3	346.69	0.69	0.0
1696157940.0			0.0	13.88	94.0	0	0	1007.54	15.0	14.3	346.69	0.69	0.0
1696158000.0			0.0	13.88	94.0	0	0	1007.53	15.0	14.3	346.69	0.69	0.0
