timestamp	cloud-base	cloud-ceiling	cloud-cover	dew-point	humidity	precipitation-intensity	precipitation-type	pressure-surface-level	temperature	visibility	wind-direction	wind-gust	wind-speed
1696244400.0			0.0	13.38	90.0	0	0	1007.84	15.19	15.72	12.69	0.31	0.0
1696244460.0			0.0	13.38	90.0	0	0	1007.85	15.19	15.72	12.69	0.41	0.0
1696244520.0			0.0	13.38	90.0	0	0	1007.85	15.19	15.73	12.69	0.51	0.0
1696244580.0			0.0	13.38	90.0	0	0	1007.85	15.19	15.73	6.19	0.61	0.0
1696244640.0			0.0	13.38	90.0	0	0	1007.86	15.19	15.74	6.19	0.71	0.0
1696244700.0			0.0	13.38	90.0	0	0	1007.86	15.19	15.74	6.19	0.81	0.0
1696244760.0			0.0	13.38	90.0	0	0	1007.86	15.19	15.75	6.19	0.81	0.0
1696244820.0			0.0	13.38	90.0	0	0	1007.87	15.19	15.75	6.19	0.81	0.0
1696244880.0			0.0	13.38	90.0	0	0	1007.87	15.19	15.75	5.81	0.81	0.0
1696244940.0			0.0	13.38	90.0	0	0	1007.87	15.19	15.76	5.81	0.81	0.0
1696245000.0			0.0	13.38	90.0	0	0	1007.87	15.19	15.76	5.81	0.81	0.0
1696245060.0			0.0	13.38	90.0	0	0	1007.88	15.19	15.77	5.81	0.83	0.0
1696245120.0			0.0	13.38	90.0	0	0	1007.88	15.19	15.77	5.81	0.84	0.0
1696245180.0			0.0	13.38	90.0	0	0	1007.88	15.19	15.77	11.5	0.85	0.0
1696245240.0			0.0	13.38	90.0	0	0	1007.89	15.19	15.78	11.5	0.86	0.0
1696245300.0			0.0	13.38	90.0	0	0	1007.89	15.19	15.78	11.5	0.88	0.0
1696245360.0			0.0	13.38	90.0	0	0	1007.89	15.19	15.79	11.5	0.88	0.0
1696245420.0			0.0	13.38	90.0	0	0	1007.9	15.19	15.79	11.5	0.88	0.0
1696245480.0			0.0	13.38	90.0	0	0	1007.9	15.19	15.8	11.13	0.88	0.0
1696245540.0			0.0	13.38	90.0	0	0	1007.9	15.19	15.8	11.13	0.88	0.0
1696245600.0			0.0	13.38	90.0	0	0	1007.91	15.19	15.81	11.13	0.88	0.0
1696245660.0			0.0	13.43	90.2	0	0	1007.91	15.21	15.81	11.13	0.78	0.0
1696245720.0			0.0	13.48	90.4	0	0	1007.91	15.24	15.81	11.13	0.68	0.0
1696245780.0			0.0	13.53	90.6	0	0	1007.92	15.26	15.82	3.81	0.57	0.0
1696245840.0			0.0	13.58	90.8	0	0	1007.92	15.29	15.82	3.81	0.48	0.0
1696245900.0			0.0	13.63	91.0	0	0	1007.92	15.31	15.83	3.81	0.38	0.0
1696245960.0			0.0	13.63	90.8	0	0	1007.92	15.31	15.74	3.81	0.4	0.0
1696246020.0			0.0	13.63	90.6	0	0	1007.93	15.31	15.66	3.81	0.43	0.0
1696246080.0			0.0	13.63	90.4	0	0	1007.93	15.31	15.57	359.0	0.45	0.0
1696246140.0			0.0	13.63	90.2	0	0	1007.93	15.31	15.48	359.0	0.48	0.0
1696246200.0			0.0	13.63	90.0	0	0	1007.94	15.31	15.4	359.0	0.5	0.0
1696246260.0			0.0	13.63	90.2	0	0	1007.94	15.29	15.4	359.0	0.56	0.0
1696246320.0			0.0	13.63	90.4	0	0	1007.94	15.26	15.4	359.0	0.63	0.0
1696246380.0			0.0	13.63	90.6	0	0	1007.95	15.24	15.39	358.19	0.69	0.0
1696246440.0			0.0	13.63	90.8	0	0	1007.95	15.21	15.39	358.19	0.75	0.0
1696246500.0			0.0	13.63	91.0	0	0	1007.95	15.19	15.39	358.19	0.81	0.0
1696246560.0			0.0	13.63	91.0	0	0	1007.96	15.19	15.39	358.19	0.83	0.0
1696246620.0			0.0	13.63	91.0	0	0	1007.96	15.19	15.39	358.19	0.84	0.0
1696246680.0			0.0	13.63	91.0	0	0	1007.96	15.19	15.39	357.38	0.85	0.0
1696246740.0			0.0	13.63	91.0	0	0	1007.96	15.19	15.39	357.38	0.86	0.0
1696246800.0			0.0	13.63	91.0	0	0	1007.97	15.19	15.39	357.38	0.88	0.0
1696246860.0			0.0	13.68	91.0	0	0	1007.97	15.25	15.38	357.38	0.83	0.0
1696246920.0			0.0	13.73	91.0	0	0	1007.97	15.31	15.38	357.38	0.78	0.0
1696246980.0			0.0	13.78	91.0	0	0	1007.98	15.38	15.38	356.63	0.73	0.0
1696247040.0			0.0	13.83	91.0	0	0	1007.98	15.44	15.38	356.63	0.68	0.0
1696247100.0			0.0	13.88	91.0	0	0	1007.98	15.5	15.38	356.63	0.63	0.0
1696247160.0			0.0	13.9	91.0	0	0	1007.99	15.53	15.38	356.63	0.56	0.0
1696247220.0			0.0	13.93	91.0	0	0	1007.99	15.55	15.38	356.63	0.5	0.0
1696247280.0			0.0	13.95	91.0	0	0	1007.99	15.58	15.38	355.81	0.44	0.0
1696247340.0			0.0	13.98	91.0	0	0	1008.0	15.6	15.37	355.81	0.38	0.0
1696247400.0			0.0	14.0	91.0	0	0	1008.0	15.63	15.37	355.81	0.31	0.0
1696247460.0			0.0	14.03	91.0	0	0	1008.0	15.63	15.37	355.81	0.38	0.0
1696247520.0			0.0	14.05	91.0	0	0	1008.01	15.63	15.37	355.81	0.44	0.0
1696247580.0			0.0	14.08	91.0	0	0	1008.01	15.63	15.37	355.13	0.5	0.0
1696247640.0			0.0	14.1	91.0	0	0	1008.01	15.63	15.37	355.13	0.56	0.0
1696247700.0			0.0	14.13	91.0	0	0	1008.01	15.63	15.37	355.13	0.63	0.0
1696247760.0			0.0	14.13	91.0	0	0	1008.02	15.63	15.36	355.13	0.7	0.0
1696247820.0			0.0	14.13	91.0	0	0	1008.02	15.63	15.36	355.13	0.78	0.0
1696247880.0			0.0	14.13	91.0	0	0	1008.02	15.63	15.36	19.88	0.85	0.0
1696247940.0			0.0	14.13	91.0	0	0	1008.03	15.63	15.36	19.88	0.93	0.0
1696248000.0			0.0	14.13	91.0	0	0	1008.03	15.63	15.36	19.88	1.0	0.0
1696248060.0			0.0	14.14	91.0	0	0	1008.02	15.64	15.37	19.88	1.06	0.0
1696248120.0			0.0	14.15	91.0	0	0	1008.02	15.65	15.38	19.88	1.13	0.0
1696248180.0			0.0	14.16	91.0	0	0	1008.01	15.66	15.39	31.19	1.19	0.0
1696248240.0			0.0	14.18	91.0	0	0	1008.0	15.68	15.4	31.19	1.25	0.0
1696248300.0			0.0	14.19	91.0	0	0	1008.0	15.69	15.41	31.19	1.31	0.0
1696248360.0			0.0	14.19	91.0	0	0	1007.99	15.69	15.42	31.19	1.31	0.03
1696248420.0			0.0	14.19	91.0	0	0	1007.98	15.69	15.43	31.19	1.31	0.05
1696248480.0			0.0	14.19	91.0	0	0	1007.98	15.69	15.44	30.63	1.31	0.08
1696248540.0			0.0	14.19	91.0	0	0	1007.97	15.69	15.46	30.63	1.31	0.1
1696248600.0			0.0	14.19	91.0	0	0	1007.96	15.69	15.47	30.63	1.31	0.13
1696248660.0			0.0	14.19	91.0	0	0	1007.96	15.69	15.48	30.63	1.25	0.1
1696248720.0			0.0	14.19	91.0	0	0	1007.95	15.69	15.49	30.63	1.19	0.08
1696248780.0			0.0	14.19	91.0	0	0	1007.94	15.69	15.5	9.19	1.13	0.05
1696248840.0			0.0	14.19	91.0	0	0	1007.94	15.69	15.51	9.19	1.06	0.02
1696248900.0			0.0	14.19	91.0	0	0	1007.93	15.69	15.52	9.19	1.0	0.0
1696248960.0			0.0	14.25	91.0	0	0	1007.92	15.78	15.53	9.19	1.06	0.0
1696249020.0			0.0	14.31	91.0	0	0	1007.92	15.86	15.54	9.19	1.13	0.0
1696249080.0			0.0	14.38	91.0	0	0	1007.91	15.95	15.55	12.13	1.19	0.0
1696249140.0			0.0	14.44	91.0	0	0	1007.9	16.04	15.56	12.13	1.25	0.0
1696249200.0			0.0	14.5	91.0	0	0	1007.9	16.13	15.57	12.13	1.31	0.0
1696249260.0			0.0	14.53	91.0	0	0	1007.89	16.16	15.58	12.13	1.33	0.0
1696249320.0			0.0	14.55	91.0	0	0	1007.88	16.2	15.59	12.13	1.34	0.0
1696249380.0			0.0	14.58	91.0	0	0	1007.88	16.24	15.6	15.0	1.35	0.0
1696249440.0			0.0	14.6	91.0	0	0	1007.87	16.27	15.62	15.0	1.36	0.0
1696249500.0			0.0	14.63	91.0	0	0	1007.86	16.31	15.63	15.0	1.38	0.0
1696249560.0			0.0	14.7	90.8	0	0	1007.86	16.41	15.69	15.0	1.36	0.0
1696249620.0			0.0	14.78	90.6	0	0	1007.85	16.51	15.76	15.0	1.35	0.0
1696249680.0			0.0	14.85	90.4	0	0	1007.84	16.61	15.82	17.63	1.34	0.0
1696249740.0			0.0	14.93	90.2	0	0	1007.84	16.71	15.89	17.63	1.33	0.0
1696249800.0			0.0	15.0	90.0	0	0	1007.83	16.81	15.95	17.63	1.31	0.0
1696249860.0			0.0	15.03	90.0	0	0	1007.82	16.83	15.95	17.63	1.31	0.03
1696249920.0			0.0	15.05	90.0	0	0	1007.81	16.84	15.95	17.63	1.31	0.05
1696249980.0			0.0	15.08	90.0	0	0	1007.81	16.85	15.96	17.5	1.31	0.08
1696250040.0			0.0	15.1	90.0	0	0	1007.8	16.86	15.96	17.5	1.31	0.1
1696250100.0			0.0	15.13	90.0	0	0	1007.79	16.88	15.96	17.5	1.31	0.13
1696250160.0			0.0	15.13	90.0	0	0	1007.79	16.88	15.96	17.5	1.31	0.13
1696250220.0			0.0	15.13	90.0	0	0	1007.78	16.88	15.96	17.5	1.31	0.13
1696250280.0			0.0	15.13	90.0	0	0	1007.77	16.88	15.96	17.5	1.31	0.13
1696250340.0			0.0	15.13	90.0	0	0	1007.77	16.88	15.97	17.5	1.31	0.13
1696250400.0			0.0	15.13	90.0	0	0	1007.76	16.88	15.97	17.5	1.31	0.13
1696250460.0			0.0	15.14	89.8	0	0	1007.75	16.93	15.97	17.5	1.31	0.16
1696250520.0			0.0	15.15	89.6	0	0	1007.75	16.98	15.97	17.5	1.31	0.2
1696250580.0			0.0	15.16	89.4	0	0	1007.74	17.02	15.97	8.81	1.31	0.24
1696250640.0			0.0	15.18	89.2	0	0	1007.73	17.08	15.97	8.81	1.31	0.28
1696250700.0			0.0	15.19	89.0	0	0	1007.73	17.13	15.98	8.81	1.31	0.31
1696250760.0			0.0	15.23	88.8	0	0	1007.72	17.23	15.98	8.81	1.31	0.31
1696250820.0			0.0	15.26	88.6	0	0	1007.71	17.33	15.98	8.81	1.31	0.31
1696250880.0			0.0	15.3	88.4	0	0	1007.71	17.43	15.98	10.19	1.31	0.31
1696250940.0			0.0	15.34	88.2	0	0	1007.7	17.52	15.98	10.19	1.31	0.31
1696251000.0			0.0	15.38	88.0	0	0	1007.69	17.63	15.98	10.19	1.31	0.31
1696251060.0			0.0	15.4	87.8	0	0	1007.69	17.66	15.99	10.19	1.31	0.31
1696251120.0			0.0	15.43	87.6	0	0	1007.68	17.7	15.99	10.19	1.31	0.31
1696251180.0			0.0	15.45	87.4	0	0	1007.67	17.74	15.99	10.13	1.31	0.31
1696251240.0			0.0	15.48	87.2	0	0	1007.67	17.77	15.99	10.13	1.31	0.31
1696251300.0			0.0	15.5	87.0	0	0	1007.66	17.81	15.99	10.13	1.31	0.31
1696251360.0			0.0	15.56	87.0	0	0	1007.65	17.88	15.99	10.13	1.49	0.31
1696251420.0			0.0	15.63	87.0	0	0	1007.65	17.94	16.0	10.13	1.66	0.31
1696251480.0			0.0	15.69	87.0	0	0	1007.64	18.0	16.0	353.38	1.84	0.31
1696251540.0			0.0	15.75	87.0	0	0	1007.63	18.06	16.0	353.38	2.01	0.31
1696251600.0			0.0	15.81	87.0	0	0	1007.63	18.13	16.0	353.38	2.19	0.31
1696251660.0			0.0	15.79	86.8	0	0	1007.62	18.16	16.0	353.38	2.28	0.38
1696251720.0			0.0	15.76	86.6	0	0	1007.61	18.2	16.0	353.38	2.36	0.44
1696251780.0			0.0	15.74	86.4	0	0	1007.6	18.24	16.0	20.31	2.45	0.5
1696251840.0			0.0	15.71	86.2	0	0	1007.59	18.27	16.0	20.31	2.54	0.56
1696251900.0			0.0	15.69	86.0	0	0	1007.58	18.31	16.0	20.31	2.63	0.63
1696251960.0			0.0	15.73	85.8	0	0	1007.57	18.38	16.0	20.31	2.63	0.63
1696252020.0			0.0	15.76	85.6	0	0	1007.56	18.44	16.0	20.31	2.63	0.63
1696252080.0			0.0	15.8	85.4	0	0	1007.55	18.5	16.0	5.81	2.63	0.63
1696252140.0			0.0	15.84	85.2	0	0	1007.54	18.56	16.0	5.81	2.63	0.63
1696252200.0			0.0	15.88	85.0	0	0	1007.53	18.63	16.0	5.81	2.63	0.63
1696252260.0			0.0	15.88	84.4	0	0	1007.52	18.73	16.0	5.81	2.73	0.63
1696252320.0			0.0	15.88	83.8	0	0	1007.51	18.83	16.0	5.81	2.83	0.63
1696252380.0			0.0	15.88	83.2	0	0	1007.5	18.93	16.0	26.88	2.93	0.63
1696252440.0			0.0	15.88	82.6	0	0	1007.49	19.02	16.0	26.88	3.03	0.63
1696252500.0			0.0	15.88	82.0	0	0	1007.48	19.13	16.0	26.88	3.13	0.63
1696252560.0			0.0	15.88	82.0	0	0	1007.47	19.13	16.0	26.88	3.13	0.63
1696252620.0			0.0	15.88	82.0	0	0	1007.46	19.13	16.0	26.88	3.13	0.63
1696252680.0			0.0	15.88	82.0	0	0	1007.45	19.13	16.0	26.88	3.13	0.63
1696252740.0			0.0	15.88	82.0	0	0	1007.44	19.13	16.0	26.88	3.13	0.63
1696252800.0			0.0	15.88	82.0	0	0	1007.43	19.13	16.0	26.88	3.13	0.63
1696252860.0			0.0	15.86	81.8	0	0	1007.42	19.14	16.0	26.88	3.16	0.64
1696252920.0			0.0	15.85	81.6	0	0	1007.41	19.15	16.0	26.88	3.2	0.65
1696252980.0			0.0	15.84	81.4	0	0	1007.4	19.16	16.0	347.81	3.24	0.66
1696253040.0			0.0	15.83	81.2	0	0	1007.39	19.18	16.0	347.81	3.28	0.68
1696253100.0			0.0	15.81	81.0	0	0	1007.38	19.19	16.0	347.81	3.31	0.69
1696253160.0			0.0	15.91	80.8	0	0	1007.37	19.35	16.0	347.81	3.35	0.69
1696253220.0			0.0	16.01	80.6	0	0	1007.36	19.51	16.0	347.81	3.39	0.69
1696253280.0			0.0	16.11	80.4	0	0	1007.35	19.68	16.0	44.69	3.43	0.69
1696253340.0			0.0	16.21	80.2	0	0	1007.34	19.84	16.0	44.69	3.46	0.69
1696253400.0			0.0	16.31	80.0	0	0	1007.33	20.0	16.0	44.69	3.5	0.69
1696253460.0			0.0	16.31	80.0	0	0	1007.32	20.0	16.0	44.69	3.5	0.69
1696253520.0			0.0	16.31	80.0	0	0	1007.31	20.0	16.0	44.69	3.5	0.69
1696253580.0			0.0	16.31	80.0	0	0	1007.3	20.0	16.0	44.81	3.5	0.69
1696253640.0			0.0	16.31	80.0	0	0	1007.29	20.0	16.0	44.81	3.5	0.69
1696253700.0			0.0	16.31	80.0	0	0	1007.28	20.0	16.0	44.81	3.5	0.69
1696253760.0			0.0	16.38	79.4	0	0	1007.27	20.14	16.0	44.81	3.44	0.71
1696253820.0			0.0	16.44	78.8	0	0	1007.26	20.27	16.0	44.81	3.38	0.74
1696253880.0			0.0	16.5	78.2	0	0	1007.25	20.41	16.0	330.69	3.31	0.76
1696253940.0			0.0	16.56	77.6	0	0	1007.24	20.55	16.0	330.69	3.25	0.79
1696254000.0			0.0	16.63	77.0	0	0	1007.23	20.69	16.0	330.69	3.19	0.81
1696254060.0			0.0	16.63	77.0	0	0	1007.22	20.73	16.0	330.69	3.19	0.83
1696254120.0			0.0	16.63	77.0	0	0	1007.21	20.76	16.0	330.69	3.19	0.84
1696254180.0			0.0	16.63	77.0	0	0	1007.2	20.8	16.0	357.88	3.19	0.85
1696254240.0			0.0	16.63	77.0	0	0	1007.19	20.84	16.0	357.88	3.19	0.86
1696254300.0			0.0	16.63	77.0	0	0	1007.18	20.88	16.0	357.88	3.19	0.88
1696254360.0			0.0	16.6	76.8	0	0	1007.17	20.88	16.0	357.88	3.19	0.84
1696254420.0			0.0	16.58	76.6	0	0	1007.16	20.88	16.0	357.88	3.19	0.8
1696254480.0			0.0	16.55	76.4	0	0	1007.15	20.88	16.0	30.63	3.19	0.76
1696254540.0			0.0	16.52	76.2	0	0	1007.14	20.88	16.0	30.63	3.19	0.73
1696254600.0			0.0	16.5	76.0	0	0	1007.13	20.88	16.0	30.63	3.19	0.69
1696254660.0			0.0	16.54	75.6	0	0	1007.12	21.0	16.0	30.63	2.95	0.68
1696254720.0			0.0	16.58	75.2	0	0	1007.11	21.13	16.0	30.63	2.71	0.66
1696254780.0			0.0	16.61	74.8	0	0	1007.1	21.25	16.0	339.38	2.48	0.65
1696254840.0			0.0	16.65	74.4	0	0	1007.09	21.38	16.0	339.38	2.24	0.64
1696254900.0			0.0	16.69	74.0	0	0	1007.08	21.5	16.0	339.38	2.0	0.63
1696254960.0			0.0	16.69	74.0	0	0	1007.07	21.5	16.0	339.38	2.0	0.63
1696255020.0			0.0	16.69	74.0	0	0	1007.06	21.5	16.0	339.38	2.0	0.63
1696255080.0			0.0	16.69	74.0	0	0	1007.05	21.5	16.0	339.5	2.0	0.63
1696255140.0			0.0	16.69	74.0	0	0	1007.04	21.5	16.0	339.5	2.0	0.63
1696255200.0			0.0	16.69	74.0	0	0	1007.03	21.5	16.0	339.5	2.0	0.63
1696255260.0			0.0	16.69	74.0	0	0	1007.03	21.53	16.0	339.5	2.06	0.66
1696255320.0			0.0	16.69	74.0	0	0	1007.04	21.55	16.0	339.5	2.13	0.7
1696255380.0			0.0	16.69	74.0	0	0	1007.04	21.58	16.0	339.38	2.19	0.74
1696255440.0			0.0	16.69	74.0	0	0	1007.04	21.6	16.0	339.38	2.25	0.78
1696255500.0			0.0	16.69	74.0	0	0	1007.04	21.63	16.0	339.38	2.31	0.81
1696255560.0			0.0	16.71	73.8	0	0	1007.04	21.68	16.0	339.38	2.31	0.79
1696255620.0			0.0	16.74	73.6	0	0	1007.04	21.73	16.0	339.38	2.31	0.76
1696255680.0			0.0	16.76	73.4	0	0	1007.05	21.78	16.0	33.88	2.31	0.74
1696255740.0			0.0	16.79	73.2	0	0	1007.05	21.83	16.0	33.88	2.31	0.71
1696255800.0			0.0	16.81	73.0	0	0	1007.05	21.88	16.0	33.88	2.31	0.69
1696255860.0			0.0	16.85	73.2	0	0	1007.05	21.88	16.0	33.88	2.21	0.68
1696255920.0			0.0	16.89	73.4	0	0	1007.05	21.88	16.0	33.88	2.11	0.66
1696255980.0			0.0	16.93	73.6	0	0	1007.05	21.88	16.0	63.31	2.01	0.65
1696256040.0			0.0	16.96	73.8	0	0	1007.06	21.88	16.0	63.31	1.91	0.64
1696256100.0			0.0	17.0	74.0	0	0	1007.06	21.88	16.0	63.31	1.81	0.63
1696256160.0			0.0	16.98	73.8	0	0	1007.06	21.9	16.0	63.31	1.99	0.64
1696256220.0			0.0	16.95	73.6	0	0	1007.06	21.93	16.0	63.31	2.16	0.65
1696256280.0			0.0	16.93	73.4	0	0	1007.06	21.95	16.0	343.31	2.34	0.66
1696256340.0			0.0	16.9	73.2	0	0	1007.06	21.98	16.0	343.31	2.51	0.68
1696256400.0			0.0	16.88	73.0	0	0	1007.07	22.0	16.0	343.31	2.69	0.69
1696256460.0			0.4	16.86	72.8	0	0	1007.07	21.98	16.0	343.31	2.75	0.73
1696256520.0			0.8	16.85	72.6	0	0	1007.07	21.95	16.0	343.31	2.81	0.76
1696256580.0			1.2	16.84	72.4	0	0	1007.07	21.93	16.0	353.88	2.88	0.8
1696256640.0			1.6	16.83	72.2	0	0	1007.07	21.9	16.0	353.88	2.94	0.84
1696256700.0			2.0	16.81	72.0	0	0	1007.07	21.88	16.0	353.88	3.0	0.88
1696256760.0			2.0	16.81	72.0	0	0	1007.08	21.93	16.0	353.88	3.13	0.9
1696256820.0			2.0	16.81	72.0	0	0	1007.08	21.98	16.0	353.88	3.25	0.93
1696256880.0			2.0	16.81	72.0	0	0	1007.08	22.03	16.0	45.81	3.38	0.95
1696256940.0			2.0	16.81	72.0	0	0	1007.08	22.08	16.0	45.81	3.5	0.98
1696257000.0			2.0	16.81	72.0	0	0	1007.08	22.13	16.0	45.81	3.63	1.0
1696257060.0			2.2	16.81	71.8	0	0	1007.08	22.14	16.0	45.81	3.58	1.0
1696257120.0			2.4	16.81	71.6	0	0	1007.09	22.15	16.0	45.81	3.53	1.0
1696257180.0			2.6	16.81	71.4	0	0	1007.09	22.16	16.0	19.69	3.48	1.0
1696257240.0			2.8	16.81	71.2	0	0	1007.09	22.18	16.0	19.69	3.43	1.0
1696257300.0			3.0	16.81	71.0	0	0	1007.09	22.19	16.0	19.69	3.38	1.0
1696257360.0			3.0	16.88	71.0	0	0	1007.09	22.28	16.0	19.69	3.33	0.96
1696257420.0			3.0	16.94	71.0	0	0	1007.09	22.36	16.0	19.69	3.28	0.93
1696257480.0			3.0	17.0	71.0	0	0	1007.1	22.45	16.0	21.69	3.23	0.89
1696257540.0			3.0	17.06	71.0	0	0	1007.1	22.54	16.0	21.69	3.18	0.85
1696257600.0			3.0	17.13	71.0	0	0	1007.1	22.63	16.0	21.69	3.13	0.81
1696257660.0			3.0	17.13	71.0	0	0	1007.1	22.64	16.0	21.69	3.14	0.83
1696257720.0			3.0	17.13	71.0	0	0	1007.1	22.65	16.0	21.69	3.15	0.84
1696257780.0			3.0	17.13	71.0	0	0	1007.1	22.66	16.0	16.88	3.16	0.85
1696257840.0			3.0	17.13	71.0	0	0	1007.11	22.68	16.0	16.88	3.18	0.86
1696257900.0			3.0	17.13	71.0	0	0	1007.11	22.69	16.0	16.88	3.19	0.88
1696257960.0			3.2	17.1	70.8	0	0	1007.11	22.73	16.0	16.88	3.39	0.93
1696258020.0			3.4	17.08	70.6	0	0	1007.11	22.76	16.0	16.88	3.59	0.98
1696258080.0			3.6	17.05	70.4	0	0	1007.11	22.8	16.0	24.5	3.79	1.02
1696258140.0			3.8	17.02	70.2	0	0	1007.11	22.84	16.0	24.5	3.99	1.08
1696258200.0			4.0	17.0	70.0	0	0	1007.12	22.88	16.0	24.5	4.19	1.13
1696258260.0			4.0	17.0	70.0	0	0	1007.12	22.88	16.0	24.5	4.18	1.1
1696258320.0			4.0	17.0	70.0	0	0	1007.12	22.88	16.0	24.5	4.16	1.08
1696258380.0			4.0	17.0	70.0	0	0	1007.12	22.88	16.0	14.31	4.15	1.05
1696258440.0			4.0	17.0	70.0	0	0	1007.12	22.88	16.0	14.31	4.14	1.02
1696258500.0			4.0	17.0	70.0	0	0	1007.12	22.88	16.0	14.31	4.13	1.0
1696258560.0			4.0	17.08	70.0	0	0	1007.13	22.96	16.0	14.31	3.93	0.98
1696258620.0			4.0	17.15	70.0	0	0	1007.13	23.05	16.0	14.31	3.73	0.95
1696258680.0			4.0	17.23	70.0	0	0	1007.13	23.14	16.0	357.13	3.53	0.93
1696258740.0			4.0	17.3	70.0	0	0	1007.13	23.23	16.0	357.13	3.33	0.9
1696258800.0			4.0	17.38	70.0	0	0	1007.13	23.31	16.0	357.13	3.13	0.88
1696258860.0			4.0	17.38	70.0	0	0	1007.14	23.31	16.0	357.13	3.1	0.88
1696258920.0			4.0	17.38	70.0	0	0	1007.16	23.31	16.0	357.13	3.08	0.88
1696258980.0			4.0	17.38	70.0	0	0	1007.17	23.31	16.0	357.38	3.05	0.88
1696259040.0			4.0	17.38	70.0	0	0	1007.18	23.31	16.0	357.38	3.03	0.88
1696259100.0			4.0	17.38	70.0	0	0	1007.19	23.31	16.0	357.38	3.0	0.88
1696259160.0			4.0	17.38	70.0	0	0	1007.21	23.33	16.0	357.38	3.0	0.84
1696259220.0			4.0	17.38	70.0	0	0	1007.22	23.34	16.0	357.38	3.0	0.8
1696259280.0			4.0	17.38	70.0	0	0	1007.23	23.35	16.0	327.31	3.0	0.76
1696259340.0			4.0	17.38	70.0	0	0	1007.24	23.36	16.0	327.31	3.0	0.73
1696259400.0			4.0	17.38	70.0	0	0	1007.25	23.38	16.0	327.31	3.0	0.69
1696259460.0			4.0	17.36	69.6	0	0	1007.27	23.4	16.0	327.31	2.84	0.69
1696259520.0			4.0	17.35	69.2	0	0	1007.28	23.43	16.0	327.31	2.68	0.69
1696259580.0			4.0	17.34	68.8	0	0	1007.29	23.45	16.0	19.5	2.51	0.69
1696259640.0			4.0	17.33	68.4	0	0	1007.3	23.48	16.0	19.5	2.35	0.69
1696259700.0			4.0	17.31	68.0	0	0	1007.32	23.5	16.0	19.5	2.19	0.69
1696259760.0			4.0	17.27	68.0	0	0	1007.33	23.48	16.0	19.5	2.19	0.68
1696259820.0			4.0	17.24	68.0	0	0	1007.34	23.45	16.0	19.5	2.19	0.66
1696259880.0			4.0	17.2	68.0	0	0	1007.35	23.43	16.0	53.0	2.19	0.65
1696259940.0			4.0	17.16	68.0	0	0	1007.36	23.4	16.0	53.0	2.19	0.64
1696260000.0			4.0	17.13	68.0	0	0	1007.38	23.38	16.0	53.0	2.19	0.63
1696260060.0			4.0	17.16	68.0	0	0	1007.39	23.44	16.0	53.0	2.13	0.63
1696260120.0			4.0	17.2	68.0	0	0	1007.4	23.5	16.0	53.0	2.06	0.63
1696260180.0			4.0	17.24	68.0	0	0	1007.41	23.56	16.0	21.5	2.0	0.63
1696260240.0			4.0	17.27	68.0	0	0	1007.43	23.63	16.0	21.5	1.94	0.63
1696260300.0			4.0	17.31	68.0	0	0	1007.44	23.69	16.0	21.5	1.88	0.63
1696260360.0			3.8	17.38	67.8	0	0	1007.45	23.78	16.0	21.5	1.94	0.64
1696260420.0			3.6	17.44	67.6	0	0	1007.46	23.86	16.0	21.5	2.0	0.65
1696260480.0			3.4	17.5	67.4	0	0	1007.47	23.95	16.0	347.38	2.06	0.66
1696260540.0			3.2	17.56	67.2	0	0	1007.49	24.04	16.0	347.38	2.13	0.68
1696260600.0			3.0	17.63	67.0	0	0	1007.5	24.13	16.0	347.38	2.19	0.69
1696260660.0			3.0	17.63	67.0	0	0	1007.51	24.13	16.0	347.38	2.19	0.69
1696260720.0			3.0	17.63	67.0	0	0	1007.52	24.13	16.0	347.38	2.19	0.69
1696260780.0			3.0	17.63	67.0	0	0	1007.53	24.13	16.0	347.69	2.19	0.69
1696260840.0			3.0	17.63	67.0	0	0	1007.55	24.13	16.0	347.69	2.19	0.69
1696260900.0			3.0	17.63	67.0	0	0	1007.56	24.13	16.0	347.69	2.19	0.69
1696260960.0			2.8	17.58	66.8	0	0	1007.57	24.13	16.0	347.69	2.19	0.73
1696261020.0			2.6	17.52	66.6	0	0	1007.58	24.13	16.0	347.69	2.19	0.76
1696261080.0			2.4	17.48	66.4	0	0	1007.6	24.13	16.0	329.31	2.19	0.8
1696261140.0			2.2	17.43	66.2	0	0	1007.61	24.13	16.0	329.31	2.19	0.84
1696261200.0			2.0	17.38	66.0	0	0	1007.62	24.13	16.0	329.31	2.19	0.88
1696261260.0			2.0	17.38	66.0	0	0	1007.63	24.13	16.0	329.31	2.17	0.88
1696261320.0			2.0	17.38	66.0	0	0	1007.64	24.13	16.0	329.31	2.16	0.88
1696261380.0			2.0	17.38	66.0	0	0	1007.66	24.13	16.0	320.81	2.15	0.88
1696261440.0			2.0	17.38	66.0	0	0	1007.67	24.13	16.0	320.81	2.14	0.88
1696261500.0			2.0	17.38	66.0	0	0	1007.68	24.13	16.0	320.81	2.13	0.88
1696261560.0			2.0	17.38	66.2	0	0	1007.69	24.13	16.0	320.81	2.13	0.86
1696261620.0			2.0	17.38	66.4	0	0	1007.71	24.13	16.0	320.81	2.13	0.85
1696261680.0			2.0	17.38	66.6	0	0	1007.72	24.13	16.0	291.13	2.13	0.84
1696261740.0			2.0	17.38	66.8	0	0	1007.73	24.13	16.0	291.13	2.13	0.83
1696261800.0			2.0	17.38	67.0	0	0	1007.74	24.13	16.0	291.13	2.13	0.81
1696261860.0			2.0	17.4	66.8	0	0	1007.75	24.18	16.0	291.13	2.03	0.78
1696261920.0			2.0	17.43	66.6	0	0	1007.77	24.23	16.0	291.13	1.93	0.74
1696261980.0			2.0	17.45	66.4	0	0	1007.78	24.28	16.0	24.5	1.83	0.7
1696262040.0			2.0	17.48	66.2	0	0	1007.79	24.33	16.0	24.5	1.73	0.66
1696262100.0			2.0	17.5	66.0	0	0	1007.8	24.38	16.0	24.5	1.63	0.63
1696262160.0			1.8	17.5	66.0	0	0	1007.81	24.38	16.0	24.5	1.63	0.63
1696262220.0			1.6	17.5	66.0	0	0	1007.83	24.38	16.0	24.5	1.63	0.63
1696262280.0			1.4	17.5	66.0	0	0	1007.84	24.38	16.0	24.63	1.63	0.63
1696262340.0			1.2	17.5	66.0	0	0	1007.85	24.38	16.0	24.63	1.63	0.63
1696262400.0			1.0	17.5	66.0	0	0	1007.86	24.38	16.0	24.63	1.63	0.63
1696262460.0			1.0	17.48	65.8	0	0	1007.86	24.38	16.0	24.63	1.9	0.64
1696262520.0			1.0	17.45	65.6	0	0	1007.85	24.38	16.0	24.63	2.17	0.65
1696262580.0			1.0	17.43	65.4	0	0	1007.85	24.38	16.0	39.5	2.45	0.66
1696262640.0			1.0	17.4	65.2	0	0	1007.84	24.38	16.0	39.5	2.73	0.68
1696262700.0			1.0	17.38	65.0	0	0	1007.84	24.38	16.0	39.5	3.0	0.69
1696262760.0			1.0	17.38	65.0	0	0	1007.83	24.38	16.0	39.5	3.0	0.69
1696262820.0			1.0	17.38	65.0	0	0	1007.82	24.38	16.0	39.5	3.0	0.69
1696262880.0			1.0	17.38	65.0	0	0	1007.82	24.38	16.0	39.38	3.0	0.69
1696262940.0			1.0	17.38	65.0	0	0	1007.81	24.38	16.0	39.38	3.0	0.69
1696263000.0			1.0	17.38	65.0	0	0	1007.81	24.38	16.0	39.38	3.0	0.69
1696263060.0			1.0	17.43	65.2	0	0	1007.8	24.43	16.0	39.38	2.83	0.63
1696263120.0			1.0	17.48	65.4	0	0	1007.8	24.48	16.0	39.38	2.65	0.56
1696263180.0			1.0	17.52	65.6	0	0	1007.79	24.53	16.0	330.31	2.48	0.5
1696263240.0			1.0	17.58	65.8	0	0	1007.79	24.58	16.0	330.31	2.3	0.44
1696263300.0			1.0	17.63	66.0	0	0	1007.78	24.63	16.0	330.31	2.13	0.38
1696263360.0			1.0	17.6	65.8	0	0	1007.78	24.63	16.0	330.31	2.13	0.38
1696263420.0			1.0	17.58	65.6	0	0	1007.77	24.63	16.0	330.31	2.13	0.38
1696263480.0			1.0	17.55	65.4	0	0	1007.76	24.63	16.0	62.13	2.13	0.38
1696263540.0			1.0	17.52	65.2	0	0	1007.76	24.63	16.0	62.13	2.13	0.38
1696263600.0			1.0	17.5	65.0	0	0	1007.75	24.63	16.0	62.13	2.13	0.38
1696263660.0			1.0	17.43	64.8	0	0	1007.75	24.63	16.0	62.13	2.16	0.44
1696263720.0			1.0	17.35	64.6	0	0	1007.74	24.63	16.0	62.13	2.2	0.5
1696263780.0			1.0	17.27	64.4	0	0	1007.74	24.63	16.0	28.13	2.24	0.56
1696263840.0			1.0	17.2	64.2	0	0	1007.73	24.63	16.0	28.13	2.28	0.63
1696263900.0			1.0	17.13	64.0	0	0	1007.73	24.63	16.0	28.13	2.31	0.69
1696263960.0			1.0	17.18	64.2	0	0	1007.72	24.64	16.0	28.13	2.25	0.69
1696264020.0			1.0	17.23	64.4	0	0	1007.71	24.65	16.0	28.13	2.19	0.69
1696264080.0			1.0	17.27	64.6	0	0	1007.71	24.66	16.0	41.5	2.13	0.69
1696264140.0			1.0	17.33	64.8	0	0	1007.7	24.68	16.0	41.5	2.06	0.69
1696264200.0			1.0	17.38	65.0	0	0	1007.7	24.69	16.0	41.5	2.0	0.69
1696264260.0			1.0	17.38	65.0	0	0	1007.69	24.69	16.0	41.5	1.96	0.68
1696264320.0			1.0	17.38	65.0	0	0	1007.69	24.69	16.0	41.5	1.93	0.66
1696264380.0			1.0	17.38	65.0	0	0	1007.68	24.69	16.0	41.19	1.89	0.65
1696264440.0			1.0	17.38	65.0	0	0	1007.68	24.69	16.0	41.19	1.85	0.64
1696264500.0			1.0	17.38	65.0	0	0	1007.67	24.69	16.0	41.19	1.81	0.63
1696264560.0			1.0	17.4	65.0	0	0	1007.67	24.69	16.0	41.19	1.93	0.63
1696264620.0			1.0	17.43	65.0	0	0	1007.66	24.69	16.0	41.19	2.04	0.63
1696264680.0			1.0	17.45	65.0	0	0	1007.65	24.69	16.0	0.88	2.15	0.63
1696264740.0			1.0	17.48	65.0	0	0	1007.65	24.69	16.0	0.88	2.26	0.63
1696264800.0			1.0	17.5	65.0	0	0	1007.64	24.69	16.0	0.88	2.38	0.63
1696264860.0			1.0	17.54	65.0	0	0	1007.64	24.78	16.0	0.88	2.38	0.6
1696264920.0			1.0	17.58	65.0	0	0	1007.63	24.86	16.0	0.88	2.38	0.57
1696264980.0			1.0	17.61	65.0	0	0	1007.63	24.95	16.0	283.81	2.38	0.55
1696265040.0			1.0	17.65	65.0	0	0	1007.62	25.04	16.0	283.81	2.38	0.53
1696265100.0			1.0	17.69	65.0	0	0	1007.62	25.13	16.0	283.81	2.38	0.5
1696265160.0			1.0	17.69	64.8	0	0	1007.61	25.13	16.0	283.81	2.4	0.54
1696265220.0			1.0	17.69	64.6	0	0	1007.6	25.13	16.0	283.81	2.42	0.57
1696265280.0			1.0	17.69	64.4	0	0	1007.6	25.13	16.0	288.19	2.45	0.61
1696265340.0			1.0	17.69	64.2	0	0	1007.59	25.13	16.0	288.19	2.48	0.65
1696265400.0			1.0	17.69	64.0	0	0	1007.59	25.13	16.0	288.19	2.5	0.69
1696265460.0			1.0	17.68	63.8	0	0	1007.58	25.14	16.0	288.19	2.38	0.69
1696265520.0			1.0	17.66	63.6	0	0	1007.58	25.15	16.0	288.19	2.25	0.69
1696265580.0			1.0	17.65	63.4	0	0	1007.57	25.16	16.0	359.0	2.13	0.69
1696265640.0			1.0	17.64	63.2	0	0	1007.57	25.18	16.0	359.0	2.0	0.69
1696265700.0			1.0	17.63	63.0	0	0	1007.56	25.19	16.0	359.0	1.88	0.69
1696265760.0			1.0	17.56	62.8	0	0	1007.55	25.21	16.0	359.0	2.14	0.69
1696265820.0			1.0	17.5	62.6	0	0	1007.55	25.24	16.0	359.0	2.4	0.69
1696265880.0			1.0	17.44	62.4	0	0	1007.54	25.26	16.0	334.0	2.66	0.69
1696265940.0			1.0	17.38	62.2	0	0	1007.54	25.29	16.0	334.0	2.93	0.69
1696266000.0			1.0	17.31	62.0	0	0	1007.53	25.31	16.0	334.0	3.19	0.69
1696266060.0			1.4	17.41	62.0	0	0	1007.52	25.39	16.0	334.0	3.13	0.78
1696266120.0			1.8	17.51	62.0	0	0	1007.5	25.46	16.0	334.0	3.06	0.86
1696266180.0			2.2	17.61	62.0	0	0	1007.49	25.54	16.0	302.63	3.0	0.95
1696266240.0			2.6	17.71	62.0	0	0	1007.47	25.61	16.0	302.63	2.94	1.04
1696266300.0			3.0	17.81	62.0	0	0	1007.46	25.69	16.0	302.63	2.88	1.13
1696266360.0			3.4	17.89	62.4	0	0	1007.45	25.69	16.0	302.63	3.14	1.13
1696266420.0			3.8	17.96	62.8	0	0	1007.43	25.69	16.0	302.63	3.4	1.13
1696266480.0			4.2	18.04	63.2	0	0	1007.42	25.69	16.0	7.13	3.66	1.13
1696266540.0			4.6	18.11	63.6	0	0	1007.4	25.69	16.0	7.13	3.93	1.13
1696266600.0			5.0	18.19	64.0	0	0	1007.39	25.69	16.0	7.13	4.19	1.13
1696266660.0			5.2	18.15	63.8	0	0	1007.37	25.69	16.0	7.13	4.21	1.1
1696266720.0			5.4	18.11	63.6	0	0	1007.36	25.69	16.0	7.13	4.24	1.08
1696266780.0			5.6	18.08	63.4	0	0	1007.34	25.69	16.0	324.69	4.26	1.05
1696266840.0			5.8	18.04	63.2	0	0	1007.33	25.69	16.0	324.69	4.29	1.02
1696266900.0			6.0	18.0	63.0	0	0	1007.31	25.69	16.0	324.69	4.31	1.0
1696266960.0			6.4	17.98	63.0	0	0	1007.3	25.69	16.0	324.69	3.91	1.0
1696267020.0			6.8	17.95	63.0	0	0	1007.29	25.69	16.0	324.69	3.51	1.0
1696267080.0			7.2	17.93	63.0	0	0	1007.27	25.69	16.0	27.31	3.11	1.0
1696267140.0			7.6	17.9	63.0	0	0	1007.26	25.69	16.0	27.31	2.71	1.0
1696267200.0			8.0	17.88	63.0	0	0	1007.24	25.69	16.0	27.31	2.31	1.0
1696267260.0			8.4	17.84	62.8	0	0	1007.23	25.68	16.0	27.31	2.35	0.96
1696267320.0			8.8	17.8	62.6	0	0	1007.21	25.66	16.0	27.31	2.39	0.93
1696267380.0			9.2	17.76	62.4	0	0	1007.2	25.65	16.0	23.81	2.42	0.89
1696267440.0			9.6	17.73	62.2	0	0	1007.18	25.64	16.0	23.81	2.46	0.85
1696267500.0			10.0	17.69	62.0	0	0	1007.17	25.63	16.0	23.81	2.5	0.81
1696267560.0			10.4	17.71	62.0	0	0	1007.15	25.64	16.0	23.81	2.46	0.81
1696267620.0			10.8	17.74	62.0	0	0	1007.14	25.65	16.0	23.81	2.42	0.81
1696267680.0	0.99		11.2	17.76	62.0	0	0	1007.13	25.66	16.0	283.0	2.39	0.81
1696267740.0	0.99		11.6	17.79	62.0	0	0	1007.11	25.68	16.0	283.0	2.35	0.81
1696267800.0	0.99		12.0	17.81	62.0	0	0	1007.1	25.69	16.0	283.0	2.31	0.81
1696267860.0	0.99		12.4	17.81	62.0	0	0	1007.08	25.69	16.0	283.0	2.31	0.81
1696267920.0	0.99		12.8	17.81	62.0	0	0	1007.07	25.69	16.0	283.0	2.31	0.81
1696267980.0	0.98		13.2	17.81	62.0	0	0	1007.05	25.69	16.0	282.31	2.31	0.81
1696268040.0	0.98		13.6	17.81	62.0	0	0	1007.04	25.69	16.0	282.31	2.31	0.81
1696268100.0	0.98		14.0	17.81	62.0	0	0	1007.02	25.69	16.0	282.31	2.31	0.81
1696268160.0	0.98		13.6	17.81	62.0	0	0	1007.01	25.69	16.0	282.31	2.35	0.83
1696268220.0	0.98		13.2	17.81	62.0	0	0	1007.0	25.69	16.0	282.31	2.39	0.84
1696268280.0	0.99		12.8	17.81	62.0	0	0	1006.98	25.69	16.0	110.5	2.42	0.85
1696268340.0	0.99		12.4	17.81	62.0	0	0	1006.97	25.69	16.0	110.5	2.46	0.86
1696268400.0	0.99		12.0	17.81	62.0	0	0	1006.95	25.69	16.0	110.5	2.5	0.88
1696268460.0	0.99		12.2	17.77	62.0	0	0	1006.94	25.68	16.0	110.5	2.83	0.86
1696268520.0	0.99		12.4	17.74	62.0	0	0	1006.92	25.66	16.0	110.5	3.15	0.85
1696268580.0	1.0		12.6	17.7	62.0	0	0	1006.91	25.65	16.0	289.38	3.48	0.84
1696268640.0	1.0		12.8	17.66	62.0	0	0	1006.89	25.64	16.0	289.38	3.8	0.83
1696268700.0	1.0		13.0	17.63	62.0	0	0	1006.88	25.63	16.0	289.38	4.13	0.81
1696268760.0	1.0		13.2	17.64	61.8	0	0	1006.86	25.66	16.0	289.38	4.13	0.88
1696268820.0	1.0		13.4	17.65	61.6	0	0	1006.85	25.7	16.0	289.38	4.13	0.94
1696268880.0	1.02		13.6	17.66	61.4	0	0	1006.84	25.74	16.0	325.19	4.13	1.0
1696268940.0	1.02		13.8	17.68	61.2	0	0	1006.82	25.78	16.0	325.19	4.13	1.06
1696269000.0	1.02		14.0	17.69	61.0	0	0	1006.81	25.81	16.0	325.19	4.13	1.13
1696269060.0	1.02		14.2	17.63	61.0	0	0	1006.79	25.79	16.0	325.19	4.03	1.13
1696269120.0	1.02		14.4	17.56	61.0	0	0	1006.78	25.76	16.0	325.19	3.93	1.13
1696269180.0	1.04		14.6	17.5	61.0	0	0	1006.76	25.74	16.0	309.88	3.83	1.13
1696269240.0	1.04		14.8	17.44	61.0	0	0	1006.75	25.71	16.0	309.88	3.73	1.13
1696269300.0	1.04		15.0	17.38	61.0	0	0	1006.73	25.69	16.0	309.88	3.63	1.13
1696269360.0	1.04		15.2	17.38	61.0	0	0	1006.72	25.69	16.0	309.88	3.63	1.08
1696269420.0	1.04		15.4	17.38	61.0	0	0	1006.7	25.69	16.0	309.88	3.63	1.02
1696269480.0	1.03		15.6	17.38	61.0	0	0	1006.69	25.69	16.0	285.81	3.63	0.98
1696269540.0	1.03		15.8	17.38	61.0	0	0	1006.68	25.69	16.0	285.81	3.63	0.93
1696269600.0	1.03		16.0	17.38	61.0	0	0	1006.66	25.69	16.0	285.81	3.63	0.88
1696269660.0	1.03		16.2	17.36	60.8	0	0	1006.66	25.71	16.0	285.81	3.6	0.88
1696269720.0	1.03		16.4	17.35	60.6	0	0	1006.65	25.74	16.0	285.81	3.58	0.88
1696269780.0	1.07		16.6	17.34	60.4	0	0	1006.65	25.76	16.0	272.88	3.55	0.88
1696269840.0	1.07		16.8	17.33	60.2	0	0	1006.64	25.79	16.0	272.88	3.53	0.88
1696269900.0	1.07		17.0	17.31	60.0	0	0	1006.64	25.81	16.0	272.88	3.5	0.88
1696269960.0	1.07		17.2	17.39	60.0	0	0	1006.63	25.89	16.0	272.88	3.44	0.93
1696270020.0	1.07		17.4	17.46	60.0	0	0	1006.63	25.96	16.0	272.88	3.38	0.98
1696270080.0	1.05		17.6	17.54	60.0	0	0	1006.62	26.04	16.0	290.81	3.31	1.02
1696270140.0	1.05		17.8	17.61	60.0	0	0	1006.62	26.11	16.0	290.81	3.25	1.08
1696270200.0	1.05		18.0	17.69	60.0	0	0	1006.61	26.19	16.0	290.81	3.19	1.13
1696270260.0	1.05		18.2	17.71	60.2	0	0	1006.61	26.19	16.0	290.81	3.09	1.08
1696270320.0	1.05		18.4	17.74	60.4	0	0	1006.6	26.19	16.0	290.81	2.99	1.02
1696270380.0	1.05		18.6	17.76	60.6	0	0	1006.6	26.19	16.0	334.63	2.89	0.98
1696270440.0	1.05		18.8	17.79	60.8	0	0	1006.59	26.19	16.0	334.63	2.79	0.93
1696270500.0	1.05		19.0	17.81	61.0	0	0	1006.59	26.19	16.0	334.63	2.69	0.88
1696270560.0	1.05		19.2	17.85	61.2	0	0	1006.58	26.19	16.0	334.63	2.75	0.84
1696270620.0	1.05		19.4	17.89	61.4	0	0	1006.58	26.19	16.0	334.63	2.81	0.8
1696270680.0	1.01		19.6	17.93	61.6	0	0	1006.57	26.19	16.0	251.0	2.88	0.76
1696270740.0	1.01		19.8	17.96	61.8	0	0	1006.57	26.19	16.0	251.0	2.94	0.73
1696270800.0	1.01		20.0	18.0	62.0	0	0	1006.56	26.19	16.0	251.0	3.0	0.69
1696270860.0	1.01		20.2	17.9	61.6	0	0	1006.56	26.18	16.0	251.0	3.1	0.75
1696270920.0	1.01		20.4	17.8	61.2	0	0	1006.55	26.16	16.0	251.0	3.2	0.81
1696270980.0	1.08		20.6	17.7	60.8	0	0	1006.55	26.15	16.0	302.88	3.3	0.88
1696271040.0	1.08		20.8	17.6	60.4	0	0	1006.54	26.14	16.0	302.88	3.4	0.94
1696271100.0	1.08		21.0	17.5	60.0	0	0	1006.54	26.13	16.0	302.88	3.5	1.0
1696271160.0	1.08		21.2	17.56	60.2	0	0	1006.53	26.1	16.0	302.88	3.5	0.96
1696271220.0	1.08		21.4	17.63	60.4	0	0	1006.53	26.08	16.0	302.88	3.5	0.93
1696271280.0	1.03		21.6	17.69	60.6	0	0	1006.52	26.05	16.0	52.31	3.5	0.89
1696271340.0	1.03		21.8	17.75	60.8	0	0	1006.52	26.03	16.0	52.31	3.5	0.85
1696271400.0	1.03		22.0	17.81	61.0	0	0	1006.51	26.0	16.0	52.31	3.5	0.81
1696271460.0	1.03		22.2	17.83	61.0	0	0	1006.51	26.03	16.0	52.31	3.56	0.81
1696271520.0	1.03		22.4	17.84	61.0	0	0	1006.5	26.05	16.0	52.31	3.63	0.81
1696271580.0	1.04		22.6	17.85	61.0	0	0	1006.5	26.08	16.0	47.31	3.69	0.81
1696271640.0	1.04		22.8	17.86	61.0	0	0	1006.49	26.1	16.0	47.31	3.75	0.81
1696271700.0	1.04		23.0	17.88	61.0	0	0	1006.49	26.13	16.0	47.31	3.81	0.81
1696271760.0	1.04		23.8	17.83	60.8	0	0	1006.48	26.1	16.0	47.31	3.73	0.88
1696271820.0	1.04		24.6	17.77	60.6	0	0	1006.48	26.08	16.0	47.31	3.64	0.94
1696271880.0	1.05		25.4	17.73	60.4	0	0	1006.47	26.05	16.0	23.81	3.55	1.0
1696271940.0	1.05		26.2	17.68	60.2	0	0	1006.47	26.03	16.0	23.81	3.46	1.06
1696272000.0	1.05		27.0	17.63	60.0	0	0	1006.46	26.0	16.0	23.81	3.38	1.13
1696272060.0	1.05		27.0	17.6	60.0	0	0	1006.46	26.03	16.0	23.81	3.18	1.13
1696272120.0	1.05		27.0	17.58	60.0	0	0	1006.45	26.05	16.0	23.81	2.98	1.13
1696272180.0	1.08		27.0	17.55	60.0	0	0	1006.45	26.08	16.0	20.31	2.78	1.13
1696272240.0	1.08		27.0	17.52	60.0	0	0	1006.44	26.1	16.0	20.31	2.58	1.13
1696272300.0	1.08		27.0	17.5	60.0	0	0	1006.44	26.13	16.0	20.31	2.38	1.13
1696272360.0	1.08		27.2	17.56	60.0	0	0	1006.43	26.14	16.0	20.31	2.33	1.04
1696272420.0	1.08		27.4	17.63	60.0	0	0	1006.43	26.15	16.0	20.31	2.28	0.95
1696272480.0	1.06		27.6	17.69	60.0	0	0	1006.42	26.16	16.0	41.31	2.23	0.86
1696272540.0	1.06		27.8	17.75	60.0	0	0	1006.42	26.18	16.0	41.31	2.17	0.77
1696272600.0	1.06		28.0	17.81	60.0	0	0	1006.41	26.19	16.0	41.31	2.13	0.69
1696272660.0	1.06		28.2	17.79	60.0	0	0	1006.41	26.19	16.0	41.31	2.17	0.71
1696272720.0	1.06		28.4	17.76	60.0	0	0	1006.4	26.19	16.0	41.31	2.23	0.74
1696272780.0	1.07		28.6	17.74	60.0	0	0	1006.4	26.19	16.0	18.63	2.28	0.76
1696272840.0	1.07		28.8	17.71	60.0	0	0	1006.39	26.19	16.0	18.63	2.33	0.79
1696272900.0	1.07		29.0	17.69	60.0	0	0	1006.39	26.19	16.0	18.63	2.38	0.81
1696272960.0	1.07		29.2	17.68	60.0	0	0	1006.38	26.19	16.0	18.63	2.38	0.85
1696273020.0	1.07		29.4	17.66	60.0	0	0	1006.38	26.19	16.0	18.63	2.38	0.89
1696273080.0	1.08		29.6	17.65	60.0	0	0	1006.37	26.19	16.0	334.63	2.38	0.93
1696273140.0	1.08		29.8	17.64	60.0	0	0	1006.37	26.19	16.0	334.63	2.38	0.96
1696273200.0	1.08		30.0	17.63	60.0	0	0	1006.36	26.19	16.0	334.63	2.38	1.0
1696273260.0	1.08		29.8	17.58	60.0	0	0	1006.36	26.15	16.0	334.63	2.36	0.98
1696273320.0	1.08		29.6	17.52	60.0	0	0	1006.37	26.11	16.0	334.63	2.35	0.95
1696273380.0	1.07		29.4	17.48	60.0	0	0	1006.37	26.08	16.0	326.69	2.34	0.93
1696273440.0	1.07		29.2	17.43	60.0	0	0	1006.37	26.04	16.0	326.69	2.33	0.9
1696273500.0	1.07		29.0	17.38	60.0	0	0	1006.38	26.0	16.0	326.69	2.31	0.88
1696273560.0	1.07		29.0	17.38	60.0	0	0	1006.38	26.0	16.0	326.69	2.31	0.88
1696273620.0	1.07		29.0	17.38	60.0	0	0	1006.38	26.0	16.0	326.69	2.31	0.88
1696273680.0	1.07		29.0	17.38	60.0	0	0	1006.39	26.0	16.0	327.38	2.31	0.88
1696273740.0	1.07		29.0	17.38	60.0	0	0	1006.39	26.0	16.0	327.38	2.31	0.88
1696273800.0	1.07		29.0	17.38	60.0	0	0	1006.39	26.0	16.0	327.38	2.31	0.88
1696273860.0	1.07		29.0	17.38	59.8	0	0	1006.39	26.03	16.0	327.38	2.42	0.93
1696273920.0	1.07		29.0	17.38	59.6	0	0	1006.4	26.05	16.0	327.38	2.54	0.98
1696273980.0	1.1		29.0	17.38	59.4	0	0	1006.4	26.08	16.0	341.31	2.65	1.02
1696274040.0	1.1		29.0	17.38	59.2	0	0	1006.4	26.1	16.0	341.31	2.76	1.08
1696274100.0	1.1		29.0	17.38	59.0	0	0	1006.41	26.13	16.0	341.31	2.88	1.13
1696274160.0	1.1		28.8	17.33	58.8	0	0	1006.41	26.13	16.0	341.31	3.14	1.16
1696274220.0	1.1		28.6	17.27	58.6	0	0	1006.41	26.13	16.0	341.31	3.4	1.2
1696274280.0	1.14		28.4	17.23	58.4	0	0	1006.42	26.13	16.0	22.31	3.66	1.24
1696274340.0	1.14		28.2	17.18	58.2	0	0	1006.42	26.13	16.0	22.31	3.93	1.27
1696274400.0	1.14		28.0	17.13	58.0	0	0	1006.42	26.13	16.0	22.31	4.19	1.31
1696274460.0	1.14		28.0	17.13	58.0	0	0	1006.42	26.13	16.0	22.31	4.19	1.27
1696274520.0	1.14		28.0	17.13	58.0	0	0	1006.43	26.13	16.0	22.31	4.19	1.24
1696274580.0	1.14		28.0	17.13	58.0	0	0	1006.43	26.13	16.0	71.5	4.19	1.2
1696274640.0	1.14		28.0	17.13	58.0	0	0	1006.43	26.13	16.0	71.5	4.19	1.16
1696274700.0	1.14		28.0	17.13	58.0	0	0	1006.44	26.13	16.0	71.5	4.19	1.13
1696274760.0	1.14		32.2	17.13	58.0	0	0	1006.44	26.13	16.0	71.5	4.21	1.13
1696274820.0	1.14		36.4	17.13	58.0	0	0	1006.44	26.13	16.0	71.5	4.24	1.13
1696274880.0	1.13		40.6	17.13	58.0	0	0	1006.45	26.13	16.0	44.19	4.26	1.13
1696274940.0	1.13		44.8	17.13	58.0	0	0	1006.45	26.13	16.0	44.19	4.29	1.13
1696275000.0	1.13		49.0	17.13	58.0	0	0	1006.45	26.13	16.0	44.19	4.31	1.13
1696275060.0	1.13		49.4	17.1	57.8	0	0	1006.46	26.18	16.0	44.19	4.13	1.14
1696275120.0	1.13		49.8	17.08	57.6	0	0	1006.46	26.23	16.0	44.19	3.94	1.15
1696275180.0	1.19	1.19	50.2	17.05	57.4	0	0	1006.46	26.28	16.0	11.38	3.75	1.16
1696275240.0	1.19	1.19	50.6	17.02	57.2	0	0	1006.46	26.33	16.0	11.38	3.56	1.18
1696275300.0	1.19	1.19	51.0	17.0	57.0	0	0	1006.47	26.38	16.0	11.38	3.38	1.19
1696275360.0	1.19	1.19	51.6	17.08	57.2	0	0	1006.47	26.38	16.0	11.38	3.4	1.18
1696275420.0	1.19	1.19	52.2	17.15	57.4	0	0	1006.47	26.38	16.0	11.38	3.43	1.16
1696275480.0	1.13	1.13	52.8	17.23	57.6	0	0	1006.48	26.38	16.0	326.88	3.45	1.15
1696275540.0	1.13	1.13	53.4	17.3	57.8	0	0	1006.48	26.38	16.0	326.88	3.48	1.14
1696275600.0	1.13	1.13	54.0	17.38	58.0	0	0	1006.48	26.38	16.0	326.88	3.5	1.13
1696275660.0	1.13	1.13	54.4	17.38	58.0	0	0	1006.49	26.38	16.0	326.88	3.5	1.14
1696275720.0	1.13	1.13	54.8	17.38	58.0	0	0	1006.49	26.38	16.0	326.88	3.5	1.15
1696275780.0	1.13	1.13	55.2	17.38	58.0	0	0	1006.49	26.38	16.0	326.81	3.5	1.16
1696275840.0	1.13	1.13	55.6	17.38	58.0	0	0	1006.49	26.38	16.0	326.81	3.5	1.18
1696275900.0	1.13	1.13	56.0	17.38	58.0	0	0	1006.5	26.38	16.0	326.81	3.5	1.19
1696275960.0	1.13	1.13	56.6	17.27	57.6	0	0	1006.5	26.38	16.0	326.81	3.44	1.15
1696276020.0	1.13	1.13	57.2	17.18	57.2	0	0	1006.5	26.38	16.0	326.81	3.38	1.11
1696276080.0	1.19	1.19	57.8	17.08	56.8	0	0	1006.51	26.38	16.0	343.0	3.31	1.08
1696276140.0	1.19	1.19	58.4	16.98	56.4	0	0	1006.51	26.38	16.0	343.0	3.25	1.04
1696276200.0	1.19	1.19	59.0	16.88	56.0	0	0	1006.51	26.38	16.0	343.0	3.19	1.0
1696276260.0	1.19	1.19	59.4	16.88	56.0	0	0	1006.52	26.38	16.0	343.0	3.23	1.08
1696276320.0	1.19	1.19	59.8	16.88	56.0	0	0	1006.52	26.38	16.0	343.0	3.26	1.15
1696276380.0	1.19	1.19	60.2	16.88	56.0	0	0	1006.52	26.38	16.0	323.19	3.3	1.23
1696276440.0	1.19	1.19	60.6	16.88	56.0	0	0	1006.53	26.38	16.0	323.19	3.34	1.3
1696276500.0	1.19	1.19	61.0	16.88	56.0	0	0	1006.53	26.38	16.0	323.19	3.38	1.38
1696276560.0	1.19	1.19	61.6	16.9	56.2	0	0	1006.53	26.36	16.0	323.19	3.38	1.33
1696276620.0	1.19	1.19	62.2	16.93	56.4	0	0	1006.53	26.35	16.0	323.19	3.38	1.27
1696276680.0	1.17	1.17	62.8	16.95	56.6	0	0	1006.54	26.34	16.0	39.88	3.38	1.23
1696276740.0	1.17	1.17	63.4	16.98	56.8	0	0	1006.54	26.33	16.0	39.88	3.38	1.18
1696276800.0	1.17	1.17	64.0	17.0	57.0	0	0	1006.54	26.31	16.0	39.88	3.38	1.13
1696276860.0	1.17	1.17	63.6	16.96	56.8	0	0	1006.53	26.33	16.0	39.88	3.54	1.13
1696276920.0	1.17	1.17	63.2	16.93	56.6	0	0	1006.52	26.34	16.0	39.88	3.7	1.13
1696276980.0	1.21	1.21	62.8	16.89	56.4	0	0	1006.51	26.35	16.0	6.81	3.86	1.13
1696277040.0	1.21	1.21	62.4	16.85	56.2	0	0	1006.51	26.36	16.0	6.81	4.03	1.13
1696277100.0	1.21	1.21	62.0	16.81	56.0	0	0	1006.5	26.38	16.0	6.81	4.19	1.13
1696277160.0	1.21	1.21	61.4	16.88	56.2	0	0	1006.49	26.38	16.0	6.81	4.19	1.1
1696277220.0	1.21	1.21	60.8	16.94	56.4	0	0	1006.48	26.38	16.0	6.81	4.19	1.08
1696277280.0	1.17	1.17	60.2	17.0	56.6	0	0	1006.47	26.38	16.0	348.5	4.19	1.05
1696277340.0	1.17	1.17	59.6	17.06	56.8	0	0	1006.46	26.38	16.0	348.5	4.19	1.02
1696277400.0	1.17	1.17	59.0	17.13	57.0	0	0	1006.45	26.38	16.0	348.5	4.19	1.0
1696277460.0	1.17	1.17	58.6	17.18	57.2	0	0	1006.44	26.4	16.0	348.5	4.09	1.02
1696277520.0	1.17	1.17	58.2	17.23	57.4	0	0	1006.43	26.43	16.0	348.5	3.99	1.05
1696277580.0	1.13	1.13	57.8	17.27	57.6	0	0	1006.42	26.45	16.0	38.13	3.89	1.08
1696277640.0	1.13	1.13	57.4	17.33	57.8	0	0	1006.41	26.48	16.0	38.13	3.79	1.1
1696277700.0	1.13	1.13	57.0	17.38	58.0	0	0	1006.4	26.5	16.0	38.13	3.69	1.13
1696277760.0	1.13	1.13	56.4	17.3	57.6	0	0	1006.39	26.53	16.0	38.13	3.69	1.13
1696277820.0	1.13	1.13	55.8	17.23	57.2	0	0	1006.38	26.55	16.0	38.13	3.69	1.13
1696277880.0	1.2	1.2	55.2	17.15	56.8	0	0	1006.37	26.58	16.0	305.5	3.69	1.13
1696277940.0	1.2	1.2	54.6	17.08	56.4	0	0	1006.36	26.6	16.0	305.5	3.69	1.13
1696278000.0	1.2	1.2	54.0	17.0	56.0	0	0	1006.35	26.63	16.0	305.5	3.69	1.13
1696278060.0	1.2	1.2	53.6	17.04	56.2	0	0	1006.34	26.63	16.0	305.5	3.63	1.08
1696278120.0	1.2	1.2	53.2	17.08	56.4	0	0	1006.33	26.63	16.0	305.5	3.56	1.02
1696278180.0	1.18	1.18	52.8	17.11	56.6	0	0	1006.32	26.63	16.0	22.81	3.5	0.98
1696278240.0	1.18	1.18	52.4	17.15	56.8	0	0	1006.31	26.63	16.0	22.81	3.44	0.93
1696278300.0	1.18	1.18	52.0	17.19	57.0	0	0	1006.3	26.63	16.0	22.81	3.38	0.88
1696278360.0	1.18	1.18	51.4	17.18	57.0	0	0	1006.29	26.63	16.0	22.81	3.38	0.88
1696278420.0	1.18	1.18	50.8	17.16	57.0	0	0	1006.28	26.63	16.0	22.81	3.38	0.88
1696278480.0	1.18		50.2	17.15	57.0	0	0	1006.27	26.63	16.0	23.5	3.38	0.88
1696278540.0	1.18		49.6	17.14	57.0	0	0	1006.26	26.63	16.0	23.5	3.38	0.88
1696278600.0	1.18		49.0	17.13	57.0	0	0	1006.25	26.63	16.0	23.5	3.38	0.88
1696278660.0	1.18		48.6	17.13	57.0	0	0	1006.24	26.6	16.0	23.5	3.38	0.86
1696278720.0	1.18		48.2	17.13	57.0	0	0	1006.23	26.58	16.0	23.5	3.38	0.85
1696278780.0	1.18		47.8	17.13	57.0	0	0	1006.22	26.55	16.0	323.5	3.38	0.84
1696278840.0	1.18		47.4	17.13	57.0	0	0	1006.21	26.53	16.0	323.5	3.38	0.83
1696278900.0	1.18		47.0	17.13	57.0	0	0	1006.21	26.5	16.0	323.5	3.38	0.81
1696278960.0	1.18		44.2	17.08	56.8	0	0	1006.2	26.53	16.0	323.5	3.38	0.83
1696279020.0	1.18		41.4	17.02	56.6	0	0	1006.19	26.55	16.0	323.5	3.38	0.84
1696279080.0	1.22		38.6	16.98	56.4	0	0	1006.18	26.58	16.0	322.19	3.38	0.85
1696279140.0	1.22		35.8	16.93	56.2	0	0	1006.17	26.6	16.0	322.19	3.38	0.86
1696279200.0	1.22		33.0	16.88	56.0	0	0	1006.16	26.63	16.0	322.19	3.38	0.88
1696279260.0	1.22		32.4	16.9	56.0	0	0	1006.15	26.63	16.0	322.19	3.43	0.9
1696279320.0	1.22		31.8	16.93	56.0	0	0	1006.14	26.63	16.0	322.19	3.48	0.93
1696279380.0	1.2		31.2	16.95	56.0	0	0	1006.13	26.63	16.0	44.69	3.53	0.95
1696279440.0	1.2		30.6	16.98	56.0	0	0	1006.12	26.63	16.0	44.69	3.58	0.98
1696279500.0	1.2		30.0	17.0	56.0	0	0	1006.11	26.63	16.0	44.69	3.63	1.0
1696279560.0	1.2		29.4	16.93	55.8	0	0	1006.1	26.58	16.0	44.69	3.63	1.0
1696279620.0	1.2		28.8	16.85	55.6	0	0	1006.09	26.53	16.0	44.69	3.63	1.0
1696279680.0	1.24		28.2	16.77	55.4	0	0	1006.08	26.48	16.0	28.63	3.63	1.0
1696279740.0	1.24		27.6	16.7	55.2	0	0	1006.07	26.43	16.0	28.63	3.63	1.0
1696279800.0	1.24		27.0	16.63	55.0	0	0	1006.06	26.38	16.0	28.63	3.63	1.0
1696279860.0	1.24		26.4	16.63	55.0	0	0	1006.05	26.38	16.0	28.63	3.34	0.98
1696279920.0	1.24		25.8	16.63	55.0	0	0	1006.04	26.38	16.0	28.63	3.05	0.95
1696279980.0	1.24		25.2	16.63	55.0	0	0	1006.03	26.38	16.0	32.0	2.76	0.93
1696280040.0	1.24		24.6	16.63	55.0	0	0	1006.02	26.38	16.0	32.0	2.48	0.9
1696280100.0	1.24		24.0	16.63	55.0	0	0	1006.01	26.38	16.0	32.0	2.19	0.88
1696280160.0	1.24		23.4	16.64	55.0	0	0	1006.0	26.38	16.0	32.0	2.19	0.83
1696280220.0	1.24		22.8	16.65	55.0	0	0	1005.99	26.38	16.0	32.0	2.19	0.78
1696280280.0	1.23		22.2	16.66	55.0	0	0	1005.98	26.38	16.0	38.5	2.19	0.73
1696280340.0	1.23		21.6	16.68	55.0	0	0	1005.97	26.38	16.0	38.5	2.19	0.68
1696280400.0	1.23		21.0	16.69	55.0	0	0	1005.96	26.38	16.0	38.5	2.19	0.63
1696280460.0	1.23		20.6	16.69	55.0	0	0	1005.96	26.38	16.0	38.5	2.05	0.56
1696280520.0	1.23		20.2	16.69	55.0	0	0	1005.95	26.38	16.0	38.5	1.91	0.5
1696280580.0	1.23		19.8	16.69	55.0	0	0	1005.95	26.38	16.0	30.5	1.78	0.44
1696280640.0	1.23		19.4	16.69	55.0	0	0	1005.94	26.38	16.0	30.5	1.64	0.38
1696280700.0	1.23		19.0	16.69	55.0	0	0	1005.94	26.38	16.0	30.5	1.5	0.31
1696280760.0	1.23		18.8	16.63	54.8	0	0	1005.93	26.38	16.0	30.5	1.7	0.38
1696280820.0	1.23		18.6	16.56	54.6	0	0	1005.93	26.38	16.0	30.5	1.9	0.44
1696280880.0	1.28		18.4	16.5	54.4	0	0	1005.92	26.38	16.0	1.13	2.1	0.5
1696280940.0	1.28		18.2	16.44	54.2	0	0	1005.92	26.38	16.0	1.13	2.3	0.56
1696281000.0	1.28		18.0	16.38	54.0	0	0	1005.91	26.38	16.0	1.13	2.5	0.63
1696281060.0	1.28		17.6	16.48	54.4	0	0	1005.91	26.4	16.0	1.13	2.46	0.63
1696281120.0	1.28		17.2	16.58	54.8	0	0	1005.9	26.43	16.0	1.13	2.42	0.63
1696281180.0	1.2		16.8	16.68	55.2	0	0	1005.9	26.45	16.0	6.69	2.39	0.63
1696281240.0	1.2		16.4	16.77	55.6	0	0	1005.89	26.48	16.0	6.69	2.35	0.63
1696281300.0	1.2		16.0	16.88	56.0	0	0	1005.89	26.5	16.0	6.69	2.31	0.63
1696281360.0	1.2		15.8	16.88	56.0	0	0	1005.88	26.5	16.0	6.69	2.05	0.54
1696281420.0	1.2		15.6	16.88	56.0	0	0	1005.87	26.5	16.0	6.69	1.79	0.45
1696281480.0	1.2		15.4	16.88	56.0	0	0	1005.87	26.5	16.0	23.31	1.53	0.36
1696281540.0	1.2		15.2	16.88	56.0	0	0	1005.86	26.5	16.0	23.31	1.26	0.27
1696281600.0	1.2		15.0	16.88	56.0	0	0	1005.86	26.5	16.0	23.31	1.0	0.19
1696281660.0	1.2		14.6	16.86	56.0	0	0	1005.85	26.5	16.0	23.31	1.0	0.19
1696281720.0	1.2		14.2	16.85	56.0	0	0	1005.85	26.5	16.0	23.31	1.0	0.19
1696281780.0	1.21		13.8	16.84	56.0	0	0	1005.84	26.5	16.0	22.63	1.0	0.19
1696281840.0	1.21		13.4	16.83	56.0	0	0	1005.84	26.5	16.0	22.63	1.0	0.19
1696281900.0	1.21		13.0	16.81	56.0	0	0	1005.83	26.5	16.0	22.63	1.0	0.19
1696281960.0	1.21		17.2	16.79	56.2	0	0	1005.83	26.43	16.0	22.63	1.14	0.19
1696282020.0	1.21		21.4	16.76	56.4	0	0	1005.82	26.35	16.0	22.63	1.27	0.19
1696282080.0	1.17		25.6	16.74	56.6	0	0	1005.82	26.28	16.0	20.0	1.41	0.19
1696282140.0	1.17		29.8	16.71	56.8	0	0	1005.81	26.2	16.0	20.0	1.55	0.19
1696282200.0	1.17		34.0	16.69	57.0	0	0	1005.81	26.13	16.0	20.0	1.69	0.19
1696282260.0	1.17		33.2	16.69	56.8	0	0	1005.8	26.13	16.0	20.0	1.65	0.19
1696282320.0	1.17		32.4	16.69	56.6	0	0	1005.8	26.13	16.0	20.0	1.61	0.19
1696282380.0	1.19		31.6	16.69	56.4	0	0	1005.79	26.13	16.0	20.81	1.58	0.19
1696282440.0	1.19		30.8	16.69	56.2	0	0	1005.79	26.13	16.0	20.81	1.54	0.19
1696282500.0	1.19		30.0	16.69	56.0	0	0	1005.78	26.13	16.0	20.81	1.5	0.19
1696282560.0	1.19		29.2	16.63	55.8	0	0	1005.78	26.13	16.0	20.81	1.56	0.23
1696282620.0	1.19		28.4	16.56	55.6	0	0	1005.77	26.13	16.0	20.81	1.63	0.26
1696282680.0	1.22		27.6	16.5	55.4	0	0	1005.76	26.13	16.0	54.31	1.69	0.3
1696282740.0	1.22		26.8	16.44	55.2	0	0	1005.76	26.13	16.0	54.31	1.75	0.34
1696282800.0	1.22		26.0	16.38	55.0	0	0	1005.75	26.13	16.0	54.31	1.81	0.38
1696282860.0	1.22		25.2	16.43	55.4	0	0	1005.75	26.1	16.0	54.31	1.65	0.34
1696282920.0	1.22		24.4	16.48	55.8	0	0	1005.74	26.08	16.0	54.31	1.49	0.3
1696282980.0	1.18		23.6	16.52	56.2	0	0	1005.74	26.05	16.0	47.19	1.33	0.26
1696283040.0	1.18		22.8	16.58	56.6	0	0	1005.73	26.03	16.0	47.19	1.16	0.23
1696283100.0	1.18		22.0	16.63	57.0	0	0	1005.73	26.0	16.0	47.19	1.0	0.19
1696283160.0	1.18		21.2	16.58	57.0	0	0	1005.72	25.94	16.0	47.19	0.94	0.15
1696283220.0	1.18		20.4	16.52	57.0	0	0	1005.72	25.88	16.0	47.19	0.88	0.11
1696283280.0	1.16		19.6	16.48	57.0	0	0	1005.71	25.81	16.0	48.13	0.81	0.08
1696283340.0	1.16		18.8	16.43	57.0	0	0	1005.71	25.75	16.0	48.13	0.75	0.04
1696283400.0	1.16		18.0	16.38	57.0	0	0	1005.7	25.69	16.0	48.13	0.69	0.0
1696283460.0	1.16		17.2	16.43	57.2	0	0	1005.7	25.69	16.0	48.13	0.69	0.0
1696283520.0	1.16		16.4	16.48	57.4	0	0	1005.69	25.69	16.0	48.13	0.69	0.0
1696283580.0	1.13		15.6	16.52	57.6	0	0	1005.69	25.69	16.0	34.81	0.69	0.0
1696283640.0	1.13		14.8	16.58	57.8	0	0	1005.68	25.69	16.0	34.81	0.69	0.0
1696283700.0	1.13		14.0	16.63	58.0	0	0	1005.68	25.69	16.0	34.81	0.69	0.0
1696283760.0	1.13		13.4	16.63	58.0	0	0	1005.67	25.68	16.0	34.81	0.69	0.0
1696283820.0	1.13		12.8	16.63	58.0	0	0	1005.67	25.66	16.0	34.81	0.69	0.0
1696283880.0	1.14		12.2	16.63	58.0	0	0	1005.66	25.65	16.0	36.81	0.69	0.0
1696283940.0	1.14		11.6	16.63	58.0	0	0	1005.66	25.64	16.0	36.81	0.69	0.0
1696284000.0	1.14		11.0	16.63	58.0	0	0	1005.65	25.63	16.0	36.81	0.69	0.0
1696284060.0	1.14		10.8	16.66	58.2	0	0	1005.65	25.63	16.0	36.81	0.68	0.0
1696284120.0	1.14		10.6	16.7	58.4	0	0	1005.64	25.63	16.0	36.81	0.66	0.0
1696284180.0			10.4	16.74	58.6	0	0	1005.64	25.63	16.0	37.88	0.65	0.0
1696284240.0			10.2	16.77	58.8	0	0	1005.63	25.63	16.0	37.88	0.64	0.0
1696284300.0			10.0	16.81	59.0	0	0	1005.63	25.63	16.0	37.88	0.63	0.0
1696284360.0			9.8	16.83	59.0	0	0	1005.62	25.63	16.0	37.88	0.56	0.0
1696284420.0			9.6	16.84	59.0	0	0	1005.62	25.63	16.0	37.88	0.5	0.0
1696284480.0			9.4	16.85	59.0	0	0	1005.61	25.63	16.0	39.13	0.44	0.0
1696284540.0			9.2	16.86	59.0	0	0	1005.61	25.63	16.0	39.13	0.38	0.0
1696284600.0			9.0	16.88	59.0	0	0	1005.6	25.63	16.0	39.13	0.31	0.0
1696284660.0			8.8	16.86	59.2	0	0	1005.6	25.54	16.0	39.13	0.31	0.0
1696284720.0			8.6	16.85	59.4	0	0	1005.59	25.45	16.0	39.13	0.31	0.0
1696284780.0			8.4	16.84	59.6	0	0	1005.59	25.36	16.0	40.5	0.31	0.0
1696284840.0			8.2	16.83	59.8	0	0	1005.58	25.28	16.0	40.5	0.31	0.0
1696284900.0			8.0	16.81	60.0	0	0	1005.58	25.19	16.0	40.5	0.31	0.0
1696284960.0			7.8	16.85	60.2	0	0	1005.57	25.18	16.0	40.5	0.29	0.0
1696285020.0			7.6	16.89	60.4	0	0	1005.57	25.16	16.0	40.5	0.26	0.0
1696285080.0			7.4	16.93	60.6	0	0	1005.56	25.15	16.0	41.88	0.24	0.0
1696285140.0			7.2	16.96	60.8	0	0	1005.56	25.14	16.0	41.88	0.21	0.0
1696285200.0			7.0	17.0	61.0	0	0	1005.55	25.13	16.0	41.88	0.19	0.0
1696285260.0			6.8	17.02	61.2	0	0	1005.55	25.1	16.0	41.88	0.19	0.0
1696285320.0			6.6	17.05	61.4	0	0	1005.54	25.08	16.0	41.88	0.19	0.0
1696285380.0			6.4	17.08	61.6	0	0	1005.54	25.05	16.0	43.5	0.19	0.0
1696285440.0			6.2	17.1	61.8	0	0	1005.54	25.03	16.0	43.5	0.19	0.0
1696285500.0			6.0	17.13	62.0	0	0	1005.53	25.0	16.0	43.5	0.19	0.0
1696285560.0			5.8	17.14	62.2	0	0	1005.53	24.98	16.0	43.5	0.15	0.0
1696285620.0			5.6	17.15	62.4	0	0	1005.52	24.95	16.0	43.5	0.11	0.0
1696285680.0			5.4	17.16	62.6	0	0	1005.52	24.93	16.0	45.19	0.08	0.0
1696285740.0			5.2	17.18	62.8	0	0	1005.51	24.9	16.0	45.19	0.04	0.0
1696285800.0			5.0	17.19	63.0	0	0	1005.51	24.88	16.0	45.19	0.0	0.0
1696285860.0			4.8	17.15	63.2	0	0	1005.5	24.8	16.0	45.19	0.04	0.0
1696285920.0			4.6	17.11	63.4	0	0	1005.5	24.73	16.0	45.19	0.08	0.0
1696285980.0			4.4	17.08	63.6	0	0	1005.49	24.65	16.0	47.0	0.11	0.0
1696286040.0			4.2	17.04	63.8	0	0	1005.49	24.58	16.0	47.0	0.15	0.0
1696286100.0			4.0	17.0	64.0	0	0	1005.48	24.5	16.0	47.0	0.19	0.0
1696286160.0			4.0	17.0	64.0	0	0	1005.48	24.48	16.0	47.0	0.19	0.0
1696286220.0			4.0	17.0	64.0	0	0	1005.47	24.45	16.0	47.0	0.19	0.0
1696286280.0			4.0	17.0	64.0	0	0	1005.47	24.43	16.0	48.88	0.19	0.0
1696286340.0			4.0	17.0	64.0	0	0	1005.46	24.4	16.0	48.88	0.19	0.0
1696286400.0			4.0	17.0	64.0	0	0	1005.46	24.38	16.0	48.88	0.19	0.0
1696286460.0			3.8	17.0	64.0	0	0	1005.45	24.36	16.0	48.88	0.18	0.03
1696286520.0			3.6	17.0	64.0	0	0	1005.45	24.35	16.0	48.88	0.16	0.05
1696286580.0			3.4	17.0	64.0	0	0	1005.44	24.34	16.0	69.69	0.15	0.08
1696286640.0			3.2	17.0	64.0	0	0	1005.44	24.33	16.0	69.69	0.14	0.1
1696286700.0			3.0	17.0	64.0	0	0	1005.44	24.31	16.0	69.69	0.13	0.13
1696286760.0			2.8	16.94	64.0	0	0	1005.43	24.23	16.0	69.69	0.13	0.13
1696286820.0			2.6	16.88	64.0	0	0	1005.43	24.14	16.0	69.69	0.13	0.13
1696286880.0			2.4	16.81	64.0	0	0	1005.42	24.05	16.0	71.13	0.13	0.13
1696286940.0			2.2	16.75	64.0	0	0	1005.42	23.96	16.0	71.13	0.13	0.13
1696287000.0			2.0	16.69	64.0	0	0	1005.41	23.88	16.0	71.13	0.13	0.13
1696287060.0			1.8	16.69	64.2	0	0	1005.41	23.86	16.0	71.13	0.13	0.13
1696287120.0			1.6	16.69	64.4	0	0	1005.4	23.85	16.0	71.13	0.13	0.13
1696287180.0			1.4	16.69	64.6	0	0	1005.4	23.84	16.0	72.38	0.13	0.13
1696287240.0			1.2	16.69	64.8	0	0	1005.39	23.83	16.0	72.38	0.13	0.13
1696287300.0			1.0	16.69	65.0	0	0	1005.39	23.81	16.0	72.38	0.13	0.13
1696287360.0			0.8	16.73	65.2	0	0	1005.38	23.79	16.0	72.38	0.18	0.13
1696287420.0			0.6	16.76	65.4	0	0	1005.38	23.76	16.0	72.38	0.23	0.13
1696287480.0			0.4	16.8	65.6	0	0	1005.37	23.74	16.0	73.63	0.28	0.13
1696287540.0			0.2	16.84	65.8	0	0	1005.37	23.71	16.0	73.63	0.33	0.13
1696287600.0			0.0	16.88	66.0	0	0	1005.36	23.69	16.0	73.63	0.38	0.13
1696287660.0			0.0	16.9	66.0	0	0	1005.37	23.69	16.0	73.63	0.38	0.13
1696287720.0			0.0	16.93	66.0	0	0	1005.37	23.69	16.0	73.63	0.38	0.13
1696287780.0			0.0	16.95	66.0	0	0	1005.38	23.69	16.0	72.13	0.38	0.13
1696287840.0			0.0	16.98	66.0	0	0	1005.38	23.69	16.0	72.13	0.38	0.13
1696287900.0			0.0	17.0	66.0	0	0	1005.39	23.69	16.0	72.13	0.38	0.13
1696287960.0			0.0	16.94	66.2	0	0	1005.39	23.61	16.0	72.13	0.33	0.13
1696288020.0			0.0	16.88	66.4	0	0	1005.39	23.54	16.0	72.13	0.28	0.13
1696288080.0			0.0	16.81	66.6	0	0	1005.4	23.46	16.0	70.63	0.22	0.13
1696288140.0			0.0	16.75	66.8	0	0	1005.4	23.39	16.0	70.63	0.18	0.13
1696288200.0			0.0	16.69	67.0	0	0	1005.41	23.31	16.0	70.63	0.13	0.13
1696288260.0			0.0	16.73	67.2	0	0	1005.41	23.28	16.0	70.63	0.13	0.13
1696288320.0			0.0	16.76	67.4	0	0	1005.42	23.24	16.0	70.63	0.13	0.13
1696288380.0			0.0	16.8	67.6	0	0	1005.42	23.2	16.0	68.88	0.13	0.13
1696288440.0			0.0	16.84	67.8	0	0	1005.43	23.16	16.0	68.88	0.13	0.13
1696288500.0			0.0	16.88	68.0	0	0	1005.43	23.13	16.0	68.88	0.13	0.13
1696288560.0			0.0	16.88	68.0	0	0	1005.44	23.13	16.0	68.88	0.13	0.13
1696288620.0			0.0	16.88	68.0	0	0	1005.44	23.13	16.0	68.88	0.13	0.13
1696288680.0			0.0	16.88	68.0	0	0	1005.44	23.13	16.0	67.31	0.13	0.13
1696288740.0			0.0	16.88	68.0	0	0	1005.45	23.13	16.0	67.31	0.13	0.13
1696288800.0			0.0	16.88	68.0	0	0	1005.45	23.13	16.0	67.31	0.13	0.13
1696288860.0			0.0	16.88	68.2	0	0	1005.46	23.1	16.0	67.31	0.13	0.13
1696288920.0			0.0	16.88	68.4	0	0	1005.46	23.08	16.0	67.31	0.13	0.13
1696288980.0			0.0	16.88	68.6	0	0	1005.47	23.05	16.0	65.63	0.13	0.13
1696289040.0			0.0	16.88	68.8	0	0	1005.47	23.03	16.0	65.63	0.13	0.13
1696289100.0			0.0	16.88	69.0	0	0	1005.48	23.0	16.0	65.63	0.13	0.13
1696289160.0			0.0	16.88	69.2	0	0	1005.48	22.94	16.0	65.63	0.13	0.13
1696289220.0			0.0	16.88	69.4	0	0	1005.48	22.88	16.0	65.63	0.13	0.13
1696289280.0			0.0	16.88	69.6	0	0	1005.49	22.81	16.0	63.81	0.13	0.13
1696289340.0			0.0	16.88	69.8	0	0	1005.49	22.75	16.0	63.81	0.13	0.13
1696289400.0			0.0	16.88	70.0	0	0	1005.5	22.69	16.0	63.81	0.13	0.13
1696289460.0			0.0	16.86	70.0	0	0	1005.5	22.65	16.0	63.81	0.13	0.13
1696289520.0			0.0	16.85	70.0	0	0	1005.51	22.61	16.0	63.81	0.13	0.13
1696289580.0			0.0	16.84	70.0	0	0	1005.51	22.58	16.0	62.0	0.13	0.13
1696289640.0			0.0	16.83	70.0	0	0	1005.52	22.54	16.0	62.0	0.13	0.13
1696289700.0			0.0	16.81	70.0	0	0	1005.52	22.5	16.0	62.0	0.13	0.13
1696289760.0			0.0	16.81	70.0	0	0	1005.53	22.5	16.0	62.0	0.14	0.13
1696289820.0			0.0	16.81	70.0	0	0	1005.53	22.5	16.0	62.0	0.15	0.13
1696289880.0			0.0	16.81	70.0	0	0	1005.53	22.5	16.0	60.13	0.16	0.13
1696289940.0			0.0	16.81	70.0	0	0	1005.54	22.5	16.0	60.13	0.18	0.13
1696290000.0			0.0	16.81	70.0	0	0	1005.54	22.5	16.0	60.13	0.19	0.13
1696290060.0			0.0	16.79	70.2	0	0	1005.55	22.44	16.0	60.13	0.19	0.13
1696290120.0			0.0	16.76	70.4	0	0	1005.55	22.38	16.0	60.13	0.19	0.13
1696290180.0			0.0	16.74	70.6	0	0	1005.56	22.31	16.0	58.19	0.19	0.13
1696290240.0			0.0	16.71	70.8	0	0	1005.56	22.25	16.0	58.19	0.19	0.13
1696290300.0			0.0	16.69	71.0	0	0	1005.57	22.19	16.0	58.19	0.19	0.13
1696290360.0			0.0	16.68	71.0	0	0	1005.57	22.19	16.0	58.19	0.15	0.1
1696290420.0			0.0	16.66	71.0	0	0	1005.57	22.19	16.0	58.19	0.11	0.08
1696290480.0			0.0	16.65	71.0	0	0	1005.58	22.19	16.0	41.69	0.08	0.05
1696290540.0			0.0	16.64	71.0	0	0	1005.58	22.19	16.0	41.69	0.04	0.02
1696290600.0			0.0	16.63	71.0	0	0	1005.59	22.19	16.0	41.69	0.0	0.0
1696290660.0			0.0	16.6	71.4	0	0	1005.59	22.13	16.0	41.69	0.0	0.0
1696290720.0			0.0	16.58	71.8	0	0	1005.6	22.06	16.0	41.69	0.0	0.0
1696290780.0			0.0	16.55	72.2	0	0	1005.6	22.0	16.0	38.13	0.0	0.0
1696290840.0			0.0	16.52	72.6	0	0	1005.61	21.94	16.0	38.13	0.0	0.0
1696290900.0			0.0	16.5	73.0	0	0	1005.61	21.88	16.0	38.13	0.0	0.0
1696290960.0			0.0	16.52	73.0	0	0	1005.61	21.86	16.0	38.13	0.0	0.0
1696291020.0			0.0	16.55	73.0	0	0	1005.62	21.85	16.0	38.13	0.0	0.0
1696291080.0			0.0	16.58	73.0	0	0	1005.62	21.84	16.0	34.63	0.0	0.0
1696291140.0			0.0	16.6	73.0	0	0	1005.63	21.83	16.0	34.63	0.0	0.0
1696291200.0			0.0	16.63	73.0	0	0	1005.63	21.81	16.0	34.63	0.0	0.0
1696291260.0			0.0	16.64	73.0	0	0	1005.64	21.81	16.0	34.63	0.0	0.0
1696291320.0			0.0	16.65	73.0	0	0	1005.65	21.81	16.0	34.63	0.0	0.0
1696291380.0			0.0	16.66	73.0	0	0	1005.66	21.81	16.0	38.0	0.0	0.0
1696291440.0			0.0	16.68	73.0	0	0	1005.67	21.81	16.0	38.0	0.0	0.0
1696291500.0			0.0	16.69	73.0	0	0	1005.67	21.81	16.0	38.0	0.0	0.0
1696291560.0			0.0	16.71	73.2	0	0	1005.68	21.79	16.0	38.0	0.03	0.03
1696291620.0			0.0	16.74	73.4	0	0	1005.69	21.76	16.0	38.0	0.05	0.05
1696291680.0			0.0	16.76	73.6	0	0	1005.7	21.74	16.0	52.5	0.08	0.08
1696291740.0			0.0	16.79	73.8	0	0	1005.71	21.71	16.0	52.5	0.1	0.1
1696291800.0			0.0	16.81	74.0	0	0	1005.72	21.69	16.0	52.5	0.13	0.13
1696291860.0			0.0	16.75	74.2	0	0	1005.72	21.63	16.0	52.5	0.1	0.1
1696291920.0			0.0	16.69	74.4	0	0	1005.73	21.56	16.0	52.5	0.08	0.08
1696291980.0			0.0	16.63	74.6	0	0	1005.74	21.5	16.0	45.13	0.05	0.05
1696292040.0			0.0	16.56	74.8	0	0	1005.75	21.44	16.0	45.13	0.02	0.02
1696292100.0			0.0	16.5	75.0	0	0	1005.76	21.38	16.0	45.13	0.0	0.0
1696292160.0			0.0	16.5	75.0	0	0	1005.77	21.38	16.0	45.13	0.0	0.0
1696292220.0			0.0	16.5	75.0	0	0	1005.77	21.38	16.0	45.13	0.0	0.0
1696292280.0			0.0	16.5	75.0	0	0	1005.78	21.38	16.0	48.69	0.0	0.0
1696292340.0			0.0	16.5	75.0	0	0	1005.79	21.38	16.0	48.69	0.0	0.0
1696292400.0			0.0	16.5	75.0	0	0	1005.8	21.38	16.0	48.69	0.0	0.0
1696292460.0			0.0	16.5	75.0	0	0	1005.81	21.38	16.0	48.69	0.0	0.0
1696292520.0			0.0	16.5	75.0	0	0	1005.82	21.38	16.0	48.69	0.0	0.0
1696292580.0			0.0	16.5	75.0	0	0	1005.82	21.38	16.0	52.31	0.0	0.0
1696292640.0			0.0	16.5	75.0	0	0	1005.83	21.38	16.0	52.31	0.0	0.0
1696292700.0			0.0	16.5	75.0	0	0	1005.84	21.38	16.0	52.31	0.0	0.0
1696292760.0			0.0	16.52	75.0	0	0	1005.85	21.38	16.0	52.31	0.06	0.0
1696292820.0			0.0	16.55	75.0	0	0	1005.86	21.38	16.0	52.31	0.13	0.0
1696292880.0			0.0	16.58	75.0	0	0	1005.87	21.38	16.0	55.81	0.19	0.0
1696292940.0			0.0	16.6	75.0	0	0	1005.87	21.38	16.0	55.81	0.25	0.0
1696293000.0			0.0	16.63	75.0	0	0	1005.88	21.38	16.0	55.81	0.31	0.0
1696293060.0			0.0	16.66	75.2	0	0	1005.89	21.38	16.0	55.81	0.31	0.0
1696293120.0			0.0	16.7	75.4	0	0	1005.9	21.38	16.0	55.81	0.31	0.0
1696293180.0			0.0	16.74	75.6	0	0	1005.91	21.38	16.0	59.19	0.31	0.0
1696293240.0			0.0	16.77	75.8	0	0	1005.92	21.38	16.0	59.19	0.31	0.0
1696293300.0			0.0	16.81	76.0	0	0	1005.92	21.38	16.0	59.19	0.31	0.0
1696293360.0			0.0	16.83	76.2	0	0	1005.93	21.38	16.0	59.19	0.31	0.0
1696293420.0			0.0	16.84	76.4	0	0	1005.94	21.38	16.0	59.19	0.31	0.0
1696293480.0			0.0	16.85	76.6	0	0	1005.95	21.38	16.0	62.63	0.31	0.0
1696293540.0			0.0	16.86	76.8	0	0	1005.96	21.38	16.0	62.63	0.31	0.0
1696293600.0			0.0	16.88	77.0	0	0	1005.97	21.38	16.0	62.63	0.31	0.0
1696293660.0			0.0	16.88	77.0	0	0	1005.97	21.38	16.0	62.63	0.31	0.0
1696293720.0			0.0	16.88	77.0	0	0	1005.98	21.38	16.0	62.63	0.31	0.0
1696293780.0			0.0	16.88	77.0	0	0	1005.99	21.38	16.0	65.81	0.31	0.0
1696293840.0			0.0	16.88	77.0	0	0	1006.0	21.38	16.0	65.81	0.31	0.0
1696293900.0			0.0	16.88	77.0	0	0	1006.01	21.38	16.0	65.81	0.31	0.0
1696293960.0			0.0	16.88	77.0	0	0	1006.02	21.38	16.0	65.81	0.38	0.0
1696294020.0			0.0	16.88	77.0	0	0	1006.02	21.38	16.0	65.81	0.44	0.0
1696294080.0			0.0	16.88	77.0	0	0	1006.03	21.38	16.0	68.88	0.5	0.0
1696294140.0			0.0	16.88	77.0	0	0	1006.04	21.38	16.0	68.88	0.56	0.0
1696294200.0			0.0	16.88	77.0	0	0	1006.05	21.38	16.0	68.88	0.63	0.0
1696294260.0			0.0	16.88	77.0	0	0	1006.06	21.38	16.0	68.88	0.56	0.0
1696294320.0			0.0	16.88	77.0	0	0	1006.07	21.38	16.0	68.88	0.5	0.0
1696294380.0			0.0	16.88	77.0	0	0	1006.07	21.38	16.0	71.69	0.44	0.0
1696294440.0			0.0	16.88	77.0	0	0	1006.08	21.38	16.0	71.69	0.38	0.0
1696294500.0			0.0	16.88	77.0	0	0	1006.09	21.38	16.0	71.69	0.31	0.0
1696294560.0			0.0	16.93	77.2	0	0	1006.1	21.36	16.0	71.69	0.29	0.0
1696294620.0			0.0	16.98	77.4	0	0	1006.11	21.35	16.0	71.69	0.26	0.0
1696294680.0			0.0	17.02	77.6	0	0	1006.12	21.34	16.0	100.19	0.24	0.0
1696294740.0			0.0	17.08	77.8	0	0	1006.12	21.33	16.0	100.19	0.21	0.0
1696294800.0			0.0	17.13	78.0	0	0	1006.13	21.31	16.0	100.19	0.19	0.0
1696294860.0			0.0	17.04	78.0	0	0	1006.14	21.23	16.0	100.19	0.19	0.0
1696294920.0			0.0	16.95	78.0	0	0	1006.14	21.14	16.0	100.19	0.19	0.0
1696294980.0			0.0	16.86	78.0	0	0	1006.14	21.05	16.0	100.81	0.19	0.0
1696295040.0			0.0	16.77	78.0	0	0	1006.15	20.96	16.0	100.81	0.19	0.0
1696295100.0			0.0	16.69	78.0	0	0	1006.15	20.88	16.0	100.81	0.19	0.0
1696295160.0			0.0	16.69	78.2	0	0	1006.15	20.88	16.0	100.81	0.19	0.03
1696295220.0			0.0	16.69	78.4	0	0	1006.16	20.88	16.0	100.81	0.19	0.05
1696295280.0			0.0	16.69	78.6	0	0	1006.16	20.88	16.0	101.38	0.19	0.08
1696295340.0			0.0	16.69	78.8	0	0	1006.16	20.88	16.0	101.38	0.19	0.1
1696295400.0			0.0	16.69	79.0	0	0	1006.17	20.88	16.0	101.38	0.19	0.13
1696295460.0			0.0	16.69	78.8	0	0	1006.17	20.88	16.0	101.38	0.19	0.13
1696295520.0			0.0	16.69	78.6	0	0	1006.17	20.88	16.0	101.38	0.19	0.13
1696295580.0			0.0	16.69	78.4	0	0	1006.18	20.88	16.0	102.0	0.19	0.13
1696295640.0			0.0	16.69	78.2	0	0	1006.18	20.88	16.0	102.0	0.19	0.13
1696295700.0			0.0	16.69	78.0	0	0	1006.18	20.88	16.0	102.0	0.19	0.13
1696295760.0			0.0	16.69	78.0	0	0	1006.19	20.86	16.0	102.0	0.19	0.13
1696295820.0			0.0	16.69	78.0	0	0	1006.19	20.85	16.0	102.0	0.19	0.13
1696295880.0			0.0	16.69	78.0	0	0	1006.19	20.84	16.0	102.5	0.19	0.13
1696295940.0			0.0	16.69	78.0	0	0	1006.2	20.83	16.0	102.5	0.19	0.13
1696296000.0			0.0	16.69	78.0	0	0	1006.2	20.81	16.0	102.5	0.19	0.13
1696296060.0			0.6	16.69	78.2	0	0	1006.2	20.81	16.0	102.5	0.18	0.13
1696296120.0			1.2	16.69	78.4	0	0	1006.21	20.81	16.0	102.5	0.16	0.13
1696296180.0			1.8	16.69	78.6	0	0	1006.21	20.81	16.0	86.13	0.15	0.13
1696296240.0			2.4	16.69	78.8	0	0	1006.21	20.81	16.0	86.13	0.14	0.13
1696296300.0			3.0	16.69	79.0	0	0	1006.22	20.81	16.0	86.13	0.13	0.13
1696296360.0			3.0	16.71	79.2	0	0	1006.22	20.79	16.0	86.13	0.14	0.14
1696296420.0			3.0	16.74	79.4	0	0	1006.22	20.76	16.0	86.13	0.15	0.15
1696296480.0			3.0	16.76	79.6	0	0	1006.23	20.74	16.0	83.69	0.16	0.16
1696296540.0			3.0	16.79	79.8	0	0	1006.23	20.71	16.0	83.69	0.18	0.18
1696296600.0			3.0	16.81	80.0	0	0	1006.23	20.69	16.0	83.69	0.19	0.19
1696296660.0			3.2	16.81	80.0	0	0	1006.24	20.69	16.0	83.69	0.19	0.19
1696296720.0			3.4	16.81	80.0	0	0	1006.24	20.69	16.0	83.69	0.19	0.19
1696296780.0			3.6	16.81	80.0	0	0	1006.24	20.69	16.0	80.81	0.19	0.19
1696296840.0			3.8	16.81	80.0	0	0	1006.25	20.69	16.0	80.81	0.19	0.19
1696296900.0			4.0	16.81	80.0	0	0	1006.25	20.69	16.0	80.81	0.19	0.19
1696296960.0			4.2	16.79	79.8	0	0	1006.25	20.68	16.0	80.81	0.19	0.19
1696297020.0			4.4	16.76	79.6	0	0	1006.26	20.66	16.0	80.81	0.19	0.19
1696297080.0			4.6	16.74	79.4	0	0	1006.26	20.65	16.0	77.5	0.19	0.19
1696297140.0			4.8	16.71	79.2	0	0	1006.26	20.64	16.0	77.5	0.19	0.19
1696297200.0			5.0	16.69	79.0	0	0	1006.27	20.63	16.0	77.5	0.19	0.19
1696297260.0			5.0	16.69	79.0	0	0	1006.27	20.63	16.0	77.5	0.19	0.19
1696297320.0			5.0	16.69	79.0	0	0	1006.27	20.63	16.0	77.5	0.19	0.19
1696297380.0			5.0	16.69	79.0	0	0	1006.28	20.63	16.0	73.69	0.19	0.19
1696297440.0			5.0	16.69	79.0	0	0	1006.28	20.63	16.0	73.69	0.19	0.19
1696297500.0			5.0	16.69	79.0	0	0	1006.28	20.63	16.0	73.69	0.19	0.19
1696297560.0			5.2	16.71	79.2	0	0	1006.29	20.63	16.0	73.69	0.21	0.21
1696297620.0			5.4	16.74	79.4	0	0	1006.29	20.63	16.0	73.69	0.24	0.24
1696297680.0			5.6	16.76	79.6	0	0	1006.29	20.63	16.0	69.31	0.26	0.26
1696297740.0			5.8	16.79	79.8	0	0	1006.3	20.63	16.0	69.31	0.29	0.29
1696297800.0			6.0	16.81	80.0	0	0	1006.3	20.63	16.0	69.31	0.31	0.31
1696297860.0			6.0	16.81	80.0	0	0	1006.3	20.63	16.0	69.31	0.31	0.31
1696297920.0			6.0	16.81	80.0	0	0	1006.31	20.63	16.0	69.31	0.31	0.31
1696297980.0			6.0	16.81	80.0	0	0	1006.31	20.63	16.0	64.38	0.31	0.31
1696298040.0			6.0	16.81	80.0	0	0	1006.31	20.63	16.0	64.38	0.31	0.31
1696298100.0			6.0	16.81	80.0	0	0	1006.32	20.63	16.0	64.38	0.31	0.31
1696298160.0			6.2	16.83	80.0	0	0	1006.32	20.6	16.0	64.38	0.31	0.31
1696298220.0			6.4	16.84	80.0	0	0	1006.32	20.58	16.0	64.38	0.31	0.31
1696298280.0			6.6	16.85	80.0	0	0	1006.33	20.55	16.0	58.88	0.31	0.31
1696298340.0			6.8	16.86	80.0	0	0	1006.33	20.53	16.0	58.88	0.31	0.31
1696298400.0			7.0	16.88	80.0	0	0	1006.33	20.5	16.0	58.88	0.31	0.31
1696298460.0			6.8	16.86	80.0	0	0	1006.33	20.48	16.0	58.88	0.31	0.31
1696298520.0			6.6	16.85	80.0	0	0	1006.33	20.45	16.0	58.88	0.31	0.31
1696298580.0			6.4	16.84	80.0	0	0	1006.33	20.43	16.0	49.13	0.31	0.31
1696298640.0			6.2	16.83	80.0	0	0	1006.33	20.4	16.0	49.13	0.31	0.31
1696298700.0			6.0	16.81	80.0	0	0	1006.33	20.38	16.0	49.13	0.31	0.31
1696298760.0			6.0	16.75	80.4	0	0	1006.33	20.3	16.0	49.13	0.35	0.29
1696298820.0			6.0	16.69	80.8	0	0	1006.33	20.23	16.0	49.13	0.39	0.26
1696298880.0			6.0	16.63	81.2	0	0	1006.33	20.15	16.0	35.69	0.43	0.24
1696298940.0			6.0	16.56	81.6	0	0	1006.33	20.08	16.0	35.69	0.46	0.21
1696299000.0			6.0	16.5	82.0	0	0	1006.33	20.0	16.0	35.69	0.5	0.19
1696299060.0			5.8	16.52	82.0	0	0	1006.33	20.0	16.0	35.69	0.43	0.18
1696299120.0			5.6	16.55	82.0	0	0	1006.34	20.0	16.0	35.69	0.35	0.16
1696299180.0			5.4	16.58	82.0	0	0	1006.34	20.0	16.0	19.19	0.28	0.15
1696299240.0			5.2	16.6	82.0	0	0	1006.34	20.0	16.0	19.19	0.2	0.14
1696299300.0			5.0	16.63	82.0	0	0	1006.34	20.0	16.0	19.19	0.13	0.13
1696299360.0			5.0	16.63	82.0	0	0	1006.34	19.96	16.0	19.19	0.13	0.13
1696299420.0			5.0	16.63	82.0	0	0	1006.34	19.93	16.0	19.19	0.13	0.13
1696299480.0			5.0	16.63	82.0	0	0	1006.34	19.89	16.0	3.19	0.13	0.13
1696299540.0			5.0	16.63	82.0	0	0	1006.34	19.85	16.0	3.19	0.13	0.13
1696299600.0			5.0	16.63	82.0	0	0	1006.34	19.81	16.0	3.19	0.13	0.13
1696299660.0			5.2	16.66	82.4	0	0	1006.34	19.81	16.0	3.19	0.1	0.1
1696299720.0			5.4	16.7	82.8	0	0	1006.34	19.81	16.0	3.19	0.08	0.08
1696299780.0			5.6	16.74	83.2	0	0	1006.34	19.81	16.0	131.5	0.05	0.05
1696299840.0			5.8	16.77	83.6	0	0	1006.34	19.81	16.0	131.5	0.02	0.02
1696299900.0			6.0	16.81	84.0	0	0	1006.34	19.81	16.0	131.5	0.0	0.0
1696299960.0			6.0	16.81	84.0	0	0	1006.34	19.79	16.0	131.5	0.0	0.0
1696300020.0			6.0	16.81	84.0	0	0	1006.34	19.76	16.0	131.5	0.0	0.0
1696300080.0			6.0	16.81	84.0	0	0	1006.34	19.74	16.0	131.69	0.0	0.0
1696300140.0			6.0	16.81	84.0	0	0	1006.34	19.71	16.0	131.69	0.0	0.0
1696300200.0			6.0	16.81	84.0	0	0	1006.34	19.69	16.0	131.69	0.0	0.0
1696300260.0			5.8	16.79	84.0	0	0	1006.34	19.68	16.0	131.69	0.0	0.0
1696300320.0			5.6	16.76	84.0	0	0	1006.34	19.66	16.0	131.69	0.0	0.0
1696300380.0			5.4	16.74	84.0	0	0	1006.34	19.65	16.0	131.0	0.0	0.0
1696300440.0			5.2	16.71	84.0	0	0	1006.34	19.64	16.0	131.0	0.0	0.0
1696300500.0			5.0	16.69	84.0	0	0	1006.34	19.63	16.0	131.0	0.0	0.0
1696300560.0			5.0	16.69	84.2	0	0	1006.34	19.6	16.0	131.0	0.0	0.0
1696300620.0			5.0	16.69	84.4	0	0	1006.34	19.58	16.0	131.0	0.0	0.0
1696300680.0			5.0	16.69	84.6	0	0	1006.34	19.55	16.0	127.19	0.0	0.0
1696300740.0			5.0	16.69	84.8	0	0	1006.34	19.52	16.0	127.19	0.0	0.0
1696300800.0			5.0	16.69	85.0	0	0	1006.34	19.5	16.0	127.19	0.0	0.0
1696300860.0			4.8	16.71	85.0	0	0	1006.34	19.5	16.0	127.19	0.0	0.0
1696300920.0			4.6	16.74	85.0	0	0	1006.34	19.5	16.0	127.19	0.0	0.0
1696300980.0			4.4	16.76	85.0	0	0	1006.34	19.5	16.0	114.31	0.0	0.0
1696301040.0			4.2	16.79	85.0	0	0	1006.34	19.5	16.0	114.31	0.0	0.0
1696301100.0			4.0	16.81	85.0	0	0	1006.34	19.5	16.0	114.31	0.0	0.0
1696301160.0			3.8	16.77	85.2	0	0	1006.34	19.44	16.0	114.31	0.0	0.0
1696301220.0			3.6	16.74	85.4	0	0	1006.34	19.38	16.0	114.31	0.0	0.0
1696301280.0			3.4	16.7	85.6	0	0	1006.34	19.31	16.0	165.38	0.0	0.0
1696301340.0			3.2	16.66	85.8	0	0	1006.34	19.25	16.0	165.38	0.0	0.0
1696301400.0			3.0	16.63	86.0	0	0	1006.34	19.19	16.0	165.38	0.0	0.0
1696301460.0			3.0	16.64	86.2	0	0	1006.34	19.19	16.0	165.38	0.0	0.0
1696301520.0			3.0	16.65	86.4	0	0	1006.34	19.19	16.0	165.38	0.0	0.0
1696301580.0			3.0	16.66	86.6	0	0	1006.34	19.19	16.0	256.31	0.0	0.0
1696301640.0			3.0	16.68	86.8	0	0	1006.34	19.19	16.0	256.31	0.0	0.0
1696301700.0			3.0	16.69	87.0	0	0	1006.34	19.19	16.0	256.31	0.0	0.0
1696301760.0			2.8	16.69	87.0	0	0	1006.34	19.18	16.0	256.31	0.0	0.0
1696301820.0			2.6	16.69	87.0	0	0	1006.34	19.16	16.0	256.31	0.0	0.0
1696301880.0			2.4	16.69	87.0	0	0	1006.34	19.15	16.0	258.38	0.0	0.0
1696301940.0			2.2	16.69	87.0	0	0	1006.34	19.14	16.0	258.38	0.0	0.0
1696302000.0			2.0	16.69	87.0	0	0	1006.34	19.13	16.0	258.38	0.0	0.0
1696302060.0			2.0	16.68	86.8	0	0	1006.34	19.13	16.0	258.38	0.0	0.0
1696302120.0			2.0	16.66	86.6	0	0	1006.33	19.13	16.0	258.38	0.0	0.0
1696302180.0			2.0	16.65	86.4	0	0	1006.32	19.13	16.0	267.5	0.0	0.0
1696302240.0			2.0	16.64	86.2	0	0	1006.32	19.13	15.99	267.5	0.0	0.0
1696302300.0			2.0	16.63	86.0	0	0	1006.31	19.13	15.99	267.5	0.0	0.0
1696302360.0			2.0	16.64	86.2	0	0	1006.3	19.13	15.99	267.5	0.0	0.0
1696302420.0			2.0	16.65	86.4	0	0	1006.3	19.13	15.99	267.5	0.0	0.0
1696302480.0			2.0	16.66	86.6	0	0	1006.29	19.13	15.99	277.5	0.0	0.0
1696302540.0			2.0	16.68	86.8	0	0	1006.28	19.13	15.99	277.5	0.0	0.0
1696302600.0			2.0	16.69	87.0	0	0	1006.28	19.13	15.99	277.5	0.0	0.0
1696302660.0			2.0	16.71	87.0	0	0	1006.27	19.13	15.98	277.5	0.0	0.0
1696302720.0			2.0	16.74	87.0	0	0	1006.26	19.13	15.98	277.5	0.0	0.0
1696302780.0			2.0	16.76	87.0	0	0	1006.26	19.13	15.98	288.81	0.0	0.0
1696302840.0			2.0	16.79	87.0	0	0	1006.25	19.13	15.98	288.81	0.0	0.0
1696302900.0			2.0	16.81	87.0	0	0	1006.24	19.13	15.98	288.81	0.0	0.0
1696302960.0			2.0	16.81	87.0	0	0	1006.24	19.14	15.98	288.81	0.0	0.0
1696303020.0			2.0	16.81	87.0	0	0	1006.23	19.15	15.97	288.81	0.0	0.0
1696303080.0			2.0	16.81	87.0	0	0	1006.22	19.16	15.97	305.69	0.0	0.0
1696303140.0			2.0	16.81	87.0	0	0	1006.22	19.18	15.97	305.69	0.0	0.0
1696303200.0			2.0	16.81	87.0	0	0	1006.21	19.19	15.97	305.69	0.0	0.0
1696303260.0			1.8	16.79	87.0	0	0	1006.2	19.18	15.97	305.69	0.0	0.0
1696303320.0			1.6	16.76	87.0	0	0	1006.2	19.16	15.97	305.69	0.0	0.0
1696303380.0			1.4	16.74	87.0	0	0	1006.19	19.15	15.97	322.0	0.0	0.0
1696303440.0			1.2	16.71	87.0	0	0	1006.18	19.14	15.96	322.0	0.0	0.0
1696303500.0			1.0	16.69	87.0	0	0	1006.18	19.13	15.96	322.0	0.0	0.0
1696303560.0			0.8	16.71	87.0	0	0	1006.17	19.14	15.74	322.0	0.0	0.0
1696303620.0			0.6	16.74	87.0	0	0	1006.16	19.15	15.51	322.0	0.0	0.0
1696303680.0			0.4	16.76	87.0	0	0	1006.16	19.16	15.28	15.69	0.0	0.0
1696303740.0			0.2	16.79	87.0	0	0	1006.15	19.18	15.05	15.69	0.0	0.0
1696303800.0			0.0	16.81	87.0	0	0	1006.14	19.19	14.83	15.69	0.0	0.0
1696303860.0			0.0	16.81	87.0	0	0	1006.14	19.19	14.81	15.69	0.0	0.0
1696303920.0			0.0	16.81	87.0	0	0	1006.13	19.19	14.8	15.69	0.0	0.0
1696303980.0			0.0	16.81	87.0	0	0	1006.12	19.19	14.79	12.69	0.0	0.0
1696304040.0			0.0	16.81	87.0	0	0	1006.12	19.19	14.77	12.69	0.0	0.0
1696304100.0			0.0	16.81	87.0	0	0	1006.11	19.19	14.76	12.69	0.0	0.0
1696304160.0			0.0	16.81	87.0	0	0	1006.1	19.18	14.74	12.69	0.0	0.0
1696304220.0			0.0	16.81	87.0	0	0	1006.1	19.16	14.73	12.69	0.0	0.0
1696304280.0			0.0	16.81	87.0	0	0	1006.09	19.15	14.72	10.81	0.0	0.0
1696304340.0			0.0	16.81	87.0	0	0	1006.08	19.14	14.7	10.81	0.0	0.0
1696304400.0			0.0	16.81	87.0	0	0	1006.08	19.13	14.69	10.81	0.0	0.0
1696304460.0			0.0	16.81	87.0	0	0	1006.07	19.13	14.67	10.81	0.0	0.0
1696304520.0			0.0	16.81	87.0	0	0	1006.06	19.13	14.66	10.81	0.0	0.0
1696304580.0			0.0	16.81	87.0	0	0	1006.06	19.13	14.65	9.5	0.0	0.0
1696304640.0			0.0	16.81	87.0	0	0	1006.05	19.13	14.63	9.5	0.0	0.0
1696304700.0			0.0	16.81	87.0	0	0	1006.04	19.13	14.62	9.5	0.0	0.0
1696304760.0			0.0	16.81	87.0	0	0	1006.04	19.13	14.6	9.5	0.0	0.0
1696304820.0			0.0	16.81	87.0	0	0	1006.03	19.13	14.59	9.5	0.0	0.0
1696304880.0			0.0	16.81	87.0	0	0	1006.02	19.13	14.58	8.5	0.0	0.0
1696304940.0			0.0	16.81	87.0	0	0	1006.02	19.13	14.56	8.5	0.0	0.0
1696305000.0			0.0	16.81	87.0	0	0	1006.01	19.13	14.55	8.5	0.0	0.0
1696305060.0			0.0	16.81	87.0	0	0	1006.0	19.13	14.53	8.5	0.0	0.0
1696305120.0			0.0	16.81	87.0	0	0	1006.0	19.13	14.52	8.5	0.0	0.0
1696305180.0			0.0	16.81	87.0	0	0	1005.99	19.13	14.51	7.81	0.0	0.0
1696305240.0			0.0	16.81	87.0	0	0	1005.98	19.13	14.49	7.81	0.0	0.0
1696305300.0			0.0	16.81	87.0	0	0	1005.98	19.13	14.48	7.81	0.0	0.0
1696305360.0			0.0	16.73	87.0	0	0	1005.97	19.06	14.46	7.81	0.0	0.0
1696305420.0			0.0	16.64	87.0	0	0	1005.96	19.0	14.45	7.81	0.0	0.0
1696305480.0			0.0	16.55	87.0	0	0	1005.96	18.94	14.44	7.19	0.0	0.0
1696305540.0			0.0	16.46	87.0	0	0	1005.95	18.88	14.42	7.19	0.0	0.0
1696305600.0			0.0	16.38	87.0	0	0	1005.94	18.81	14.41	7.19	0.0	0.0
1696305660.0			0.2	16.36	87.0	0	0	1005.93	18.79	14.43	7.19	0.0	0.0
1696305720.0			0.4	16.35	87.0	0	0	1005.91	18.76	14.46	7.19	0.0	0.0
1696305780.0			0.6	16.34	87.0	0	0	1005.89	18.74	14.48	8.81	0.0	0.0
1696305840.0			0.8	16.33	87.0	0	0	1005.88	18.71	14.5	8.81	0.0	0.0
1696305900.0			1.0	16.31	87.0	0	0	1005.86	18.69	14.53	8.81	0.0	0.0
1696305960.0			1.0	16.31	87.0	0	0	1005.84	18.69	14.55	8.81	0.0	0.0
1696306020.0			1.0	16.31	87.0	0	0	1005.83	18.69	14.57	8.81	0.0	0.0
1696306080.0			1.0	16.31	87.0	0	0	1005.81	18.69	14.6	10.31	0.0	0.0
1696306140.0			1.0	16.31	87.0	0	0	1005.79	18.69	14.62	10.31	0.0	0.0
1696306200.0			1.0	16.31	87.0	0	0	1005.78	18.69	14.64	10.31	0.0	0.0
1696306260.0			1.2	16.33	87.0	0	0	1005.76	18.69	14.67	10.31	0.0	0.0
1696306320.0			1.4	16.34	87.0	0	0	1005.74	18.69	14.69	10.31	0.0	0.0
1696306380.0			1.6	16.35	87.0	0	0	1005.73	18.69	14.71	11.81	0.0	0.0
1696306440.0			1.8	16.36	87.0	0	0	1005.71	18.69	14.74	11.81	0.0	0.0
1696306500.0			2.0	16.38	87.0	0	0	1005.69	18.69	14.76	11.81	0.0	0.0
1696306560.0			2.0	16.38	87.2	0	0	1005.68	18.68	14.78	11.81	0.0	0.0
1696306620.0			2.0	16.38	87.4	0	0	1005.66	18.66	14.81	11.81	0.0	0.0
1696306680.0			2.0	16.38	87.6	0	0	1005.64	18.65	14.83	13.19	0.0	0.0
1696306740.0			2.0	16.38	87.8	0	0	1005.63	18.64	14.85	13.19	0.0	0.0
1696306800.0			2.0	16.38	88.0	0	0	1005.61	18.63	14.88	13.19	0.0	0.0
1696306860.0			2.2	16.38	88.0	0	0	1005.59	18.63	14.9	13.19	0.0	0.0
1696306920.0			2.4	16.38	88.0	0	0	1005.58	18.63	14.92	13.19	0.0	0.0
1696306980.0			2.6	16.38	88.0	0	0	1005.56	18.63	14.95	14.5	0.0	0.0
1696307040.0			2.8	16.38	88.0	0	0	1005.54	18.63	14.97	14.5	0.0	0.0
1696307100.0			3.0	16.38	88.0	0	0	1005.53	18.63	15.0	14.5	0.0	0.0
1696307160.0			5.2	16.38	88.0	0	0	1005.51	18.6	15.06	14.5	0.0	0.0
1696307220.0			7.4	16.38	88.0	0	0	1005.49	18.58	15.12	14.5	0.0	0.0
1696307280.0	0.25		9.6	16.38	88.0	0	0	1005.48	18.55	15.19	31.31	0.0	0.0
1696307340.0	0.25		11.8	16.38	88.0	0	0	1005.46	18.52	15.25	31.31	0.0	0.0
1696307400.0	0.25		14.0	16.38	88.0	0	0	1005.44	18.5	15.31	31.31	0.0	0.0
1696307460.0	0.25		14.4	16.38	88.0	0	0	1005.43	18.5	15.33	31.31	0.0	0.0
1696307520.0	0.25		14.8	16.38	88.0	0	0	1005.41	18.5	15.34	31.31	0.0	0.0
1696307580.0	0.25		15.2	16.38	88.0	0	0	1005.39	18.5	15.36	30.19	0.0	0.0
1696307640.0	0.25		15.6	16.38	88.0	0	0	1005.38	18.5	15.37	30.19	0.0	0.0
1696307700.0	0.25		16.0	16.38	88.0	0	0	1005.36	18.5	15.39	30.19	0.0	0.0
1696307760.0	0.25		16.2	16.38	88.0	0	0	1005.34	18.5	15.4	30.19	0.0	0.0
1696307820.0	0.25		16.4	16.38	88.0	0	0	1005.33	18.5	15.42	30.19	0.0	0.0
1696307880.0	0.25		16.6	16.38	88.0	0	0	1005.31	18.5	15.44	29.19	0.0	0.0
1696307940.0	0.25		16.8	16.38	88.0	0	0	1005.29	18.5	15.45	29.19	0.0	0.0
1696308000.0	0.25		17.0	16.38	88.0	0	0	1005.28	18.5	15.47	29.19	0.0	0.0
1696308060.0	0.25		17.2	16.36	88.0	0	0	1005.26	18.48	15.48	29.19	0.03	0.03
1696308120.0	0.25		17.4	16.35	88.0	0	0	1005.24	18.45	15.5	29.19	0.05	0.05
1696308180.0	0.25		17.6	16.34	88.0	0	0	1005.23	18.43	15.51	28.31	0.08	0.08
1696308240.0	0.25		17.8	16.33	88.0	0	0	1005.21	18.4	15.53	28.31	0.1	0.1
1696308300.0	0.25		18.0	16.31	88.0	0	0	1005.19	18.38	15.54	28.31	0.13	0.13
1696308360.0	0.25		18.4	16.31	88.0	0	0	1005.18	18.38	15.56	28.31	0.13	0.13
1696308420.0	0.25		18.8	16.31	88.0	0	0	1005.16	18.38	15.57	28.31	0.13	0.13
1696308480.0	0.25		19.2	16.31	88.0	0	0	1005.14	18.38	15.59	27.5	0.13	0.13
1696308540.0	0.25		19.6	16.31	88.0	0	0	1005.13	18.38	15.61	27.5	0.13	0.13
1696308600.0	0.25		20.0	16.31	88.0	0	0	1005.11	18.38	15.62	27.5	0.13	0.13
1696308660.0	0.25		20.2	16.31	88.0	0	0	1005.09	18.38	15.64	27.5	0.13	0.13
1696308720.0	0.25		20.4	16.31	88.0	0	0	1005.08	18.38	15.65	27.5	0.13	0.13
1696308780.0	0.25		20.6	16.31	88.0	0	0	1005.06	18.38	15.67	26.69	0.13	0.13
1696308840.0	0.25		20.8	16.31	88.0	0	0	1005.04	18.38	15.68	26.69	0.13	0.13
1696308900.0	0.25		21.0	16.31	88.0	0	0	1005.03	18.38	15.7	26.69	0.13	0.13
1696308960.0	0.25		21.4	16.29	88.2	0	0	1005.01	18.34	15.71	26.69	0.13	0.13
1696309020.0	0.25		21.8	16.26	88.4	0	0	1004.99	18.3	15.73	26.69	0.13	0.13
1696309080.0	0.24		22.2	16.24	88.6	0	0	1004.98	18.26	15.74	25.88	0.13	0.13
1696309140.0	0.24		22.6	16.21	88.8	0	0	1004.96	18.23	15.76	25.88	0.13	0.13
1696309200.0	0.24		23.0	16.19	89.0	0	0	1004.94	18.19	15.78	25.88	0.13	0.13
1696309260.0	0.24		23.2	16.15	89.0	0	0	1004.95	18.15	15.78	25.88	0.13	0.13
1696309320.0	0.24		23.4	16.11	89.0	0	0	1004.95	18.11	15.78	25.88	0.13	0.13
1696309380.0	0.23		23.6	16.08	89.0	0	0	1004.96	18.08	15.78	24.0	0.13	0.13
1696309440.0	0.23		23.8	16.04	89.0	0	0	1004.96	18.04	15.79	24.0	0.13	0.13
1696309500.0	0.23		24.0	16.0	89.0	0	0	1004.97	18.0	15.79	24.0	0.13	0.13
1696309560.0	0.23		24.2	16.0	89.0	0	0	1004.97	17.98	15.79	24.0	0.13	0.13
1696309620.0	0.23		24.4	16.0	89.0	0	0	1004.98	17.95	15.8	24.0	0.13	0.13
1696309680.0	0.24		24.6	16.0	89.0	0	0	1004.98	17.93	15.8	22.19	0.13	0.13
1696309740.0	0.24		24.8	16.0	89.0	0	0	1004.99	17.9	15.8	22.19	0.13	0.13
1696309800.0	0.24		25.0	16.0	89.0	0	0	1004.99	17.88	15.8	22.19	0.13	0.13
1696309860.0	0.24		25.2	16.0	89.0	0	0	1005.0	17.88	15.81	22.19	0.13	0.13
1696309920.0	0.24		25.4	16.0	89.0	0	0	1005.0	17.88	15.81	22.19	0.13	0.13
1696309980.0	0.24		25.6	16.0	89.0	0	0	1005.01	17.88	15.81	20.5	0.13	0.13
1696310040.0	0.24		25.8	16.0	89.0	0	0	1005.01	17.88	15.82	20.5	0.13	0.13
1696310100.0	0.24		26.0	16.0	89.0	0	0	1005.02	17.88	15.82	20.5	0.13	0.13
1696310160.0	0.24		26.2	16.0	89.2	0	0	1005.02	17.88	15.82	20.5	0.13	0.13
1696310220.0	0.24		26.4	16.0	89.4	0	0	1005.03	17.88	15.82	20.5	0.13	0.13
1696310280.0	0.22		26.6	16.0	89.6	0	0	1005.03	17.88	15.83	18.81	0.13	0.13
1696310340.0	0.22		26.8	16.0	89.8	0	0	1005.04	17.88	15.83	18.81	0.13	0.13
1696310400.0	0.22		27.0	16.0	90.0	0	0	1005.04	17.88	15.83	18.81	0.13	0.13
1696310460.0	0.22		27.2	15.98	90.0	0	0	1005.05	17.86	15.84	18.81	0.13	0.13
1696310520.0	0.22		27.4	15.95	90.0	0	0	1005.05	17.85	15.84	18.81	0.13	0.13
1696310580.0	0.22		27.6	15.93	90.0	0	0	1005.06	17.84	15.84	17.31	0.13	0.13
1696310640.0	0.22		27.8	15.9	90.0	0	0	1005.06	17.83	15.84	17.31	0.13	0.13
1696310700.0	0.22		28.0	15.88	90.0	0	0	1005.07	17.81	15.85	17.31	0.13	0.13
1696310760.0	0.22		36.8	15.9	89.6	0	0	1005.07	17.85	15.86	17.31	0.14	0.13
1696310820.0	0.22		45.6	15.93	89.2	0	0	1005.08	17.89	15.86	17.31	0.15	0.13
1696310880.0	0.25	0.25	54.4	15.95	88.8	0	0	1005.08	17.93	15.87	37.63	0.16	0.13
1696310940.0	0.25	0.25	63.2	15.98	88.4	0	0	1005.09	17.96	15.88	37.63	0.18	0.13
1696311000.0	0.25	0.25	72.0	16.0	88.0	0	0	1005.09	18.0	15.89	37.63	0.19	0.13
1696311060.0	0.25	0.25	71.6	16.0	88.0	0	0	1005.1	18.02	15.89	37.63	0.19	0.1
1696311120.0	0.25	0.25	71.2	16.0	88.0	0	0	1005.1	18.05	15.88	37.63	0.19	0.08
1696311180.0	0.25	0.25	70.8	16.0	88.0	0	0	1005.11	18.08	15.88	38.0	0.19	0.05
1696311240.0	0.25	0.25	70.4	16.0	88.0	0	0	1005.11	18.1	15.88	38.0	0.19	0.02
1696311300.0	0.25	0.25	70.0	16.0	88.0	0	0	1005.12	18.13	15.87	38.0	0.19	0.0
1696311360.0	0.25	0.25	69.6	16.0	88.2	0	0	1005.12	18.13	15.87	38.0	0.19	0.0
1696311420.0	0.25	0.25	69.2	16.0	88.4	0	0	1005.13	18.13	15.87	38.0	0.19	0.0
1696311480.0	0.25	0.25	68.8	16.0	88.6	0	0	1005.13	18.13	15.86	38.31	0.19	0.0
1696311540.0	0.25	0.25	68.4	16.0	88.8	0	0	1005.14	18.13	15.86	38.31	0.19	0.0
1696311600.0	0.25	0.25	68.0	16.0	89.0	0	0	1005.14	18.13	15.86	38.31	0.19	0.0
1696311660.0	0.25	0.25	67.6	16.0	88.8	0	0	1005.15	18.13	15.85	38.31	0.21	0.0
1696311720.0	0.25	0.25	67.2	16.0	88.6	0	0	1005.15	18.13	15.85	38.31	0.24	0.0
1696311780.0	0.25	0.25	66.8	16.0	88.4	0	0	1005.16	18.13	15.85	38.63	0.26	0.0
1696311840.0	0.25	0.25	66.4	16.0	88.2	0	0	1005.16	18.13	15.84	38.63	0.29	0.0
1696311900.0	0.25	0.25	66.0	16.0	88.0	0	0	1005.17	18.13	15.84	38.63	0.31	0.0
1696311960.0	0.25	0.25	65.6	15.94	88.0	0	0	1005.17	18.06	15.84	38.63	0.31	0.0
1696312020.0	0.25	0.25	65.2	15.88	88.0	0	0	1005.18	18.0	15.83	38.63	0.31	0.0
1696312080.0	0.25	0.25	64.8	15.81	88.0	0	0	1005.18	17.94	15.83	38.88	0.31	0.0
1696312140.0	0.25	0.25	64.4	15.75	88.0	0	0	1005.19	17.88	15.83	38.88	0.31	0.0
1696312200.0	0.25	0.25	64.0	15.69	88.0	0	0	1005.19	17.81	15.83	38.88	0.31	0.0
1696312260.0	0.25	0.25	63.6	15.71	88.0	0	0	1005.2	17.81	15.82	38.88	0.31	0.0
1696312320.0	0.25	0.25	63.2	15.74	88.0	0	0	1005.2	17.81	15.82	38.88	0.31	0.0
1696312380.0	0.25	0.25	62.8	15.76	88.0	0	0	1005.21	17.81	15.81	39.19	0.31	0.0
1696312440.0	0.25	0.25	62.4	15.79	88.0	0	0	1005.21	17.81	15.81	39.19	0.31	0.0
1696312500.0	0.25	0.25	62.0	15.81	88.0	0	0	1005.22	17.81	15.81	39.19	0.31	0.0
1696312560.0	0.25	0.25	61.6	15.81	88.0	0	0	1005.22	17.81	15.8	39.19	0.31	0.0
1696312620.0	0.25	0.25	61.2	15.81	88.0	0	0	1005.23	17.81	15.8	39.19	0.31	0.0
1696312680.0	0.25	0.25	60.8	15.81	88.0	0	0	1005.23	17.81	15.8	39.5	0.31	0.0
1696312740.0	0.25	0.25	60.4	15.81	88.0	0	0	1005.24	17.81	15.8	39.5	0.31	0.0
1696312800.0	0.25	0.25	60.0	15.81	88.0	0	0	1005.24	17.81	15.79	39.5	0.31	0.0
1696312860.0	0.25	0.25	60.6	15.81	88.0	0	0	1005.25	17.81	15.77	39.5	0.29	0.0
1696312920.0	0.25	0.25	61.2	15.81	88.0	0	0	1005.26	17.81	15.75	39.5	0.26	0.0
1696312980.0	0.25	0.25	61.8	15.81	88.0	0	0	1005.26	17.81	15.73	36.31	0.24	0.0
1696313040.0	0.25	0.25	62.4	15.81	88.0	0	0	1005.27	17.81	15.72	36.31	0.21	0.0
1696313100.0	0.25	0.25	63.0	15.81	88.0	0	0	1005.28	17.81	15.7	36.31	0.19	0.0
1696313160.0	0.25	0.25	63.6	15.81	88.2	0	0	1005.28	17.81	15.68	36.31	0.18	0.0
1696313220.0	0.25	0.25	64.2	15.81	88.4	0	0	1005.29	17.81	15.66	36.31	0.16	0.0
1696313280.0	0.24	0.24	64.8	15.81	88.6	0	0	1005.3	17.81	15.64	32.88	0.15	0.0
1696313340.0	0.24	0.24	65.4	15.81	88.8	0	0	1005.3	17.81	15.62	32.88	0.14	0.0
1696313400.0	0.24	0.24	66.0	15.81	89.0	0	0	1005.31	17.81	15.6	32.88	0.13	0.0
1696313460.0	0.24	0.24	66.8	15.81	89.0	0	0	1005.32	17.81	15.58	32.88	0.1	0.0
1696313520.0	0.24	0.24	67.6	15.81	89.0	0	0	1005.32	17.81	15.56	32.88	0.08	0.0
1696313580.0	0.24	0.24	68.4	15.81	89.0	0	0	1005.33	17.81	15.54	29.13	0.05	0.0
1696313640.0	0.24	0.24	69.2	15.81	89.0	0	0	1005.33	17.81	15.52	29.13	0.02	0.0
1696313700.0	0.24	0.24	70.0	15.81	89.0	0	0	1005.34	17.81	15.5	29.13	0.0	0.0
1696313760.0	0.24	0.24	70.6	15.81	89.0	0	0	1005.35	17.79	15.48	29.13	0.0	0.0
1696313820.0	0.24	0.24	71.2	15.81	89.0	0	0	1005.35	17.76	15.47	29.13	0.0	0.0
1696313880.0	0.23	0.23	71.8	15.81	89.0	0	0	1005.36	17.74	15.45	24.81	0.0	0.0
1696313940.0	0.23	0.23	72.4	15.81	89.0	0	0	1005.37	17.71	15.43	24.81	0.0	0.0
1696314000.0	0.23	0.23	73.0	15.81	89.0	0	0	1005.37	17.69	15.41	24.81	0.0	0.0
1696314060.0	0.23	0.23	73.6	15.79	89.0	0	0	1005.38	17.68	15.39	24.81	0.0	0.0
1696314120.0	0.23	0.23	74.2	15.76	89.0	0	0	1005.39	17.66	15.37	24.81	0.0	0.0
1696314180.0	0.23	0.23	74.8	15.74	89.0	0	0	1005.39	17.65	15.35	20.19	0.0	0.0
1696314240.0	0.23	0.23	75.4	15.71	89.0	0	0	1005.4	17.64	15.33	20.19	0.0	0.0
1696314300.0	0.23	0.23	76.0	15.69	89.0	0	0	1005.41	17.63	15.31	20.19	0.0	0.0
1696314360.0	0.23	0.23	76.8	15.69	89.0	0	0	1005.41	17.63	15.29	20.19	0.0	0.0
1696314420.0	0.23	0.23	77.6	15.69	89.0	0	0	1005.42	17.63	15.27	20.19	0.0	0.0
1696314480.0	0.23	0.23	78.4	15.69	89.0	0	0	1005.43	17.63	15.26	15.19	0.0	0.0
1696314540.0	0.23	0.23	79.2	15.69	89.0	0	0	1005.43	17.63	15.24	15.19	0.0	0.0
1696314600.0	0.23	0.23	80.0	15.69	89.0	0	0	1005.44	17.63	15.22	15.19	0.0	0.0
1696314660.0	0.23	0.23	65.4	15.63	89.2	0	0	1005.44	17.52	15.22	15.19	0.0	0.0
1696314720.0	0.23	0.23	50.8	15.56	89.4	0	0	1005.45	17.43	15.23	15.19	0.0	0.0
1696314780.0			36.2	15.5	89.6	0	0	1005.46	17.33	15.23	27.31	0.0	0.0
1696314840.0			21.6	15.44	89.8	0	0	1005.46	17.23	15.24	27.31	0.0	0.0
1696314900.0			7.0	15.38	90.0	0	0	1005.47	17.13	15.24	27.31	0.0	0.0
1696314960.0			6.6	15.38	90.0	0	0	1005.48	17.13	15.23	27.31	0.0	0.0
1696315020.0			6.2	15.38	90.0	0	0	1005.48	17.13	15.22	27.31	0.0	0.0
1696315080.0			5.8	15.38	90.0	0	0	1005.49	17.13	15.21	28.38	0.0	0.0
1696315140.0			5.4	15.38	90.0	0	0	1005.5	17.13	15.2	28.38	0.0	0.0
1696315200.0			5.0	15.38	90.0	0	0	1005.5	17.13	15.19	28.38	0.0	0.0
1696315260.0			4.8	15.4	90.0	0	0	1005.51	17.13	15.18	28.38	0.0	0.0
1696315320.0			4.6	15.43	90.0	0	0	1005.52	17.13	15.17	28.38	0.0	0.0
1696315380.0			4.4	15.45	90.0	0	0	1005.52	17.13	15.16	29.63	0.0	0.0
1696315440.0			4.2	15.48	90.0	0	0	1005.53	17.13	15.15	29.63	0.0	0.0
1696315500.0			4.0	15.5	90.0	0	0	1005.54	17.13	15.14	29.63	0.0	0.0
1696315560.0			3.8	15.44	90.2	0	0	1005.54	17.06	15.13	29.63	0.0	0.0
1696315620.0			3.6	15.38	90.4	0	0	1005.55	17.0	15.12	29.63	0.0	0.0
1696315680.0			3.4	15.31	90.6	0	0	1005.55	16.94	15.11	30.81	0.0	0.0
1696315740.0			3.2	15.25	90.8	0	0	1005.56	16.88	15.1	30.81	0.0	0.0
1696315800.0			3.0	15.19	91.0	0	0	1005.57	16.81	15.09	30.81	0.0	0.0
1696315860.0			2.6	15.18	90.8	0	0	1005.57	16.81	15.08	30.81	0.0	0.0
1696315920.0			2.2	15.16	90.6	0	0	1005.58	16.81	15.07	30.81	0.0	0.0
1696315980.0			1.8	15.15	90.4	0	0	1005.59	16.81	15.06	32.13	0.0	0.0
1696316040.0			1.4	15.14	90.2	0	0	1005.59	16.81	15.05	32.13	0.0	0.0
1696316100.0			1.0	15.13	90.0	0	0	1005.6	16.81	15.04	32.13	0.0	0.0
1696316160.0			0.8	15.13	90.0	0	0	1005.61	16.81	15.03	32.13	0.0	0.0
1696316220.0			0.6	15.13	90.0	0	0	1005.61	16.81	15.02	32.13	0.0	0.0
1696316280.0			0.4	15.13	90.0	0	0	1005.62	16.81	15.01	33.5	0.0	0.0
1696316340.0			0.2	15.13	90.0	0	0	1005.63	16.81	15.0	33.5	0.0	0.0
1696316400.0			0.0	15.13	90.0	0	0	1005.63	16.81	14.99	33.5	0.0	0.0
1696316460.0			0.0	15.13	90.2	0	0	1005.62	16.81	14.98	33.5	0.0	0.0
1696316520.0			0.0	15.13	90.4	0	0	1005.61	16.81	14.98	33.5	0.0	0.0
1696316580.0			0.0	15.13	90.6	0	0	1005.6	16.81	14.98	34.0	0.0	0.0
1696316640.0			0.0	15.13	90.8	0	0	1005.59	16.81	14.97	34.0	0.0	0.0
1696316700.0			0.0	15.13	91.0	0	0	1005.57	16.81	14.97	34.0	0.0	0.0
1696316760.0			0.0	15.13	91.0	0	0	1005.56	16.81	14.97	34.0	0.0	0.0
1696316820.0			0.0	15.13	91.0	0	0	1005.55	16.81	14.96	34.0	0.0	0.0
1696316880.0			0.0	15.13	91.0	0	0	1005.54	16.81	14.96	34.38	0.0	0.0
1696316940.0			0.0	15.13	91.0	0	0	1005.53	16.81	14.96	34.38	0.0	0.0
1696317000.0			0.0	15.13	91.0	0	0	1005.52	16.81	14.95	34.38	0.0	0.0
1696317060.0			0.0	15.14	91.0	0	0	1005.5	16.81	14.95	34.38	0.0	0.0
1696317120.0			0.0	15.15	91.0	0	0	1005.49	16.81	14.95	34.38	0.0	0.0
1696317180.0			0.0	15.16	91.0	0	0	1005.48	16.81	14.94	34.88	0.0	0.0
1696317240.0			0.0	15.18	91.0	0	0	1005.47	16.81	14.94	34.88	0.0	0.0
1696317300.0			0.0	15.19	91.0	0	0	1005.46	16.81	14.94	34.88	0.0	0.0
1696317360.0			0.0	15.19	91.0	0	0	1005.45	16.79	14.93	34.88	0.0	0.0
1696317420.0			0.0	15.19	91.0	0	0	1005.43	16.76	14.93	34.88	0.0	0.0
1696317480.0			0.0	15.19	91.0	0	0	1005.42	16.74	14.93	35.31	0.0	0.0
1696317540.0			0.0	15.19	91.0	0	0	1005.41	16.71	14.92	35.31	0.0	0.0
1696317600.0			0.0	15.19	91.0	0	0	1005.4	16.69	14.92	35.31	0.0	0.0
1696317660.0			0.0	15.19	91.0	0	0	1005.39	16.69	14.92	35.31	0.0	0.0
1696317720.0			0.0	15.19	91.0	0	0	1005.38	16.69	14.91	35.31	0.0	0.0
1696317780.0			0.0	15.19	91.0	0	0	1005.36	16.69	14.91	35.69	0.0	0.0
1696317840.0			0.0	15.19	91.0	0	0	1005.35	16.69	14.91	35.69	0.0	0.0
1696317900.0			0.0	15.19	91.0	0	0	1005.34	16.69	14.9	35.69	0.0	0.0
1696317960.0			0.4	15.19	91.2	0	0	1005.33	16.69	15.01	35.69	0.0	0.0
1696318020.0			0.8	15.19	91.4	0	0	1005.32	16.69	15.11	35.69	0.0	0.0
1696318080.0			1.2	15.19	91.6	0	0	1005.31	16.69	15.22	25.0	0.0	0.0
1696318140.0			1.6	15.19	91.8	0	0	1005.29	16.69	15.33	25.0	0.0	0.0
1696318200.0			2.0	15.19	92.0	0	0	1005.28	16.69	15.43	25.0	0.0	0.0
1696318260.0			2.0	15.19	92.0	0	0	1005.27	16.69	15.44	25.0	0.0	0.0
1696318320.0			2.0	15.19	92.0	0	0	1005.26	16.69	15.44	25.0	0.0	0.0
1696318380.0			2.0	15.19	92.0	0	0	1005.25	16.69	15.45	25.31	0.0	0.0
1696318440.0			2.0	15.19	92.0	0	0	1005.24	16.69	15.45	25.31	0.0	0.0
1696318500.0			2.0	15.19	92.0	0	0	1005.22	16.69	15.46	25.31	0.0	0.0
1696318560.0			2.0	15.19	92.0	0	0	1005.21	16.69	15.46	25.31	0.0	0.0
1696318620.0			2.0	15.19	92.0	0	0	1005.2	16.69	15.46	25.31	0.0	0.0
1696318680.0			2.0	15.19	92.0	0	0	1005.19	16.69	15.47	25.63	0.0	0.0
1696318740.0			2.0	15.19	92.0	0	0	1005.18	16.69	15.47	25.63	0.0	0.0
1696318800.0			2.0	15.19	92.0	0	0	1005.17	16.69	15.48	25.63	0.0	0.0
1696318860.0			2.0	15.18	92.0	0	0	1005.15	16.65	15.48	25.63	0.0	0.0
1696318920.0			2.0	15.16	92.0	0	0	1005.14	16.61	15.48	25.63	0.0	0.0
1696318980.0			2.0	15.15	92.0	0	0	1005.13	16.58	15.49	25.88	0.0	0.0
1696319040.0			2.0	15.14	92.0	0	0	1005.12	16.54	15.49	25.88	0.0	0.0
1696319100.0			2.0	15.13	92.0	0	0	1005.11	16.5	15.5	25.88	0.0	0.0
1696319160.0			2.0	15.13	92.0	0	0	1005.1	16.52	15.5	25.88	0.0	0.0
1696319220.0			2.0	15.13	92.0	0	0	1005.08	16.55	15.5	25.88	0.0	0.0
1696319280.0			2.0	15.13	92.0	0	0	1005.07	16.58	15.51	26.31	0.0	0.0
1696319340.0			2.0	15.13	92.0	0	0	1005.06	16.6	15.51	26.31	0.0	0.0
1696319400.0			2.0	15.13	92.0	0	0	1005.05	16.63	15.52	26.31	0.0	0.0
1696319460.0			2.2	15.06	92.0	0	0	1005.04	16.56	15.52	26.31	0.0	0.0
1696319520.0			2.4	15.0	92.0	0	0	1005.03	16.5	15.52	26.31	0.0	0.0
1696319580.0			2.6	14.94	92.0	0	0	1005.01	16.44	15.53	26.63	0.0	0.0
1696319640.0			2.8	14.88	92.0	0	0	1005.0	16.38	15.53	26.63	0.0	0.0
1696319700.0			3.0	14.81	92.0	0	0	1004.99	16.31	15.54	26.63	0.0	0.0
1696319760.0			3.0	14.81	92.0	0	0	1004.98	16.31	15.54	26.63	0.0	0.0
1696319820.0			3.0	14.81	92.0	0	0	1004.97	16.31	15.54	26.63	0.0	0.0
1696319880.0			3.0	14.81	92.0	0	0	1004.96	16.31	15.55	26.88	0.0	0.0
1696319940.0			3.0	14.81	92.0	0	0	1004.94	16.31	15.55	26.88	0.0	0.0
1696320000.0			3.0	14.81	92.0	0	0	1004.93	16.31	15.56	26.88	0.0	0.0
1696320060.0			3.0	14.81	92.0	0	0	1004.94	16.31	15.52	26.88	0.0	0.0
1696320120.0			3.0	14.81	92.0	0	0	1004.95	16.31	15.49	26.88	0.0	0.0
1696320180.0			3.0	14.81	92.0	0	0	1004.96	16.31	15.46	24.31	0.0	0.0
1696320240.0			3.0	14.81	92.0	0	0	1004.97	16.31	15.43	24.31	0.0	0.0
1696320300.0			3.0	14.81	92.0	0	0	1004.98	16.31	15.4	24.31	0.0	0.0
1696320360.0			3.0	14.81	92.0	0	0	1004.99	16.31	15.37	24.31	0.0	0.0
1696320420.0			3.0	14.81	92.0	0	0	1005.0	16.31	15.33	24.31	0.0	0.0
1696320480.0			3.0	14.81	92.0	0	0	1005.01	16.31	15.3	21.69	0.0	0.0
1696320540.0			3.0	14.81	92.0	0	0	1005.02	16.31	15.27	21.69	0.0	0.0
1696320600.0			3.0	14.81	92.0	0	0	1005.03	16.31	15.24	21.69	0.0	0.0
1696320660.0			3.0	14.79	92.0	0	0	1005.04	16.29	15.21	21.69	0.0	0.0
1696320720.0			3.0	14.76	92.0	0	0	1005.05	16.26	15.17	21.69	0.0	0.0
1696320780.0			3.0	14.74	92.0	0	0	1005.06	16.24	15.14	19.13	0.0	0.0
1696320840.0			3.0	14.71	92.0	0	0	1005.07	16.21	15.11	19.13	0.0	0.0
1696320900.0			3.0	14.69	92.0	0	0	1005.08	16.19	15.08	19.13	0.0	0.0
1696320960.0			3.0	14.69	92.0	0	0	1005.09	16.19	15.05	19.13	0.0	0.0
1696321020.0			3.0	14.69	92.0	0	0	1005.1	16.19	15.02	19.13	0.0	0.0
1696321080.0			3.0	14.69	92.0	0	0	1005.11	16.19	14.98	16.5	0.0	0.0
1696321140.0			3.0	14.69	92.0	0	0	1005.12	16.19	14.95	16.5	0.0	0.0
1696321200.0			3.0	14.69	92.0	0	0	1005.13	16.19	14.92	16.5	0.0	0.0
1696321260.0			3.0	14.69	92.0	0	0	1005.14	16.19	14.89	16.5	0.0	0.0
1696321320.0			3.0	14.69	92.0	0	0	1005.15	16.19	14.86	16.5	0.0	0.0
1696321380.0			3.0	14.69	92.0	0	0	1005.16	16.19	14.83	13.88	0.0	0.0
1696321440.0			3.0	14.69	92.0	0	0	1005.17	16.19	14.79	13.88	0.0	0.0
1696321500.0			3.0	14.69	92.0	0	0	1005.18	16.19	14.76	13.88	0.0	0.0
1696321560.0			3.0	14.71	92.0	0	0	1005.19	16.19	14.73	13.88	0.0	0.0
1696321620.0			3.0	14.74	92.0	0	0	1005.2	16.19	14.7	13.88	0.0	0.0
1696321680.0			3.0	14.76	92.0	0	0	1005.21	16.19	14.67	11.38	0.0	0.0
1696321740.0			3.0	14.79	92.0	0	0	1005.22	16.19	14.63	11.38	0.0	0.0
1696321800.0			3.0	14.81	92.0	0	0	1005.23	16.19	14.6	11.38	0.0	0.0
1696321860.0			2.8	14.78	91.8	0	0	1005.24	16.19	14.56	11.38	0.0	0.0
1696321920.0			2.6	14.74	91.6	0	0	1005.25	16.19	14.52	11.38	0.0	0.0
1696321980.0			2.4	14.7	91.4	0	0	1005.26	16.19	14.49	8.88	0.0	0.0
1696322040.0			2.2	14.66	91.2	0	0	1005.27	16.19	14.45	8.88	0.0	0.0
1696322100.0			2.0	14.63	91.0	0	0	1005.28	16.19	14.41	8.88	0.0	0.0
1696322160.0			2.0	14.63	91.0	0	0	1005.29	16.19	14.4	8.88	0.0	0.0
1696322220.0			2.0	14.63	91.0	0	0	1005.3	16.19	14.39	8.88	0.0	0.0
1696322280.0			2.0	14.63	91.0	0	0	1005.31	16.19	14.39	8.69	0.0	0.0
1696322340.0			2.0	14.63	91.0	0	0	1005.32	16.19	14.38	8.69	0.0	0.0
1696322400.0			2.0	14.63	91.0	0	0	1005.33	16.19	14.37	8.69	0.0	0.0
1696322460.0			2.0	14.63	91.0	0	0	1005.34	16.19	14.37	8.69	0.0	0.0
1696322520.0			2.0	14.63	91.0	0	0	1005.35	16.19	14.36	8.69	0.0	0.0
1696322580.0			2.0	14.63	91.0	0	0	1005.36	16.19	14.35	8.63	0.0	0.0
1696322640.0			2.0	14.63	91.0	0	0	1005.37	16.19	14.34	8.63	0.0	0.0
1696322700.0			2.0	14.63	91.0	0	0	1005.38	16.19	14.34	8.63	0.0	0.0
1696322760.0			2.2	14.63	91.0	0	0	1005.39	16.19	14.33	8.63	0.0	0.0
1696322820.0			2.4	14.63	91.0	0	0	1005.4	16.19	14.32	8.63	0.0	0.0
1696322880.0			2.6	14.63	91.0	0	0	1005.41	16.19	14.32	8.38	0.0	0.0
1696322940.0			2.8	14.63	91.0	0	0	1005.42	16.19	14.31	8.38	0.0	0.0
1696323000.0			3.0	14.63	91.0	0	0	1005.43	16.19	14.3	8.38	0.0	0.0
1696323060.0			3.0	14.63	91.0	0	0	1005.44	16.18	14.3	8.38	0.0	0.0
1696323120.0			3.0	14.63	91.0	0	0	1005.45	16.16	14.29	8.38	0.0	0.0
1696323180.0			3.0	14.63	91.0	0	0	1005.46	16.15	14.28	8.31	0.0	0.0
1696323240.0			3.0	14.63	91.0	0	0	1005.47	16.14	14.28	8.31	0.0	0.0
1696323300.0			3.0	14.63	91.0	0	0	1005.48	16.13	14.27	8.31	0.0	0.0
1696323360.0			3.0	14.6	91.0	0	0	1005.49	16.13	14.26	8.31	0.0	0.0
1696323420.0			3.0	14.58	91.0	0	0	1005.5	16.13	14.25	8.31	0.0	0.0
1696323480.0			3.0	14.55	91.0	0	0	1005.51	16.13	14.25	8.19	0.0	0.0
1696323540.0			3.0	14.53	91.0	0	0	1005.52	16.13	14.24	8.19	0.0	0.0
1696323600.0			3.0	14.5	91.0	0	0	1005.53	16.13	14.23	8.19	0.0	0.0
1696323660.0			3.0	14.5	91.0	0	0	1005.54	16.13	14.23	8.19	0.0	0.0
1696323720.0			3.0	14.5	91.0	0	0	1005.55	16.13	14.22	8.19	0.0	0.0
1696323780.0			3.0	14.5	91.0	0	0	1005.56	16.13	14.22	9.19	0.0	0.0
1696323840.0			3.0	14.5	91.0	0	0	1005.57	16.13	14.21	9.19	0.0	0.0
1696323900.0			3.0	14.5	91.0	0	0	1005.58	16.13	14.21	9.19	0.0	0.0
1696323960.0			2.8	14.53	91.0	0	0	1005.58	16.13	14.2	9.19	0.0	0.0
1696324020.0			2.6	14.55	91.0	0	0	1005.59	16.13	14.2	9.19	0.0	0.0
1696324080.0			2.4	14.58	91.0	0	0	1005.6	16.13	14.19	10.19	0.0	0.0
1696324140.0			2.2	14.6	91.0	0	0	1005.61	16.13	14.19	10.19	0.0	0.0
1696324200.0			2.0	14.63	91.0	0	0	1005.62	16.13	14.18	10.19	0.0	0.0
1696324260.0			2.0	14.63	91.0	0	0	1005.63	16.13	14.18	10.19	0.0	0.0
1696324320.0			2.0	14.63	91.0	0	0	1005.64	16.13	14.17	10.19	0.0	0.0
1696324380.0			2.0	14.63	91.0	0	0	1005.64	16.13	14.17	11.19	0.0	0.0
1696324440.0			2.0	14.63	91.0	0	0	1005.65	16.13	14.16	11.19	0.0	0.0
1696324500.0			2.0	14.63	91.0	0	0	1005.66	16.13	14.16	11.19	0.0	0.0
1696324560.0			2.0	14.56	91.0	0	0	1005.67	16.08	14.15	11.19	0.0	0.0
1696324620.0			2.0	14.5	91.0	0	0	1005.68	16.02	14.15	11.19	0.0	0.0
1696324680.0			2.0	14.44	91.0	0	0	1005.69	15.98	14.14	12.31	0.0	0.0
1696324740.0			2.0	14.38	91.0	0	0	1005.69	15.93	14.14	12.31	0.0	0.0
1696324800.0			2.0	14.31	91.0	0	0	1005.7	15.88	14.13	12.31	0.0	0.0
1696324860.0			2.0	14.33	91.0	0	0	1005.71	15.88	14.07	12.31	0.0	0.0
1696324920.0			2.0	14.34	91.0	0	0	1005.72	15.88	14.01	12.31	0.0	0.0
1696324980.0			2.0	14.35	91.0	0	0	1005.73	15.88	13.95	12.0	0.0	0.0
1696325040.0			2.0	14.36	91.0	0	0	1005.74	15.88	13.88	12.0	0.0	0.0
1696325100.0			2.0	14.38	91.0	0	0	1005.75	15.88	13.82	12.0	0.0	0.0
1696325160.0			2.0	14.36	91.0	0	0	1005.75	15.86	13.82	12.0	0.0	0.0
1696325220.0			2.0	14.35	91.0	0	0	1005.76	15.85	13.82	12.0	0.0	0.0
1696325280.0			2.0	14.34	91.0	0	0	1005.77	15.84	13.82	14.13	0.0	0.0
1696325340.0			2.0	14.33	91.0	0	0	1005.78	15.83	13.81	14.13	0.0	0.0
1696325400.0			2.0	14.31	91.0	0	0	1005.79	15.81	13.81	14.13	0.0	0.0
1696325460.0			2.0	14.33	91.2	0	0	1005.8	15.81	13.81	14.13	0.0	0.0
1696325520.0			2.0	14.34	91.4	0	0	1005.81	15.81	13.81	14.13	0.0	0.0
1696325580.0			2.0	14.35	91.6	0	0	1005.81	15.81	13.8	16.19	0.0	0.0
1696325640.0			2.0	14.36	91.8	0	0	1005.82	15.81	13.8	16.19	0.0	0.0
1696325700.0			2.0	14.38	92.0	0	0	1005.83	15.81	13.8	16.19	0.0	0.0
1696325760.0			1.8	14.36	92.0	0	0	1005.84	15.81	13.8	16.19	0.0	0.0
1696325820.0			1.6	14.35	92.0	0	0	1005.85	15.81	13.8	16.19	0.0	0.0
1696325880.0			1.4	14.34	92.0	0	0	1005.86	15.81	13.79	18.38	0.0	0.0
1696325940.0			1.2	14.33	92.0	0	0	1005.86	15.81	13.79	18.38	0.0	0.0
1696326000.0			1.0	14.31	92.0	0	0	1005.87	15.81	13.79	18.38	0.0	0.0
1696326060.0			1.0	14.31	92.0	0	0	1005.88	15.81	13.79	18.38	0.0	0.0
1696326120.0			1.0	14.31	92.0	0	0	1005.89	15.81	13.79	18.38	0.0	0.0
1696326180.0			1.0	14.31	92.0	0	0	1005.9	15.81	13.78	20.5	0.0	0.0
1696326240.0			1.0	14.31	92.0	0	0	1005.91	15.81	13.78	20.5	0.0	0.0
1696326300.0			1.0	14.31	92.0	0	0	1005.92	15.81	13.78	20.5	0.0	0.0
1696326360.0			1.0	14.33	92.0	0	0	1005.92	15.81	13.78	20.5	0.0	0.0
1696326420.0			1.0	14.34	92.0	0	0	1005.93	15.81	13.78	20.5	0.0	0.0
1696326480.0			1.0	14.35	92.0	0	0	1005.94	15.81	13.77	22.69	0.0	0.0
1696326540.0			1.0	14.36	92.0	0	0	1005.95	15.81	13.77	22.69	0.0	0.0
1696326600.0			1.0	14.38	92.0	0	0	1005.96	15.81	13.77	22.69	0.0	0.0
1696326660.0			1.0	14.38	92.0	0	0	1005.97	15.81	13.77	22.69	0.0	0.0
1696326720.0			1.0	14.38	92.0	0	0	1005.98	15.81	13.77	22.69	0.0	0.0
1696326780.0			1.0	14.38	92.0	0	0	1005.98	15.81	13.76	24.81	0.0	0.0
1696326840.0			1.0	14.38	92.0	0	0	1005.99	15.81	13.76	24.81	0.0	0.0
1696326900.0			1.0	14.38	92.0	0	0	1006.0	15.81	13.76	24.81	0.0	0.0
1696326960.0			1.0	14.4	92.0	0	0	1006.01	15.83	13.76	24.81	0.0	0.0
1696327020.0			1.0	14.43	92.0	0	0	1006.02	15.84	13.76	24.81	0.0	0.0
1696327080.0			1.0	14.45	92.0	0	0	1006.03	15.85	13.75	26.88	0.0	0.0
1696327140.0			1.0	14.48	92.0	0	0	1006.04	15.86	13.75	26.88	0.0	0.0
1696327200.0			1.0	14.5	92.0	0	0	1006.04	15.88	13.75	26.88	0.0	0.0
1696327260.0			1.0	14.48	91.8	0	0	1006.04	15.88	13.74	26.88	0.0	0.0
1696327320.0			1.0	14.45	91.6	0	0	1006.04	15.88	13.73	26.88	0.0	0.0
1696327380.0			1.0	14.43	91.4	0	0	1006.04	15.88	13.72	25.63	0.0	0.0
1696327440.0			1.0	14.4	91.2	0	0	1006.04	15.88	13.7	25.63	0.0	0.0
1696327500.0			1.0	14.38	91.0	0	0	1006.03	15.88	13.69	25.63	0.0	0.0
1696327560.0			1.0	14.38	91.0	0	0	1006.03	15.88	13.68	25.63	0.0	0.0
1696327620.0			1.0	14.38	91.0	0	0	1006.03	15.88	13.67	25.63	0.0	0.0
1696327680.0			1.0	14.38	91.0	0	0	1006.03	15.88	13.66	24.19	0.0	0.0
1696327740.0			1.0	14.38	91.0	0	0	1006.02	15.88	13.65	24.19	0.0	0.0
1696327800.0			1.0	14.38	91.0	0	0	1006.02	15.88	13.64	24.19	0.0	0.0
1696327860.0			1.0	14.38	91.0	0	0	1006.02	15.88	13.62	24.19	0.0	0.0
1696327920.0			1.0	14.38	91.0	0	0	1006.02	15.88	13.61	24.19	0.0	0.0
1696327980.0			1.0	14.38	91.0	0	0	1006.02	15.88	13.6	22.88	0.0	0.0
1696328040.0			1.0	14.38	91.0	0	0	1006.01	15.88	13.59	22.88	0.0	0.0
1696328100.0			1.0	14.38	91.0	0	0	1006.01	15.88	13.58	22.88	0.0	0.0
1696328160.0			1.0	14.38	91.0	0	0	1006.01	15.88	13.57	22.88	0.0	0.0
1696328220.0			1.0	14.38	91.0	0	0	1006.01	15.88	13.56	22.88	0.0	0.0
1696328280.0			1.0	14.38	91.0	0	0	1006.01	15.88	13.55	21.63	0.0	0.0
1696328340.0			1.0	14.38	91.0	0	0	1006.0	15.88	13.53	21.63	0.0	0.0
1696328400.0			1.0	14.38	91.0	0	0	1006.0	15.88	13.52	21.63	0.0	0.0
1696328460.0			1.2	14.36	91.0	0	0	1006.0	15.86	13.51	21.63	0.0	0.0
1696328520.0			1.4	14.35	91.0	0	0	1006.0	15.85	13.5	21.63	0.0	0.0
1696328580.0			1.6	14.34	91.0	0	0	1006.0	15.84	13.49	20.19	0.0	0.0
1696328640.0			1.8	14.33	91.0	0	0	1005.99	15.83	13.48	20.19	0.0	0.0
1696328700.0			2.0	14.31	91.0	0	0	1005.99	15.81	13.47	20.19	0.0	0.0
1696328760.0			2.0	14.33	91.2	0	0	1005.99	15.81	13.45	20.19	0.0	0.0
1696328820.0			2.0	14.34	91.4	0	0	1005.99	15.81	13.44	20.19	0.0	0.0
1696328880.0			2.0	14.35	91.6	0	0	1005.99	15.81	13.43	18.88	0.0	0.0
1696328940.0			2.0	14.36	91.8	0	0	1005.98	15.81	13.42	18.88	0.0	0.0
1696329000.0			2.0	14.38	92.0	0	0	1005.98	15.81	13.41	18.88	0.0	0.0
1696329060.0			2.0	14.36	92.0	0	0	1005.98	15.81	13.4	18.88	0.0	0.0
1696329120.0			2.0	14.35	92.0	0	0	1005.98	15.81	13.39	18.88	0.0	0.0
1696329180.0			2.0	14.34	92.0	0	0	1005.97	15.81	13.37	17.63	0.0	0.0
1696329240.0			2.0	14.33	92.0	0	0	1005.97	15.81	13.36	17.63	0.0	0.0
1696329300.0			2.0	14.31	92.0	0	0	1005.97	15.81	13.35	17.63	0.0	0.0
1696329360.0			2.2	14.31	92.0	0	0	1005.97	15.81	13.29	17.63	0.0	0.0
1696329420.0			2.4	14.31	92.0	0	0	1005.97	15.81	13.23	17.63	0.0	0.0
1696329480.0			2.6	14.31	92.0	0	0	1005.96	15.81	13.16	10.19	0.0	0.0
1696329540.0			2.8	14.31	92.0	0	0	1005.96	15.81	13.1	10.19	0.0	0.0
1696329600.0			3.0	14.31	92.0	0	0	1005.96	15.81	13.04	10.19	0.0	0.0
1696329660.0			3.0	14.31	92.0	0	0	1005.96	15.79	13.03	10.19	0.0	0.0
1696329720.0			3.0	14.31	92.0	0	0	1005.96	15.76	13.03	10.19	0.0	0.0
1696329780.0			3.0	14.31	92.0	0	0	1005.95	15.74	13.02	8.88	0.0	0.0
1696329840.0			3.0	14.31	92.0	0	0	1005.95	15.71	13.01	8.88	0.0	0.0
1696329900.0			3.0	14.31	92.0	0	0	1005.95	15.69	13.01	8.88	0.0	0.0
1696329960.0			3.0	14.31	92.0	0	0	1005.95	15.69	13.0	8.88	0.0	0.0
1696330020.0			3.0	14.31	92.0	0	0	1005.95	15.69	13.0	8.88	0.0	0.0
1696330080.0			3.0	14.31	92.0	0	0	1005.94	15.69	12.99	7.69	0.0	0.0
1696330140.0			3.0	14.31	92.0	0	0	1005.94	15.69	12.99	7.69	0.0	0.0
1696330200.0			3.0	14.31	92.0	0	0	1005.94	15.69	12.98	7.69	0.0	0.0
1696330260.0			3.0	14.31	92.0	0	0	1005.94	15.69	12.98	7.69	0.0	0.0
1696330320.0			3.0	14.31	92.0	0	0	1005.94	15.69	12.98	7.69	0.0	0.0
1696330380.0			3.0	14.31	92.0	0	0	1005.93	15.69	12.98	7.69	0.0	0.0
1696330440.0			3.0	14.31	92.0	0	0	1005.93	15.69	12.98	7.69	0.0	0.0
1696330500.0			3.0	14.31	92.0	0	0	1005.93	15.69	12.98	7.69	0.0	0.0
1696330560.0			3.0	14.31	92.0	0	0	1005.93	15.69	12.98	7.69	0.0	0.0
1696330620.0			3.0	14.31	92.0	0	0	1005.92	15.69	12.98	7.69	0.0	0.0
1696330680.0			3.0	14.31	92.0	0	0	1005.92	15.69	12.98	7.69	0.0	0.0
1696330740.0			3.0	14.31	92.0	0	0	1005.92	15.69	12.98	7.69	0.0	0.0
1696330800.0			3.0	14.31	92.0	0	0	1005.92	15.69	12.98	7.69	0.0	0.0
