timestamp	cloud-base	cloud-ceiling	cloud-cover	dew-point	humidity	precipitation-intensity	precipitation-type	pressure-surface-level	temperature	visibility	wind-direction	wind-gust	wind-speed
1695985200.0	0.17	0.17	100.0	14.38	92.0	0	0	1004.64	15.81	12.28	357.69	2.81	0.5
1695985260.0	0.17	0.17	100.0	14.4	92.0	0	0	1004.66	15.81	12.29	357.69	2.68	0.5
1695985320.0	0.17	0.17	100.0	14.43	92.0	0	0	1004.67	15.81	12.3	357.69	2.54	0.5
1695985380.0	0.15	0.15	100.0	14.45	92.0	0	0	1004.68	15.81	12.3	12.13	2.4	0.5
1695985440.0	0.15	0.15	100.0	14.48	92.0	0	0	1004.7	15.81	12.31	12.13	2.26	0.5
1695985500.0	0.15	0.15	100.0	14.5	92.0	0	0	1004.71	15.81	12.32	12.13	2.13	0.5
1695985560.0	0.15	0.15	100.0	14.48	92.0	0	0	1004.72	15.81	12.32	12.13	2.13	0.5
1695985620.0	0.15	0.15	100.0	14.45	92.0	0	0	1004.74	15.81	12.33	12.13	2.13	0.5
1695985680.0	0.17	0.17	100.0	14.43	92.0	0	0	1004.75	15.81	12.34	26.0	2.13	0.5
1695985740.0	0.17	0.17	100.0	14.4	92.0	0	0	1004.76	15.81	12.35	26.0	2.13	0.5
1695985800.0	0.17	0.17	100.0	14.38	92.0	0	0	1004.77	15.81	12.35	26.0	2.13	0.5
1695985860.0	0.17	0.17	100.0	14.38	92.0	0	0	1004.79	15.81	12.36	26.0	2.13	0.5
1695985920.0	0.17	0.17	100.0	14.38	92.0	0	0	1004.8	15.81	12.37	26.0	2.13	0.5
1695985980.0	0.17	0.17	100.0	14.38	92.0	0	0	1004.81	15.81	12.37	25.88	2.13	0.5
1695986040.0	0.17	0.17	100.0	14.38	92.0	0	0	1004.83	15.81	12.38	25.88	2.13	0.5
1695986100.0	0.17	0.17	100.0	14.38	92.0	0	0	1004.84	15.81	12.39	25.88	2.13	0.5
1695986160.0	0.17	0.17	100.0	14.38	92.0	0	0	1004.85	15.81	12.39	25.88	2.13	0.5
1695986220.0	0.17	0.17	100.0	14.38	92.0	0	0	1004.87	15.81	12.4	25.88	2.13	0.5
1695986280.0	0.17	0.17	100.0	14.38	92.0	0	0	1004.88	15.81	12.41	25.88	2.13	0.5
1695986340.0	0.17	0.17	100.0	14.38	92.0	0	0	1004.89	15.81	12.42	25.88	2.13	0.5
1695986400.0	0.17	0.17	100.0	14.38	92.0	0	0	1004.9	15.81	12.42	25.88	2.13	0.5
1695986460.0	0.17	0.17	100.0	14.38	92.0	0	0	1004.92	15.81	12.43	25.88	2.13	0.53
1695986520.0	0.17	0.17	100.0	14.38	92.0	0	0	1004.93	15.81	12.44	25.88	2.13	0.55
1695986580.0	0.17	0.17	100.0	14.38	92.0	0	0	1004.94	15.81	12.44	354.63	2.13	0.57
1695986640.0	0.17	0.17	100.0	14.38	92.0	0	0	1004.96	15.81	12.45	354.63	2.13	0.6
1695986700.0	0.17	0.17	100.0	14.38	92.0	0	0	1004.97	15.81	12.46	354.63	2.13	0.63
1695986760.0	0.17	0.17	100.0	14.4	92.0	0	0	1004.98	15.81	12.46	354.63	2.24	0.66
1695986820.0	0.17	0.17	100.0	14.43	92.0	0	0	1005.0	15.81	12.47	354.63	2.35	0.7
1695986880.0	0.15	0.15	100.0	14.45	92.0	0	0	1005.01	15.81	12.48	353.88	2.46	0.74
1695986940.0	0.15	0.15	100.0	14.48	92.0	0	0	1005.02	15.81	12.49	353.88	2.58	0.78
1695987000.0	0.15	0.15	100.0	14.5	92.0	0	0	1005.04	15.81	12.49	353.88	2.69	0.81
1695987060.0	0.15	0.15	100.0	14.5	92.0	0	0	1005.05	15.81	12.5	353.88	2.65	0.75
1695987120.0	0.15	0.15	100.0	14.5	92.0	0	0	1005.06	15.81	12.51	353.88	2.61	0.69
1695987180.0	0.15	0.15	100.0	14.5	92.0	0	0	1005.07	15.81	12.51	7.19	2.58	0.63
1695987240.0	0.15	0.15	100.0	14.5	92.0	0	0	1005.09	15.81	12.52	7.19	2.54	0.56
1695987300.0	0.15	0.15	100.0	14.5	92.0	0	0	1005.1	15.81	12.53	7.19	2.5	0.5
1695987360.0	0.15	0.15	100.0	14.5	92.0	0	0	1005.11	15.81	12.53	7.19	2.5	0.5
1695987420.0	0.15	0.15	100.0	14.5	92.0	0	0	1005.13	15.81	12.54	7.19	2.5	0.5
1695987480.0	0.15	0.15	100.0	14.5	92.0	0	0	1005.14	15.81	12.55	7.13	2.5	0.5
1695987540.0	0.15	0.15	100.0	14.5	92.0	0	0	1005.15	15.81	12.56	7.13	2.5	0.5
1695987600.0	0.15	0.15	100.0	14.5	92.0	0	0	1005.17	15.81	12.56	7.13	2.5	0.5
1695987660.0	0.15	0.15	100.0	14.5	92.2	0	0	1005.18	15.81	12.53	7.13	2.73	0.54
1695987720.0	0.15	0.15	100.0	14.5	92.4	0	0	1005.19	15.81	12.5	7.13	2.95	0.57
1695987780.0	0.15	0.15	100.0	14.5	92.6	0	0	1005.2	15.81	12.47	358.19	3.18	0.61
1695987840.0	0.15	0.15	100.0	14.5	92.8	0	0	1005.22	15.81	12.44	358.19	3.4	0.65
1695987900.0	0.15	0.15	100.0	14.5	93.0	0	0	1005.23	15.81	12.41	358.19	3.63	0.69
1695987960.0	0.15	0.15	100.0	14.5	93.0	0	0	1005.24	15.79	12.41	358.19	3.28	0.63
1695988020.0	0.15	0.15	100.0	14.5	93.0	0	0	1005.26	15.76	12.42	358.19	2.93	0.56
1695988080.0	0.15	0.15	100.0	14.5	93.0	0	0	1005.27	15.74	12.42	18.0	2.58	0.5
1695988140.0	0.15	0.15	100.0	14.5	93.0	0	0	1005.28	15.71	12.42	18.0	2.22	0.44
1695988200.0	0.15	0.15	100.0	14.5	93.0	0	0	1005.3	15.69	12.43	18.0	1.88	0.38
1695988260.0	0.15	0.15	100.0	14.5	93.0	0	0	1005.31	15.69	12.43	18.0	1.88	0.39
1695988320.0	0.15	0.15	100.0	14.5	93.0	0	0	1005.32	15.69	12.43	18.0	1.88	0.4
1695988380.0	0.15	0.15	100.0	14.5	93.0	0	0	1005.34	15.69	12.44	18.0	1.88	0.41
1695988440.0	0.15	0.15	100.0	14.5	93.0	0	0	1005.35	15.69	12.44	18.0	1.88	0.43
1695988500.0	0.15	0.15	100.0	14.5	93.0	0	0	1005.36	15.69	12.44	25.81	1.88	0.44
1695988560.0	0.15	0.15	100.0	14.5	93.0	0	0	1005.37	15.69	12.45	25.81	1.88	0.45
1695988620.0	0.15	0.15	100.0	14.5	93.0	0	0	1005.39	15.69	12.45	25.81	1.88	0.46
1695988680.0	0.15	0.15	100.0	14.5	93.0	0	0	1005.4	15.69	12.45	25.81	1.88	0.48
1695988740.0	0.15	0.15	100.0	14.5	93.0	0	0	1005.41	15.69	12.46	25.81	1.88	0.49
1695988800.0	0.15	0.15	100.0	14.5	93.0	0	0	1005.43	15.69	12.46	25.81	1.88	0.5
1695988860.0	0.15	0.15	100.0	14.5	93.0	0	0	1005.43	15.69	12.47	25.81	1.96	0.5
1695988920.0	0.15	0.15	100.0	14.5	93.0	0	0	1005.44	15.69	12.49	25.81	2.05	0.5
1695988980.0	0.15	0.15	100.0	14.5	93.0	0	0	1005.45	15.69	12.51	31.69	2.14	0.5
1695989040.0	0.15	0.15	100.0	14.5	93.0	0	0	1005.45	15.69	12.52	31.69	2.23	0.5
1695989100.0	0.15	0.15	100.0	14.5	93.0	0	0	1005.46	15.69	12.54	31.69	2.31	0.5
1695989160.0	0.15	0.15	100.0	14.5	93.0	0	0	1005.47	15.71	12.55	31.69	2.31	0.5
1695989220.0	0.15	0.15	100.0	14.5	93.0	0	0	1005.47	15.74	12.57	31.69	2.31	0.5
1695989280.0	0.15	0.15	100.0	14.5	93.0	0	0	1005.48	15.76	12.59	26.69	2.31	0.5
1695989340.0	0.15	0.15	100.0	14.5	93.0	0	0	1005.49	15.79	12.6	26.69	2.31	0.5
1695989400.0	0.15	0.15	100.0	14.5	93.0	0	0	1005.49	15.81	12.62	26.69	2.31	0.5
1695989460.0	0.15	0.15	100.0	14.5	93.0	0	0	1005.5	15.81	12.63	26.69	2.28	0.5
1695989520.0	0.15	0.15	100.0	14.5	93.0	0	0	1005.51	15.81	12.65	26.69	2.24	0.5
1695989580.0	0.15	0.15	100.0	14.5	93.0	0	0	1005.51	15.81	12.66	26.69	2.2	0.5
1695989640.0	0.15	0.15	100.0	14.5	93.0	0	0	1005.52	15.81	12.68	26.69	2.16	0.5
1695989700.0	0.15	0.15	100.0	14.5	93.0	0	0	1005.53	15.81	12.7	26.69	2.13	0.5
1695989760.0	0.15	0.15	100.0	14.5	93.0	0	0	1005.53	15.81	12.71	26.69	2.14	0.53
1695989820.0	0.15	0.15	100.0	14.5	93.0	0	0	1005.54	15.81	12.73	26.69	2.15	0.55
1695989880.0	0.14	0.14	100.0	14.5	93.0	0	0	1005.55	15.81	12.74	44.31	2.16	0.57
1695989940.0	0.14	0.14	100.0	14.5	93.0	0	0	1005.55	15.81	12.76	44.31	2.17	0.6
1695990000.0	0.14	0.14	100.0	14.5	93.0	0	0	1005.56	15.81	12.78	44.31	2.19	0.63
1695990060.0	0.14	0.14	100.0	14.46	92.8	0	0	1005.57	15.81	12.79	44.31	2.33	0.68
1695990120.0	0.14	0.14	100.0	14.43	92.6	0	0	1005.57	15.81	12.81	44.31	2.46	0.73
1695990180.0	0.16	0.16	100.0	14.39	92.4	0	0	1005.58	15.81	12.82	25.0	2.6	0.78
1695990240.0	0.16	0.16	100.0	14.35	92.2	0	0	1005.59	15.81	12.84	25.0	2.74	0.83
1695990300.0	0.16	0.16	100.0	14.31	92.0	0	0	1005.59	15.81	12.85	25.0	2.88	0.88
1695990360.0	0.16	0.16	100.0	14.31	92.0	0	0	1005.6	15.81	12.87	25.0	2.88	0.88
1695990420.0	0.16	0.16	100.0	14.31	92.0	0	0	1005.61	15.81	12.89	25.0	2.88	0.88
1695990480.0	0.16	0.16	100.0	14.31	92.0	0	0	1005.61	15.81	12.9	33.63	2.88	0.88
1695990540.0	0.16	0.16	100.0	14.31	92.0	0	0	1005.62	15.81	12.92	33.63	2.88	0.88
1695990600.0	0.16	0.16	100.0	14.31	92.0	0	0	1005.63	15.81	12.93	33.63	2.88	0.88
1695990660.0	0.16	0.16	100.0	14.31	92.0	0	0	1005.63	15.81	12.95	33.63	2.93	0.9
1695990720.0	0.16	0.16	100.0	14.31	92.0	0	0	1005.64	15.81	12.96	33.63	2.98	0.93
1695990780.0	0.16	0.16	100.0	14.31	92.0	0	0	1005.65	15.81	12.98	37.81	3.03	0.95
1695990840.0	0.16	0.16	100.0	14.31	92.0	0	0	1005.65	15.81	13.0	37.81	3.08	0.98
1695990900.0	0.16	0.16	100.0	14.31	92.0	0	0	1005.66	15.81	13.01	37.81	3.13	1.0
1695990960.0	0.16	0.16	100.0	14.31	91.8	0	0	1005.67	15.81	13.01	37.81	3.14	1.0
1695991020.0	0.16	0.16	100.0	14.31	91.6	0	0	1005.67	15.81	13.0	37.81	3.15	1.0
1695991080.0	0.17	0.17	100.0	14.31	91.4	0	0	1005.68	15.81	13.0	347.69	3.16	1.0
1695991140.0	0.17	0.17	100.0	14.31	91.2	0	0	1005.69	15.81	13.0	347.69	3.18	1.0
1695991200.0	0.17	0.17	100.0	14.31	91.0	0	0	1005.69	15.81	12.99	347.69	3.19	1.0
1695991260.0	0.17	0.17	100.0	14.31	91.2	0	0	1005.7	15.81	13.0	347.69	3.19	1.02
1695991320.0	0.17	0.17	100.0	14.31	91.4	0	0	1005.71	15.81	13.01	347.69	3.19	1.05
1695991380.0	0.17	0.17	100.0	14.31	91.6	0	0	1005.71	15.81	13.02	10.88	3.19	1.08
1695991440.0	0.17	0.17	100.0	14.31	91.8	0	0	1005.72	15.81	13.03	10.88	3.19	1.1
1695991500.0	0.17	0.17	100.0	14.31	92.0	0	0	1005.73	15.81	13.04	10.88	3.19	1.13
1695991560.0	0.17	0.17	100.0	14.31	92.0	0	0	1005.73	15.81	13.05	10.88	3.19	1.13
1695991620.0	0.17	0.17	100.0	14.31	92.0	0	0	1005.74	15.81	13.06	10.88	3.19	1.13
1695991680.0	0.17	0.17	100.0	14.31	92.0	0	0	1005.75	15.81	13.07	41.38	3.19	1.13
1695991740.0	0.17	0.17	100.0	14.31	92.0	0	0	1005.75	15.81	13.08	41.38	3.19	1.13
1695991800.0	0.17	0.17	100.0	14.31	92.0	0	0	1005.76	15.81	13.09	41.38	3.19	1.13
1695991860.0	0.17	0.17	100.0	14.31	91.8	0	0	1005.77	15.81	13.1	41.38	3.15	1.08
1695991920.0	0.17	0.17	100.0	14.31	91.6	0	0	1005.77	15.81	13.11	41.38	3.11	1.02
1695991980.0	0.18	0.18	100.0	14.31	91.4	0	0	1005.78	15.81	13.12	30.38	3.08	0.98
1695992040.0	0.18	0.18	100.0	14.31	91.2	0	0	1005.79	15.81	13.13	30.38	3.04	0.93
1695992100.0	0.18	0.18	100.0	14.31	91.0	0	0	1005.79	15.81	13.14	30.38	3.0	0.88
1695992160.0	0.18	0.18	100.0	14.31	91.0	0	0	1005.8	15.81	13.15	30.38	3.0	0.9
1695992220.0	0.18	0.18	100.0	14.31	91.0	0	0	1005.81	15.81	13.16	30.38	3.0	0.93
1695992280.0	0.18	0.18	100.0	14.31	91.0	0	0	1005.81	15.81	13.17	40.38	3.0	0.95
1695992340.0	0.18	0.18	100.0	14.31	91.0	0	0	1005.82	15.81	13.18	40.38	3.0	0.98
1695992400.0	0.18	0.18	100.0	14.31	91.0	0	0	1005.83	15.81	13.19	40.38	3.0	1.0
1695992460.0	0.18	0.18	100.0	14.31	91.0	0	0	1005.82	15.83	13.21	40.38	2.78	0.94
1695992520.0	0.18	0.18	100.0	14.31	91.0	0	0	1005.81	15.84	13.24	40.38	2.55	0.88
1695992580.0	0.18	0.18	100.0	14.31	91.0	0	0	1005.81	15.85	13.26	350.81	2.33	0.81
1695992640.0	0.18	0.18	100.0	14.31	91.0	0	0	1005.8	15.86	13.28	350.81	2.1	0.75
1695992700.0	0.18	0.18	100.0	14.31	91.0	0	0	1005.79	15.88	13.31	350.81	1.88	0.69
1695992760.0	0.18	0.18	100.0	14.31	91.0	0	0	1005.79	15.88	13.33	350.81	2.08	0.68
1695992820.0	0.18	0.18	100.0	14.31	91.0	0	0	1005.78	15.88	13.35	350.81	2.28	0.66
1695992880.0	0.18	0.18	100.0	14.31	91.0	0	0	1005.77	15.88	13.38	8.0	2.48	0.65
1695992940.0	0.18	0.18	100.0	14.31	91.0	0	0	1005.76	15.88	13.4	8.0	2.68	0.64
1695993000.0	0.18	0.18	100.0	14.31	91.0	0	0	1005.76	15.88	13.42	8.0	2.88	0.63
1695993060.0	0.18	0.18	100.0	14.31	91.0	0	0	1005.75	15.88	13.44	8.0	2.88	0.64
1695993120.0	0.18	0.18	100.0	14.31	91.0	0	0	1005.74	15.88	13.47	8.0	2.88	0.65
1695993180.0	0.18	0.18	100.0	14.31	91.0	0	0	1005.74	15.88	13.49	32.81	2.88	0.66
1695993240.0	0.18	0.18	100.0	14.31	91.0	0	0	1005.73	15.88	13.51	32.81	2.88	0.68
1695993300.0	0.18	0.18	100.0	14.31	91.0	0	0	1005.72	15.88	13.54	32.81	2.88	0.69
1695993360.0	0.18	0.18	100.0	14.31	91.0	0	0	1005.72	15.88	13.56	32.81	2.88	0.69
1695993420.0	0.18	0.18	100.0	14.31	91.0	0	0	1005.71	15.88	13.58	32.81	2.88	0.69
1695993480.0	0.18	0.18	100.0	14.31	91.0	0	0	1005.7	15.88	13.61	32.69	2.88	0.69
1695993540.0	0.18	0.18	100.0	14.31	91.0	0	0	1005.7	15.88	13.63	32.69	2.88	0.69
1695993600.0	0.18	0.18	100.0	14.31	91.0	0	0	1005.69	15.88	13.65	32.69	2.88	0.69
1695993660.0	0.18	0.18	100.0	14.38	91.0	0	0	1005.68	15.94	13.67	32.69	3.0	0.71
1695993720.0	0.18	0.18	100.0	14.44	91.0	0	0	1005.67	16.0	13.7	32.69	3.13	0.74
1695993780.0	0.18	0.18	100.0	14.5	91.0	0	0	1005.67	16.06	13.72	110.19	3.25	0.76
1695993840.0	0.18	0.18	100.0	14.56	91.0	0	0	1005.66	16.13	13.74	110.19	3.38	0.79
1695993900.0	0.18	0.18	100.0	14.63	91.0	0	0	1005.65	16.19	13.77	110.19	3.5	0.81
1695993960.0	0.18	0.18	100.0	14.63	91.0	0	0	1005.65	16.19	13.79	110.19	3.5	0.81
1695994020.0	0.18	0.18	100.0	14.63	91.0	0	0	1005.64	16.19	13.81	110.19	3.5	0.81
1695994080.0	0.18	0.18	100.0	14.63	91.0	0	0	1005.63	16.19	13.84	110.19	3.5	0.81
1695994140.0	0.18	0.18	100.0	14.63	91.0	0	0	1005.63	16.19	13.86	110.19	3.5	0.81
1695994200.0	0.18	0.18	100.0	14.63	91.0	0	0	1005.62	16.19	13.88	110.19	3.5	0.81
1695994260.0	0.18	0.18	100.0	14.64	91.0	0	0	1005.61	16.21	13.9	110.19	3.48	0.79
1695994320.0	0.18	0.18	100.0	14.65	91.0	0	0	1005.61	16.24	13.93	110.19	3.45	0.76
1695994380.0	0.19	0.19	100.0	14.66	91.0	0	0	1005.6	16.26	13.95	33.31	3.43	0.74
1695994440.0	0.19	0.19	100.0	14.68	91.0	0	0	1005.59	16.29	13.97	33.31	3.4	0.71
1695994500.0	0.19	0.19	100.0	14.69	91.0	0	0	1005.59	16.31	14.0	33.31	3.38	0.69
1695994560.0	0.19	0.19	100.0	14.71	91.0	0	0	1005.58	16.33	13.85	33.31	3.43	0.68
1695994620.0	0.19	0.19	100.0	14.74	91.0	0	0	1005.57	16.34	13.7	33.31	3.48	0.66
1695994680.0	0.19	0.19	100.0	14.76	91.0	0	0	1005.56	16.35	13.56	340.0	3.53	0.65
1695994740.0	0.19	0.19	100.0	14.79	91.0	0	0	1005.56	16.36	13.41	340.0	3.58	0.64
1695994800.0	0.19	0.19	100.0	14.81	91.0	0	0	1005.55	16.38	13.26	340.0	3.63	0.63
1695994860.0	0.19	0.19	100.0	14.79	90.8	0	0	1005.54	16.38	13.27	340.0	3.68	0.7
1695994920.0	0.19	0.19	100.0	14.76	90.6	0	0	1005.54	16.38	13.28	340.0	3.73	0.78
1695994980.0	0.2	0.2	100.0	14.74	90.4	0	0	1005.53	16.38	13.29	335.5	3.78	0.85
1695995040.0	0.2	0.2	100.0	14.71	90.2	0	0	1005.52	16.38	13.3	335.5	3.83	0.93
1695995100.0	0.2	0.2	100.0	14.69	90.0	0	0	1005.52	16.38	13.31	335.5	3.88	1.0
1695995160.0	0.2	0.2	100.0	14.75	90.0	0	0	1005.51	16.44	13.32	335.5	3.83	0.96
1695995220.0	0.2	0.2	100.0	14.81	90.0	0	0	1005.5	16.5	13.33	335.5	3.78	0.93
1695995280.0	0.21	0.21	100.0	14.88	90.0	0	0	1005.5	16.56	13.34	25.31	3.73	0.89
1695995340.0	0.21	0.21	100.0	14.94	90.0	0	0	1005.49	16.63	13.35	25.31	3.68	0.85
1695995400.0	0.21	0.21	100.0	15.0	90.0	0	0	1005.48	16.69	13.36	25.31	3.63	0.81
1695995460.0	0.21	0.21	100.0	14.98	90.0	0	0	1005.48	16.69	13.37	25.31	3.68	0.85
1695995520.0	0.21	0.21	100.0	14.95	90.0	0	0	1005.47	16.69	13.38	25.31	3.73	0.89
1695995580.0	0.21	0.21	100.0	14.93	90.0	0	0	1005.46	16.69	13.39	336.81	3.78	0.93
1695995640.0	0.21	0.21	100.0	14.9	90.0	0	0	1005.45	16.69	13.4	336.81	3.83	0.96
1695995700.0	0.21	0.21	100.0	14.88	90.0	0	0	1005.45	16.69	13.41	336.81	3.88	1.0
1695995760.0	0.21	0.21	100.0	14.9	90.0	0	0	1005.44	16.69	13.42	336.81	3.83	0.96
1695995820.0	0.21	0.21	100.0	14.93	90.0	0	0	1005.43	16.69	13.43	336.81	3.78	0.93
1695995880.0	0.21	0.21	100.0	14.95	90.0	0	0	1005.43	16.69	13.44	25.13	3.73	0.89
1695995940.0	0.21	0.21	100.0	14.98	90.0	0	0	1005.42	16.69	13.45	25.13	3.68	0.85
1695996000.0	0.21	0.21	100.0	15.0	90.0	0	0	1005.41	16.69	13.46	25.13	3.63	0.81
1695996060.0	0.21	0.21	100.0	14.98	89.8	0	0	1005.42	16.71	13.48	25.13	3.48	0.78
1695996120.0	0.21	0.21	100.0	14.95	89.6	0	0	1005.42	16.74	13.5	25.13	3.33	0.74
1695996180.0	0.23	0.23	100.0	14.93	89.4	0	0	1005.43	16.76	13.52	5.5	3.18	0.7
1695996240.0	0.23	0.23	100.0	14.9	89.2	0	0	1005.44	16.79	13.54	5.5	3.03	0.66
1695996300.0	0.23	0.23	100.0	14.88	89.0	0	0	1005.44	16.81	13.56	5.5	2.88	0.63
1695996360.0	0.23	0.23	100.0	14.88	89.0	0	0	1005.45	16.81	13.58	5.5	2.88	0.63
1695996420.0	0.23	0.23	100.0	14.88	89.0	0	0	1005.45	16.81	13.6	5.5	2.88	0.63
1695996480.0	0.23	0.23	100.0	14.88	89.0	0	0	1005.46	16.81	13.62	5.5	2.88	0.63
1695996540.0	0.23	0.23	100.0	14.88	89.0	0	0	1005.46	16.81	13.64	5.5	2.88	0.63
1695996600.0	0.23	0.23	100.0	14.88	89.0	0	0	1005.47	16.81	13.66	5.5	2.88	0.63
1695996660.0	0.23	0.23	100.0	14.88	89.0	0	0	1005.47	16.83	13.68	5.5	2.84	0.64
1695996720.0	0.23	0.23	100.0	14.88	89.0	0	0	1005.48	16.84	13.7	5.5	2.8	0.65
1695996780.0	0.23	0.23	100.0	14.88	89.0	0	0	1005.48	16.85	13.72	40.63	2.76	0.66
1695996840.0	0.23	0.23	100.0	14.88	89.0	0	0	1005.49	16.86	13.74	40.63	2.73	0.68
1695996900.0	0.23	0.23	100.0	14.88	89.0	0	0	1005.5	16.88	13.77	40.63	2.69	0.69
1695996960.0	0.23	0.23	100.0	14.93	88.8	0	0	1005.5	16.93	13.58	40.63	2.79	0.73
1695997020.0	0.23	0.23	100.0	14.98	88.6	0	0	1005.51	16.98	13.4	40.63	2.89	0.76
1695997080.0	0.25	0.25	100.0	15.03	88.4	0	0	1005.51	17.02	13.22	81.0	2.99	0.8
1695997140.0	0.25	0.25	100.0	15.08	88.2	0	0	1005.52	17.08	13.04	81.0	3.09	0.84
1695997200.0	0.25	0.25	100.0	15.13	88.0	0	0	1005.52	17.13	12.86	81.0	3.19	0.88
1695997260.0	0.25	0.25	100.0	15.13	88.0	0	0	1005.53	17.14	12.87	81.0	3.18	0.88
1695997320.0	0.25	0.25	100.0	15.13	88.0	0	0	1005.53	17.15	12.88	81.0	3.16	0.88
1695997380.0	0.25	0.25	100.0	15.13	88.0	0	0	1005.54	17.16	12.9	79.88	3.15	0.88
1695997440.0	0.25	0.25	100.0	15.13	88.0	0	0	1005.55	17.18	12.91	79.88	3.14	0.88
1695997500.0	0.25	0.25	100.0	15.13	88.0	0	0	1005.55	17.19	12.92	79.88	3.13	0.88
1695997560.0	0.25	0.25	100.0	15.13	88.0	0	0	1005.56	17.19	12.93	79.88	3.13	0.84
1695997620.0	0.25	0.25	100.0	15.13	88.0	0	0	1005.56	17.19	12.94	79.88	3.13	0.8
1695997680.0	0.25	0.25	100.0	15.13	88.0	0	0	1005.57	17.19	12.96	2.38	3.13	0.76
1695997740.0	0.25	0.25	100.0	15.13	88.0	0	0	1005.57	17.19	12.97	2.38	3.13	0.73
1695997800.0	0.25	0.25	100.0	15.13	88.0	0	0	1005.58	17.19	12.98	2.38	3.13	0.69
1695997860.0	0.25	0.25	100.0	15.13	87.6	0	0	1005.58	17.23	12.99	2.38	3.23	0.73
1695997920.0	0.25	0.25	100.0	15.13	87.2	0	0	1005.59	17.26	13.0	2.38	3.33	0.76
1695997980.0	0.29	0.29	100.0	15.13	86.8	0	0	1005.59	17.3	13.01	0.31	3.43	0.8
1695998040.0	0.29	0.29	100.0	15.13	86.4	0	0	1005.6	17.34	13.03	0.31	3.53	0.84
1695998100.0	0.29	0.29	100.0	15.13	86.0	0	0	1005.61	17.38	13.04	0.31	3.63	0.88
1695998160.0	0.29	0.29	100.0	15.14	86.2	0	0	1005.61	17.38	13.05	0.31	3.58	0.84
1695998220.0	0.29	0.29	100.0	15.15	86.4	0	0	1005.62	17.38	13.06	0.31	3.53	0.8
1695998280.0	0.27	0.27	100.0	15.16	86.6	0	0	1005.62	17.38	13.07	43.38	3.48	0.76
1695998340.0	0.27	0.27	100.0	15.18	86.8	0	0	1005.63	17.38	13.09	43.38	3.43	0.73
1695998400.0	0.27	0.27	100.0	15.19	87.0	0	0	1005.63	17.38	13.1	43.38	3.38	0.69
1695998460.0	0.27	0.27	100.0	15.18	86.8	0	0	1005.64	17.38	13.11	43.38	3.43	0.73
1695998520.0	0.27	0.27	100.0	15.16	86.6	0	0	1005.64	17.38	13.12	43.38	3.48	0.76
1695998580.0	0.29	0.29	100.0	15.15	86.4	0	0	1005.65	17.38	13.13	0.13	3.53	0.8
1695998640.0	0.29	0.29	100.0	15.14	86.2	0	0	1005.66	17.38	13.15	0.13	3.58	0.84
1695998700.0	0.29	0.29	100.0	15.13	86.0	0	0	1005.66	17.38	13.16	0.13	3.63	0.88
1695998760.0	0.29	0.29	100.0	15.14	86.0	0	0	1005.67	17.44	13.17	0.13	3.54	0.88
1695998820.0	0.29	0.29	100.0	15.15	86.0	0	0	1005.67	17.5	13.18	0.13	3.45	0.88
1695998880.0	0.3	0.3	100.0	15.16	86.0	0	0	1005.68	17.56	13.19	48.38	3.36	0.88
1695998940.0	0.3	0.3	100.0	15.18	86.0	0	0	1005.68	17.63	13.21	48.38	3.28	0.88
1695999000.0	0.3	0.3	100.0	15.19	86.0	0	0	1005.69	17.69	13.22	48.38	3.19	0.88
1695999060.0	0.3	0.3	100.0	15.23	86.2	0	0	1005.69	17.69	13.23	48.38	3.03	0.86
1695999120.0	0.3	0.3	100.0	15.26	86.4	0	0	1005.7	17.69	13.24	48.38	2.86	0.85
1695999180.0	0.28	0.28	100.0	15.3	86.6	0	0	1005.71	17.69	13.25	50.88	2.7	0.84
1695999240.0	0.28	0.28	100.0	15.34	86.8	0	0	1005.71	17.69	13.26	50.88	2.54	0.83
1695999300.0	0.28	0.28	100.0	15.38	87.0	0	0	1005.72	17.69	13.28	50.88	2.38	0.81
1695999360.0	0.28	0.28	100.0	15.36	86.8	0	0	1005.72	17.71	13.29	50.88	2.4	0.78
1695999420.0	0.28	0.28	100.0	15.35	86.6	0	0	1005.73	17.74	13.3	50.88	2.42	0.74
1695999480.0	0.31	0.31	100.0	15.34	86.4	0	0	1005.73	17.76	13.31	5.69	2.45	0.7
1695999540.0	0.31	0.31	100.0	15.33	86.2	0	0	1005.74	17.79	13.33	5.69	2.48	0.66
1695999600.0	0.31	0.31	100.0	15.31	86.0	0	0	1005.74	17.81	13.34	5.69	2.5	0.63
1695999660.0	0.31	0.31	99.6	15.31	86.0	0	0	1005.72	17.81	13.36	5.69	2.5	0.63
1695999720.0	0.31	0.31	99.2	15.31	86.0	0	0	1005.7	17.81	13.38	5.69	2.5	0.63
1695999780.0	0.31	0.31	98.8	15.31	86.0	0	0	1005.67	17.81	13.41	348.5	2.5	0.63
1695999840.0	0.31	0.31	98.4	15.31	86.0	0	0	1005.65	17.81	13.43	348.5	2.5	0.63
1695999900.0	0.31	0.31	98.0	15.31	86.0	0	0	1005.63	17.81	13.46	348.5	2.5	0.63
1695999960.0	0.31	0.31	97.8	15.31	86.0	0	0	1005.6	17.81	13.48	348.5	2.5	0.63
1696000020.0	0.31	0.31	97.6	15.31	86.0	0	0	1005.58	17.81	13.5	348.5	2.5	0.63
1696000080.0	0.31	0.31	97.4	15.31	86.0	0	0	1005.55	17.81	13.53	348.5	2.5	0.63
1696000140.0	0.31	0.31	97.2	15.31	86.0	0	0	1005.53	17.81	13.55	348.5	2.5	0.63
1696000200.0	0.31	0.31	97.0	15.31	86.0	0	0	1005.51	17.81	13.57	348.5	2.5	0.63
1696000260.0	0.31	0.31	96.6	15.35	85.8	0	0	1005.48	17.89	13.6	348.5	2.56	0.68
1696000320.0	0.31	0.31	96.2	15.39	85.6	0	0	1005.46	17.96	13.62	348.5	2.63	0.73
1696000380.0	0.34	0.34	95.8	15.43	85.4	0	0	1005.44	18.04	13.64	7.31	2.69	0.78
1696000440.0	0.34	0.34	95.4	15.46	85.2	0	0	1005.41	18.11	13.67	7.31	2.75	0.83
1696000500.0	0.34	0.34	95.0	15.5	85.0	0	0	1005.39	18.19	13.69	7.31	2.81	0.88
1696000560.0	0.34	0.34	94.8	15.46	85.0	0	0	1005.37	18.15	13.71	7.31	2.78	0.84
1696000620.0	0.34	0.34	94.6	15.43	85.0	0	0	1005.34	18.11	13.74	7.31	2.74	0.8
1696000680.0	0.32	0.32	94.4	15.39	85.0	0	0	1005.32	18.08	13.76	38.38	2.7	0.76
1696000740.0	0.32	0.32	94.2	15.35	85.0	0	0	1005.29	18.04	13.79	38.38	2.66	0.73
1696000800.0	0.32	0.32	94.0	15.31	85.0	0	0	1005.27	18.0	13.81	38.38	2.63	0.69
1696000860.0	0.32	0.32	93.6	15.35	84.8	0	0	1005.25	18.04	13.83	38.38	2.66	0.75
1696000920.0	0.32	0.32	93.2	15.39	84.6	0	0	1005.22	18.08	13.86	38.38	2.7	0.81
1696000980.0	0.34	0.34	92.8	15.43	84.4	0	0	1005.2	18.11	13.88	7.19	2.74	0.88
1696001040.0	0.34	0.34	92.4	15.46	84.2	0	0	1005.18	18.15	13.9	7.19	2.78	0.94
1696001100.0	0.34	0.34	92.0	15.5	84.0	0	0	1005.15	18.19	13.93	7.19	2.81	1.0
1696001160.0	0.34	0.34	90.6	15.5	84.0	0	0	1005.13	18.19	13.93	7.19	2.89	0.98
1696001220.0	0.34	0.34	89.2	15.5	84.0	0	0	1005.11	18.19	13.93	7.19	2.96	0.95
1696001280.0	0.34	0.34	87.8	15.5	84.0	0	0	1005.08	18.19	13.94	350.88	3.04	0.93
1696001340.0	0.34	0.34	86.4	15.5	84.0	0	0	1005.06	18.19	13.94	350.88	3.11	0.9
1696001400.0	0.34	0.34	85.0	15.5	84.0	0	0	1005.04	18.19	13.95	350.88	3.19	0.88
1696001460.0	0.34	0.34	84.6	15.5	84.0	0	0	1005.01	18.19	13.97	350.88	3.33	0.88
1696001520.0	0.34	0.34	84.2	15.5	84.0	0	0	1004.99	18.19	13.99	350.88	3.46	0.88
1696001580.0	0.34	0.34	83.8	15.5	84.0	0	0	1004.96	18.19	14.01	32.13	3.6	0.88
1696001640.0	0.34	0.34	83.4	15.5	84.0	0	0	1004.94	18.19	14.03	32.13	3.74	0.88
1696001700.0	0.34	0.34	83.0	15.5	84.0	0	0	1004.92	18.19	14.05	32.13	3.88	0.88
1696001760.0	0.34	0.34	82.4	15.5	84.0	0	0	1004.89	18.19	14.07	32.13	3.74	0.88
1696001820.0	0.34	0.34	81.8	15.5	84.0	0	0	1004.87	18.19	14.09	32.13	3.6	0.88
1696001880.0	0.34	0.34	81.2	15.5	84.0	0	0	1004.85	18.19	14.11	350.88	3.46	0.88
1696001940.0	0.34	0.34	80.6	15.5	84.0	0	0	1004.82	18.19	14.13	350.88	3.33	0.88
1696002000.0	0.34	0.34	80.0	15.5	84.0	0	0	1004.8	18.19	14.15	350.88	3.19	0.88
1696002060.0	0.34	0.34	79.6	15.53	84.2	0	0	1004.78	18.21	14.17	350.88	3.15	0.9
1696002120.0	0.34	0.34	79.2	15.55	84.4	0	0	1004.75	18.24	14.2	350.88	3.11	0.93
1696002180.0	0.34	0.34	78.8	15.58	84.6	0	0	1004.73	18.26	14.22	341.31	3.08	0.95
1696002240.0	0.34	0.34	78.4	15.6	84.8	0	0	1004.7	18.29	14.24	341.31	3.04	0.98
1696002300.0	0.34	0.34	78.0	15.63	85.0	0	0	1004.68	18.31	14.26	341.31	3.0	1.0
1696002360.0	0.34	0.34	77.6	15.63	85.0	0	0	1004.66	18.31	14.28	341.31	3.0	1.0
1696002420.0	0.34	0.34	77.2	15.63	85.0	0	0	1004.63	18.31	14.3	341.31	3.0	1.0
1696002480.0	0.33	0.33	76.8	15.63	85.0	0	0	1004.61	18.31	14.32	349.69	3.0	1.0
1696002540.0	0.33	0.33	76.4	15.63	85.0	0	0	1004.59	18.31	14.34	349.69	3.0	1.0
1696002600.0	0.33	0.33	76.0	15.63	85.0	0	0	1004.56	18.31	14.36	349.69	3.0	1.0
1696002660.0	0.33	0.33	75.6	15.63	85.0	0	0	1004.54	18.31	14.38	349.69	3.0	1.0
1696002720.0	0.33	0.33	75.2	15.63	85.0	0	0	1004.52	18.31	14.4	349.69	3.0	1.0
1696002780.0	0.33	0.33	74.8	15.63	85.0	0	0	1004.49	18.31	14.42	349.81	3.0	1.0
1696002840.0	0.33	0.33	74.4	15.63	85.0	0	0	1004.47	18.31	14.44	349.81	3.0	1.0
1696002900.0	0.33	0.33	74.0	15.63	85.0	0	0	1004.44	18.31	14.47	349.81	3.0	1.0
1696002960.0	0.33	0.33	73.6	15.6	85.0	0	0	1004.42	18.31	14.49	349.81	3.06	1.0
1696003020.0	0.33	0.33	73.2	15.58	85.0	0	0	1004.4	18.31	14.51	349.81	3.13	1.0
1696003080.0	0.33	0.33	72.8	15.55	85.0	0	0	1004.37	18.31	14.53	329.13	3.19	1.0
1696003140.0	0.33	0.33	72.4	15.53	85.0	0	0	1004.35	18.31	14.55	329.13	3.25	1.0
1696003200.0	0.33	0.33	72.0	15.5	85.0	0	0	1004.33	18.31	14.57	329.13	3.31	1.0
1696003260.0	0.33	0.33	71.6	15.5	85.0	0	0	1004.34	18.31	14.59	329.13	3.31	1.0
1696003320.0	0.33	0.33	71.2	15.5	85.0	0	0	1004.35	18.31	14.62	329.13	3.31	1.0
1696003380.0	0.33	0.33	70.8	15.5	85.0	0	0	1004.36	18.31	14.64	337.81	3.31	1.0
1696003440.0	0.33	0.33	70.4	15.5	85.0	0	0	1004.37	18.31	14.66	337.81	3.31	1.0
1696003500.0	0.33	0.33	70.0	15.5	85.0	0	0	1004.39	18.31	14.69	337.81	3.31	1.0
1696003560.0	0.33	0.33	69.8	15.5	84.8	0	0	1004.4	18.31	14.71	337.81	3.31	0.98
1696003620.0	0.33	0.33	69.6	15.5	84.6	0	0	1004.41	18.31	14.74	337.81	3.31	0.95
1696003680.0	0.34	0.34	69.4	15.5	84.4	0	0	1004.42	18.31	14.76	46.81	3.31	0.93
1696003740.0	0.34	0.34	69.2	15.5	84.2	0	0	1004.43	18.31	14.78	46.81	3.31	0.9
1696003800.0	0.34	0.34	69.0	15.5	84.0	0	0	1004.45	18.31	14.81	46.81	3.31	0.88
1696003860.0	0.34	0.34	68.8	15.53	84.0	0	0	1004.46	18.31	14.83	46.81	3.15	0.84
1696003920.0	0.34	0.34	68.6	15.55	84.0	0	0	1004.47	18.31	14.86	46.81	2.99	0.8
1696003980.0	0.34	0.34	68.4	15.58	84.0	0	0	1004.48	18.31	14.88	330.38	2.83	0.76
1696004040.0	0.34	0.34	68.2	15.6	84.0	0	0	1004.49	18.31	14.9	330.38	2.66	0.73
1696004100.0	0.34	0.34	68.0	15.63	84.0	0	0	1004.51	18.31	14.93	330.38	2.5	0.69
1696004160.0	0.34	0.34	67.8	15.6	84.0	0	0	1004.52	18.31	14.95	330.38	2.74	0.71
1696004220.0	0.34	0.34	67.6	15.58	84.0	0	0	1004.53	18.31	14.97	330.38	2.98	0.74
1696004280.0	0.35	0.35	67.4	15.55	84.0	0	0	1004.54	18.31	15.0	327.31	3.21	0.76
1696004340.0	0.35	0.35	67.2	15.53	84.0	0	0	1004.55	18.31	15.02	327.31	3.45	0.79
1696004400.0	0.35	0.35	67.0	15.5	84.0	0	0	1004.57	18.31	15.05	327.31	3.69	0.81
1696004460.0	0.35	0.35	66.8	15.5	84.0	0	0	1004.58	18.31	15.07	327.31	3.69	0.88
1696004520.0	0.35	0.35	66.6	15.5	84.0	0	0	1004.59	18.31	15.09	327.31	3.69	0.94
1696004580.0	0.35	0.35	66.4	15.5	84.0	0	0	1004.6	18.31	15.12	4.5	3.69	1.0
1696004640.0	0.35	0.35	66.2	15.5	84.0	0	0	1004.61	18.31	15.14	4.5	3.69	1.06
1696004700.0	0.35	0.35	66.0	15.5	84.0	0	0	1004.63	18.31	15.17	4.5	3.69	1.13
1696004760.0	0.35	0.35	65.8	15.53	84.0	0	0	1004.64	18.33	15.19	4.5	3.69	1.14
1696004820.0	0.35	0.35	65.6	15.55	84.0	0	0	1004.65	18.34	15.21	4.5	3.69	1.15
1696004880.0	0.36	0.36	65.4	15.58	84.0	0	0	1004.66	18.35	15.24	13.13	3.69	1.16
1696004940.0	0.36	0.36	65.2	15.6	84.0	0	0	1004.67	18.36	15.26	13.13	3.69	1.18
1696005000.0	0.36	0.36	65.0	15.63	84.0	0	0	1004.69	18.38	15.28	13.13	3.69	1.19
1696005060.0	0.36	0.36	71.4	15.64	84.0	0	0	1004.7	18.4	15.2	13.13	3.71	1.18
1696005120.0	0.36	0.36	77.8	15.65	84.0	0	0	1004.71	18.43	15.13	13.13	3.74	1.16
1696005180.0	0.36	0.36	84.2	15.66	84.0	0	0	1004.72	18.45	15.05	311.81	3.76	1.15
1696005240.0	0.36	0.36	90.6	15.68	84.0	0	0	1004.73	18.48	14.97	311.81	3.79	1.14
1696005300.0	0.36	0.36	97.0	15.69	84.0	0	0	1004.74	18.5	14.89	311.81	3.81	1.13
1696005360.0	0.36	0.36	97.2	15.69	84.0	0	0	1004.76	18.52	14.91	311.81	3.58	1.08
1696005420.0	0.36	0.36	97.4	15.69	84.0	0	0	1004.77	18.55	14.92	311.81	3.34	1.02
1696005480.0	0.36	0.36	97.6	15.69	84.0	0	0	1004.78	18.58	14.94	356.13	3.1	0.98
1696005540.0	0.36	0.36	97.8	15.69	84.0	0	0	1004.79	18.6	14.96	356.13	2.86	0.93
1696005600.0	0.36	0.36	98.0	15.69	84.0	0	0	1004.8	18.63	14.98	356.13	2.63	0.88
1696005660.0	0.36	0.36	98.0	15.69	84.0	0	0	1004.82	18.63	15.0	356.13	2.63	0.88
1696005720.0	0.36	0.36	98.0	15.69	84.0	0	0	1004.83	18.63	15.02	356.13	2.63	0.88
1696005780.0	0.36	0.36	98.0	15.69	84.0	0	0	1004.84	18.63	15.04	356.19	2.63	0.88
1696005840.0	0.36	0.36	98.0	15.69	84.0	0	0	1004.85	18.63	15.05	356.19	2.63	0.88
1696005900.0	0.36	0.36	98.0	15.69	84.0	0	0	1004.86	18.63	15.07	356.19	2.63	0.88
1696005960.0	0.36	0.36	98.2	15.69	84.0	0	0	1004.88	18.63	15.09	356.19	2.63	0.88
1696006020.0	0.36	0.36	98.4	15.69	84.0	0	0	1004.89	18.63	15.11	356.19	2.63	0.88
1696006080.0	0.36	0.36	98.6	15.69	84.0	0	0	1004.9	18.63	15.13	356.19	2.63	0.88
1696006140.0	0.36	0.36	98.8	15.69	84.0	0	0	1004.91	18.63	15.15	356.19	2.63	0.88
1696006200.0	0.36	0.36	99.0	15.69	84.0	0	0	1004.92	18.63	15.17	356.19	2.63	0.88
1696006260.0	0.36	0.36	99.1	15.69	84.0	0	0	1004.94	18.63	15.18	356.19	2.68	0.88
1696006320.0	0.36	0.36	99.2	15.69	84.0	0	0	1004.95	18.63	15.2	356.19	2.73	0.88
1696006380.0	0.36	0.36	99.3	15.69	84.0	0	0	1004.96	18.63	15.22	356.19	2.78	0.88
1696006440.0	0.36	0.36	99.4	15.69	84.0	0	0	1004.97	18.63	15.24	356.19	2.83	0.88
1696006500.0	0.36	0.36	99.5	15.69	84.0	0	0	1004.98	18.63	15.26	301.88	2.88	0.88
1696006560.0	0.36	0.36	99.6	15.69	84.0	0	0	1005.0	18.63	15.28	301.88	2.93	0.88
1696006620.0	0.36	0.36	99.7	15.69	84.0	0	0	1005.01	18.63	15.3	301.88	2.98	0.88
1696006680.0	0.36	0.36	99.8	15.69	84.0	0	0	1005.02	18.63	15.31	301.88	3.03	0.88
1696006740.0	0.36	0.36	99.9	15.69	84.0	0	0	1005.03	18.63	15.33	301.88	3.08	0.88
1696006800.0	0.36	0.36	100.0	15.69	84.0	0	0	1005.04	18.63	15.35	301.88	3.13	0.88
1696006860.0	0.36	0.36	100.0	15.69	83.8	0	0	1005.04	18.63	15.34	301.88	3.18	0.9
1696006920.0	0.36	0.36	100.0	15.69	83.6	0	0	1005.03	18.63	15.33	301.88	3.23	0.93
1696006980.0	0.37	0.37	100.0	15.69	83.4	0	0	1005.02	18.63	15.33	20.63	3.28	0.95
1696007040.0	0.37	0.37	100.0	15.69	83.2	0	0	1005.01	18.63	15.32	20.63	3.33	0.98
1696007100.0	0.37	0.37	100.0	15.69	83.0	0	0	1005.0	18.63	15.31	20.63	3.38	1.0
1696007160.0	0.37	0.37	100.0	15.7	83.1	0	0	1004.99	18.63	15.3	20.63	3.31	0.99
1696007220.0	0.37	0.37	100.0	15.71	83.2	0	0	1004.99	18.64	15.29	20.63	3.24	0.98
1696007280.0	0.37	0.37	100.0	15.73	83.3	0	0	1004.98	18.64	15.28	20.63	3.17	0.96
1696007340.0	0.37	0.37	100.0	15.74	83.4	0	0	1004.97	18.65	15.27	20.63	3.1	0.95
1696007400.0	0.36	0.36	100.0	15.75	83.5	0	0	1004.96	18.66	15.26	330.0	3.03	0.94
1696007460.0	0.36	0.36	100.0	15.76	83.6	0	0	1004.95	18.66	15.25	330.0	2.96	0.93
1696007520.0	0.36	0.36	100.0	15.78	83.7	0	0	1004.94	18.67	15.24	330.0	2.89	0.91
1696007580.0	0.36	0.36	100.0	15.79	83.8	0	0	1004.94	18.68	15.24	330.0	2.83	0.9
1696007640.0	0.36	0.36	100.0	15.8	83.9	0	0	1004.93	18.68	15.23	330.0	2.76	0.89
1696007700.0	0.36	0.36	100.0	15.81	84.0	0	0	1004.92	18.69	15.22	330.0	2.69	0.88
1696007760.0	0.36	0.36	100.0	15.81	84.0	0	0	1004.91	18.69	15.21	330.0	2.69	0.88
1696007820.0	0.36	0.36	100.0	15.81	84.0	0	0	1004.9	18.69	15.2	330.0	2.69	0.88
1696007880.0	0.36	0.36	100.0	15.81	84.0	0	0	1004.89	18.69	15.19	330.0	2.69	0.88
1696007940.0	0.36	0.36	100.0	15.81	84.0	0	0	1004.89	18.69	15.18	330.0	2.69	0.88
1696008000.0	0.36	0.36	100.0	15.81	84.0	0	0	1004.88	18.69	15.17	330.0	2.69	0.88
1696008060.0	0.36	0.36	100.0	15.89	83.8	0	0	1004.87	18.79	15.16	330.0	2.99	0.93
1696008120.0	0.36	0.36	100.0	15.96	83.6	0	0	1004.86	18.89	15.16	330.0	3.29	0.98
1696008180.0	0.37	0.37	100.0	16.04	83.4	0	0	1004.85	18.99	15.15	352.69	3.59	1.02
1696008240.0	0.37	0.37	100.0	16.11	83.2	0	0	1004.84	19.09	15.14	352.69	3.89	1.08
1696008300.0	0.37	0.37	100.0	16.19	83.0	0	0	1004.84	19.19	15.13	352.69	4.19	1.13
1696008360.0	0.37	0.37	100.0	16.19	83.2	0	0	1004.83	19.18	15.06	352.69	4.21	1.14
1696008420.0	0.37	0.37	100.0	16.19	83.4	0	0	1004.82	19.16	14.99	352.69	4.24	1.15
1696008480.0	0.36	0.36	100.0	16.19	83.6	0	0	1004.81	19.15	14.93	350.69	4.26	1.16
1696008540.0	0.36	0.36	100.0	16.19	83.8	0	0	1004.8	19.14	14.86	350.69	4.29	1.18
1696008600.0	0.36	0.36	100.0	16.19	84.0	0	0	1004.79	19.13	14.79	350.69	4.31	1.19
1696008660.0	0.36	0.36	100.0	16.21	83.8	0	0	1004.79	19.18	14.79	350.69	4.25	1.19
1696008720.0	0.36	0.36	100.0	16.24	83.6	0	0	1004.78	19.23	14.78	350.69	4.19	1.19
1696008780.0	0.37	0.37	100.0	16.26	83.4	0	0	1004.77	19.27	14.78	349.88	4.13	1.19
1696008840.0	0.37	0.37	100.0	16.29	83.2	0	0	1004.76	19.33	14.78	349.88	4.06	1.19
1696008900.0	0.37	0.37	100.0	16.31	83.0	0	0	1004.75	19.38	14.77	349.88	4.0	1.19
1696008960.0	0.37	0.37	100.0	16.29	82.8	0	0	1004.74	19.38	14.77	349.88	3.93	1.15
1696009020.0	0.37	0.37	100.0	16.26	82.6	0	0	1004.74	19.38	14.77	349.88	3.85	1.11
1696009080.0	0.39	0.39	100.0	16.24	82.4	0	0	1004.73	19.38	14.76	331.19	3.78	1.08
1696009140.0	0.39	0.39	100.0	16.21	82.2	0	0	1004.72	19.38	14.76	331.19	3.7	1.04
1696009200.0	0.39	0.39	100.0	16.19	82.0	0	0	1004.71	19.38	14.76	331.19	3.63	1.0
1696009260.0	0.39	0.39	100.0	16.19	82.0	0	0	1004.7	19.38	14.75	331.19	3.63	1.0
1696009320.0	0.39	0.39	100.0	16.19	82.0	0	0	1004.69	19.38	14.75	331.19	3.63	1.0
1696009380.0	0.39	0.39	100.0	16.19	82.0	0	0	1004.69	19.38	14.75	331.31	3.63	1.0
1696009440.0	0.39	0.39	100.0	16.19	82.0	0	0	1004.68	19.38	14.74	331.31	3.63	1.0
1696009500.0	0.39	0.39	100.0	16.19	82.0	0	0	1004.67	19.38	14.74	331.31	3.63	1.0
1696009560.0	0.39	0.39	100.0	16.13	82.0	0	0	1004.66	19.3	14.74	331.31	3.48	1.04
1696009620.0	0.39	0.39	100.0	16.06	82.0	0	0	1004.65	19.23	14.73	331.31	3.33	1.08
1696009680.0	0.39	0.39	100.0	16.0	82.0	0	0	1004.64	19.15	14.73	14.5	3.18	1.11
1696009740.0	0.39	0.39	100.0	15.94	82.0	0	0	1004.64	19.08	14.73	14.5	3.03	1.15
1696009800.0	0.39	0.39	100.0	15.88	82.0	0	0	1004.63	19.0	14.72	14.5	2.88	1.19
1696009860.0	0.39	0.39	100.0	15.86	82.0	0	0	1004.62	19.0	14.72	14.5	2.9	1.15
1696009920.0	0.39	0.39	100.0	15.85	82.0	0	0	1004.61	19.0	14.72	14.5	2.93	1.11
1696009980.0	0.4	0.4	100.0	15.84	82.0	0	0	1004.6	19.0	14.71	2.81	2.95	1.08
1696010040.0	0.4	0.4	100.0	15.83	82.0	0	0	1004.59	19.0	14.71	2.81	2.98	1.04
1696010100.0	0.4	0.4	100.0	15.81	82.0	0	0	1004.59	19.0	14.71	2.81	3.0	1.0
1696010160.0	0.4	0.4	100.0	15.81	82.0	0	0	1004.58	19.0	14.7	2.81	3.0	1.0
1696010220.0	0.4	0.4	100.0	15.81	82.0	0	0	1004.57	19.0	14.7	2.81	3.0	1.0
1696010280.0	0.4	0.4	100.0	15.81	82.0	0	0	1004.56	19.0	14.7	4.13	3.0	1.0
1696010340.0	0.4	0.4	100.0	15.81	82.0	0	0	1004.55	19.0	14.69	4.13	3.0	1.0
1696010400.0	0.4	0.4	100.0	15.81	82.0	0	0	1004.54	19.0	14.69	4.13	3.0	1.0
1696010460.0	0.4	0.4	100.0	15.83	82.2	0	0	1004.55	19.0	14.67	4.13	3.2	1.06
1696010520.0	0.4	0.4	100.0	15.84	82.4	0	0	1004.56	19.0	14.65	4.13	3.4	1.13
1696010580.0	0.38	0.38	100.0	15.85	82.6	0	0	1004.56	19.0	14.63	46.19	3.6	1.19
1696010640.0	0.38	0.38	100.0	15.86	82.8	0	0	1004.57	19.0	14.61	46.19	3.8	1.25
1696010700.0	0.38	0.38	100.0	15.88	83.0	0	0	1004.58	19.0	14.59	46.19	4.0	1.31
1696010760.0	0.38	0.38	100.0	15.88	83.0	0	0	1004.58	19.02	14.57	46.19	4.0	1.31
1696010820.0	0.38	0.38	100.0	15.88	83.0	0	0	1004.59	19.05	14.55	46.19	4.0	1.31
1696010880.0	0.38	0.38	100.0	15.88	83.0	0	0	1004.59	19.08	14.53	34.88	4.0	1.31
1696010940.0	0.38	0.38	100.0	15.88	83.0	0	0	1004.6	19.1	14.51	34.88	4.0	1.31
1696011000.0	0.38	0.38	100.0	15.88	83.0	0	0	1004.61	19.13	14.49	34.88	4.0	1.31
1696011060.0	0.38	0.38	100.0	15.9	82.8	0	0	1004.61	19.14	14.47	34.88	4.0	1.35
1696011120.0	0.38	0.38	100.0	15.93	82.6	0	0	1004.62	19.15	14.45	34.88	4.0	1.39
1696011180.0	0.4	0.4	100.0	15.95	82.4	0	0	1004.63	19.16	14.43	18.19	4.0	1.43
1696011240.0	0.4	0.4	100.0	15.98	82.2	0	0	1004.63	19.18	14.41	18.19	4.0	1.46
1696011300.0	0.4	0.4	100.0	16.0	82.0	0	0	1004.64	19.19	14.39	18.19	4.0	1.5
1696011360.0	0.4	0.4	100.0	16.04	82.0	0	0	1004.65	19.25	14.37	18.19	4.22	1.5
1696011420.0	0.4	0.4	100.0	16.08	82.0	0	0	1004.65	19.31	14.35	18.19	4.45	1.5
1696011480.0	0.41	0.41	100.0	16.11	82.0	0	0	1004.66	19.38	14.33	7.31	4.68	1.5
1696011540.0	0.41	0.41	100.0	16.15	82.0	0	0	1004.66	19.44	14.31	7.31	4.9	1.5
1696011600.0	0.41	0.41	100.0	16.19	82.0	0	0	1004.67	19.5	14.3	7.31	5.13	1.5
1696011660.0	0.41	0.41	100.0	16.21	81.8	0	0	1004.68	19.54	14.49	7.31	5.1	1.46
1696011720.0	0.41	0.41	100.0	16.24	81.6	0	0	1004.68	19.58	14.68	7.31	5.08	1.43
1696011780.0	0.43	0.43	100.0	16.26	81.4	0	0	1004.69	19.61	14.87	348.63	5.05	1.39
1696011840.0	0.43	0.43	100.0	16.29	81.2	0	0	1004.7	19.65	15.06	348.63	5.03	1.35
1696011900.0	0.43	0.43	100.0	16.31	81.0	0	0	1004.7	19.69	15.25	348.63	5.0	1.31
1696011960.0	0.43	0.43	100.0	16.31	81.0	0	0	1004.71	19.69	15.26	348.63	5.0	1.31
1696012020.0	0.43	0.43	100.0	16.31	81.0	0	0	1004.72	19.69	15.27	348.63	5.0	1.31
1696012080.0	0.43	0.43	100.0	16.31	81.0	0	0	1004.72	19.69	15.29	348.63	5.0	1.31
1696012140.0	0.43	0.43	100.0	16.31	81.0	0	0	1004.73	19.69	15.3	348.63	5.0	1.31
1696012200.0	0.43	0.43	100.0	16.31	81.0	0	0	1004.74	19.69	15.31	348.63	5.0	1.31
1696012260.0	0.43	0.43	100.0	16.31	81.0	0	0	1004.74	19.69	15.33	348.63	4.9	1.31
1696012320.0	0.43	0.43	100.0	16.31	81.0	0	0	1004.75	19.69	15.34	348.63	4.8	1.31
1696012380.0	0.42	0.42	100.0	16.31	81.0	0	0	1004.75	19.69	15.35	3.13	4.7	1.31
1696012440.0	0.42	0.42	100.0	16.31	81.0	0	0	1004.76	19.69	15.36	3.13	4.6	1.31
1696012500.0	0.42	0.42	100.0	16.31	81.0	0	0	1004.77	19.69	15.38	3.13	4.5	1.31
1696012560.0	0.42	0.42	100.0	16.32	81.0	0	0	1004.77	19.71	15.39	3.13	4.44	1.28
1696012620.0	0.42	0.42	100.0	16.33	81.0	0	0	1004.78	19.73	15.4	3.13	4.38	1.25
1696012680.0	0.42	0.42	100.0	16.33	81.0	0	0	1004.79	19.74	15.42	3.13	4.31	1.22
1696012740.0	0.42	0.42	100.0	16.34	81.0	0	0	1004.79	19.76	15.43	3.13	4.25	1.19
1696012800.0	0.43	0.43	100.0	16.34	81.0	0	0	1004.8	19.78	15.44	102.38	4.19	1.16
1696012860.0	0.43	0.43	100.0	16.35	81.0	0	0	1004.81	19.8	15.46	102.38	4.13	1.13
1696012920.0	0.43	0.43	100.0	16.36	81.0	0	0	1004.81	19.82	15.47	102.38	4.06	1.09
1696012980.0	0.43	0.43	100.0	16.36	81.0	0	0	1004.82	19.84	15.48	102.38	4.0	1.06
1696013040.0	0.43	0.43	100.0	16.37	81.0	0	0	1004.82	19.86	15.5	102.38	3.94	1.03
1696013100.0	0.43	0.43	100.0	16.38	81.0	0	0	1004.83	19.88	15.51	102.38	3.88	1.0
1696013160.0	0.43	0.43	100.0	16.38	81.0	0	0	1004.84	19.88	15.52	102.38	3.88	1.0
1696013220.0	0.43	0.43	100.0	16.38	81.0	0	0	1004.84	19.88	15.54	102.38	3.88	1.0
1696013280.0	0.43	0.43	100.0	16.38	81.0	0	0	1004.85	19.88	15.55	102.5	3.88	1.0
1696013340.0	0.43	0.43	100.0	16.38	81.0	0	0	1004.86	19.88	15.56	102.5	3.88	1.0
1696013400.0	0.43	0.43	100.0	16.38	81.0	0	0	1004.86	19.88	15.58	102.5	3.88	1.0
1696013460.0	0.43	0.43	100.0	16.36	80.8	0	0	1004.87	19.88	15.59	102.5	3.93	1.06
1696013520.0	0.43	0.43	100.0	16.35	80.6	0	0	1004.88	19.88	15.6	102.5	3.98	1.13
1696013580.0	0.46	0.46	100.0	16.34	80.4	0	0	1004.88	19.88	15.62	5.31	4.03	1.19
1696013640.0	0.46	0.46	100.0	16.33	80.2	0	0	1004.89	19.88	15.63	5.31	4.08	1.25
1696013700.0	0.46	0.46	100.0	16.31	80.0	0	0	1004.89	19.88	15.64	5.31	4.13	1.31
1696013760.0	0.46	0.46	100.0	16.29	79.8	0	0	1004.9	19.9	15.66	5.31	4.2	1.33
1696013820.0	0.46	0.46	100.0	16.26	79.6	0	0	1004.91	19.93	15.67	5.31	4.28	1.34
1696013880.0	0.47	0.47	100.0	16.24	79.4	0	0	1004.91	19.95	15.68	19.5	4.35	1.35
1696013940.0	0.47	0.47	100.0	16.21	79.2	0	0	1004.92	19.98	15.7	19.5	4.43	1.36
1696014000.0	0.47	0.47	100.0	16.19	79.0	0	0	1004.93	20.0	15.71	19.5	4.5	1.38
1696014060.0	0.47	0.47	99.8	16.19	79.0	0	0	1004.9	20.0	15.71	19.5	4.5	1.38
1696014120.0	0.47	0.47	99.6	16.19	79.0	0	0	1004.88	20.0	15.72	19.5	4.5	1.38
1696014180.0	0.47	0.47	99.4	16.19	79.0	0	0	1004.85	20.0	15.72	19.38	4.5	1.38
1696014240.0	0.47	0.47	99.2	16.19	79.0	0	0	1004.83	20.0	15.73	19.38	4.5	1.38
1696014300.0	0.47	0.47	99.0	16.19	79.0	0	0	1004.8	20.0	15.73	19.38	4.5	1.38
1696014360.0	0.47	0.47	98.8	16.19	79.0	0	0	1004.78	20.0	15.74	19.38	4.5	1.38
1696014420.0	0.47	0.47	98.6	16.19	79.0	0	0	1004.75	20.0	15.74	19.38	4.5	1.38
1696014480.0	0.47	0.47	98.4	16.19	79.0	0	0	1004.73	20.0	15.75	350.63	4.5	1.38
1696014540.0	0.47	0.47	98.2	16.19	79.0	0	0	1004.7	20.0	15.75	350.63	4.5	1.38
1696014600.0	0.47	0.47	98.0	16.19	79.0	0	0	1004.68	20.0	15.76	350.63	4.5	1.38
1696014660.0	0.47	0.47	98.0	16.27	79.0	0	0	1004.65	20.08	15.76	350.63	4.33	1.33
1696014720.0	0.47	0.47	98.0	16.36	79.0	0	0	1004.63	20.15	15.77	350.63	4.15	1.27
1696014780.0	0.47	0.47	98.0	16.45	79.0	0	0	1004.61	20.23	15.77	20.5	3.98	1.23
1696014840.0	0.47	0.47	98.0	16.54	79.0	0	0	1004.58	20.3	15.78	20.5	3.8	1.18
1696014900.0	0.47	0.47	98.0	16.63	79.0	0	0	1004.56	20.38	15.78	20.5	3.63	1.13
1696014960.0	0.47	0.47	97.8	16.58	79.0	0	0	1004.53	20.36	15.79	20.5	3.48	1.1
1696015020.0	0.47	0.47	97.6	16.52	79.0	0	0	1004.51	20.35	15.79	20.5	3.33	1.08
1696015080.0	0.48	0.48	97.4	16.48	79.0	0	0	1004.48	20.34	15.8	346.5	3.18	1.05
1696015140.0	0.48	0.48	97.2	16.43	79.0	0	0	1004.46	20.33	15.8	346.5	3.03	1.02
1696015200.0	0.48	0.48	97.0	16.38	79.0	0	0	1004.43	20.31	15.81	346.5	2.88	1.0
1696015260.0	0.48	0.48	97.4	16.38	79.2	0	0	1004.41	20.29	15.68	346.5	2.88	1.0
1696015320.0	0.48	0.48	97.8	16.38	79.4	0	0	1004.38	20.26	15.55	346.5	2.88	1.0
1696015380.0	0.47	0.47	98.2	16.38	79.6	0	0	1004.36	20.24	15.41	345.88	2.88	1.0
1696015440.0	0.47	0.47	98.6	16.38	79.8	0	0	1004.33	20.21	15.28	345.88	2.88	1.0
1696015500.0	0.47	0.47	99.0	16.38	80.0	0	0	1004.31	20.19	15.15	345.88	2.88	1.0
1696015560.0	0.47	0.47	98.8	16.4	80.0	0	0	1004.28	20.21	15.18	345.88	2.88	1.0
1696015620.0	0.47	0.47	98.6	16.43	80.0	0	0	1004.26	20.24	15.2	345.88	2.88	1.0
1696015680.0	0.47	0.47	98.4	16.45	80.0	0	0	1004.23	20.26	15.22	5.5	2.88	1.0
1696015740.0	0.47	0.47	98.2	16.48	80.0	0	0	1004.21	20.29	15.25	5.5	2.88	1.0
1696015800.0	0.47	0.47	98.0	16.5	80.0	0	0	1004.19	20.31	15.27	5.5	2.88	1.0
1696015860.0	0.47	0.47	98.0	16.48	79.6	0	0	1004.16	20.33	15.29	5.5	3.06	1.04
1696015920.0	0.47	0.47	98.0	16.45	79.2	0	0	1004.14	20.34	15.32	5.5	3.25	1.08
1696015980.0	0.5	0.5	98.0	16.43	78.8	0	0	1004.11	20.35	15.34	48.81	3.44	1.11
1696016040.0	0.5	0.5	98.0	16.4	78.4	0	0	1004.09	20.36	15.36	48.81	3.63	1.15
1696016100.0	0.5	0.5	98.0	16.38	78.0	0	0	1004.06	20.38	15.39	48.81	3.81	1.19
1696016160.0	0.5	0.5	98.0	16.4	78.0	0	0	1004.04	20.4	15.41	48.81	3.81	1.19
1696016220.0	0.5	0.5	98.0	16.43	78.0	0	0	1004.01	20.43	15.43	48.81	3.81	1.19
1696016280.0	0.5	0.5	98.0	16.45	78.0	0	0	1003.99	20.45	15.46	50.81	3.81	1.19
1696016340.0	0.5	0.5	98.0	16.48	78.0	0	0	1003.96	20.48	15.48	50.81	3.81	1.19
1696016400.0	0.5	0.5	98.0	16.5	78.0	0	0	1003.94	20.5	15.5	50.81	3.81	1.19
1696016460.0	0.5	0.5	97.8	16.48	78.0	0	0	1003.91	20.48	15.53	50.81	3.83	1.18
1696016520.0	0.5	0.5	97.6	16.45	78.0	0	0	1003.89	20.45	15.55	50.81	3.84	1.16
1696016580.0	0.49	0.49	97.4	16.43	78.0	0	0	1003.86	20.43	15.57	34.31	3.85	1.15
1696016640.0	0.49	0.49	97.2	16.4	78.0	0	0	1003.84	20.4	15.6	34.31	3.86	1.14
1696016700.0	0.49	0.49	97.0	16.38	78.0	0	0	1003.81	20.38	15.62	34.31	3.88	1.13
1696016760.0	0.49	0.49	97.0	16.36	78.0	0	0	1003.79	20.36	15.64	34.31	3.8	1.14
1696016820.0	0.49	0.49	97.0	16.35	78.0	0	0	1003.77	20.35	15.67	34.31	3.73	1.15
1696016880.0	0.5	0.5	97.0	16.34	78.0	0	0	1003.74	20.34	15.69	12.0	3.65	1.16
1696016940.0	0.5	0.5	97.0	16.33	78.0	0	0	1003.72	20.33	15.71	12.0	3.58	1.18
1696017000.0	0.5	0.5	97.0	16.31	78.0	0	0	1003.69	20.31	15.74	12.0	3.5	1.19
1696017060.0	0.5	0.5	97.0	16.31	78.0	0	0	1003.67	20.31	15.76	12.0	3.5	1.19
1696017120.0	0.5	0.5	97.0	16.31	78.0	0	0	1003.64	20.31	15.78	12.0	3.5	1.19
1696017180.0	0.5	0.5	97.0	16.31	78.0	0	0	1003.62	20.31	15.81	12.13	3.5	1.19
1696017240.0	0.5	0.5	97.0	16.31	78.0	0	0	1003.59	20.31	15.83	12.13	3.5	1.19
1696017300.0	0.5	0.5	97.0	16.31	78.0	0	0	1003.57	20.31	15.85	12.13	3.5	1.19
1696017360.0	0.5	0.5	96.8	16.31	78.0	0	0	1003.54	20.29	15.88	12.13	3.5	1.18
1696017420.0	0.5	0.5	96.6	16.31	78.0	0	0	1003.52	20.26	15.9	12.13	3.5	1.16
1696017480.0	0.49	0.49	96.4	16.31	78.0	0	0	1003.49	20.24	15.92	354.19	3.5	1.15
1696017540.0	0.49	0.49	96.2	16.31	78.0	0	0	1003.47	20.21	15.94	354.19	3.5	1.14
1696017600.0	0.49	0.49	96.0	16.31	78.0	0	0	1003.44	20.19	15.97	354.19	3.5	1.13
1696017660.0	0.49	0.49	95.6	16.35	78.2	0	0	1003.45	20.21	15.97	354.19	3.44	1.06
1696017720.0	0.49	0.49	95.2	16.39	78.4	0	0	1003.45	20.24	15.97	354.19	3.38	1.0
1696017780.0	0.48	0.48	94.8	16.43	78.6	0	0	1003.45	20.26	15.97	359.0	3.31	0.94
1696017840.0	0.48	0.48	94.4	16.46	78.8	0	0	1003.46	20.29	15.97	359.0	3.25	0.88
1696017900.0	0.48	0.48	94.0	16.5	79.0	0	0	1003.46	20.31	15.97	359.0	3.19	0.81
1696017960.0	0.48	0.48	93.4	16.5	79.0	0	0	1003.47	20.31	15.97	359.0	3.19	0.81
1696018020.0	0.48	0.48	92.8	16.5	79.0	0	0	1003.47	20.31	15.97	359.0	3.19	0.81
1696018080.0	0.48	0.48	92.2	16.5	79.0	0	0	1003.47	20.31	15.97	359.0	3.19	0.81
1696018140.0	0.48	0.48	91.6	16.5	79.0	0	0	1003.48	20.31	15.97	359.0	3.19	0.81
1696018200.0	0.48	0.48	91.0	16.5	79.0	0	0	1003.48	20.31	15.97	359.0	3.19	0.81
1696018260.0	0.48	0.48	90.6	16.52	78.8	0	0	1003.48	20.38	15.97	359.0	3.41	0.93
1696018320.0	0.48	0.48	90.2	16.55	78.6	0	0	1003.49	20.44	15.97	359.0	3.64	1.04
1696018380.0	0.5	0.5	89.8	16.58	78.4	0	0	1003.49	20.5	15.98	4.31	3.86	1.15
1696018440.0	0.5	0.5	89.4	16.6	78.2	0	0	1003.49	20.56	15.98	4.31	4.09	1.26
1696018500.0	0.5	0.5	89.0	16.63	78.0	0	0	1003.5	20.63	15.98	4.31	4.31	1.38
1696018560.0	0.5	0.5	88.4	16.56	78.0	0	0	1003.5	20.56	15.98	4.31	4.18	1.36
1696018620.0	0.5	0.5	87.8	16.5	78.0	0	0	1003.51	20.5	15.98	4.31	4.04	1.35
1696018680.0	0.49	0.49	87.2	16.44	78.0	0	0	1003.51	20.44	15.98	358.5	3.9	1.34
1696018740.0	0.49	0.49	86.6	16.38	78.0	0	0	1003.51	20.38	15.98	358.5	3.76	1.33
1696018800.0	0.49	0.49	86.0	16.31	78.0	0	0	1003.52	20.31	15.98	358.5	3.63	1.31
1696018860.0	0.49	0.49	85.6	16.31	78.0	0	0	1003.52	20.31	15.98	358.5	3.76	1.31
1696018920.0	0.49	0.49	85.2	16.31	78.0	0	0	1003.52	20.31	15.98	358.5	3.9	1.31
1696018980.0	0.49	0.49	84.8	16.31	78.0	0	0	1003.53	20.31	15.98	2.69	4.04	1.31
1696019040.0	0.49	0.49	84.4	16.31	78.0	0	0	1003.53	20.31	15.98	2.69	4.18	1.31
1696019100.0	0.49	0.49	84.0	16.31	78.0	0	0	1003.54	20.31	15.98	2.69	4.31	1.31
1696019160.0	0.49	0.49	80.2	16.31	78.0	0	0	1003.54	20.31	15.98	2.69	4.49	1.31
1696019220.0	0.49	0.49	76.4	16.31	78.0	0	0	1003.54	20.31	15.99	2.69	4.66	1.31
1696019280.0	0.5	0.5	72.6	16.31	78.0	0	0	1003.55	20.31	15.99	340.5	4.84	1.31
1696019340.0	0.5	0.5	68.8	16.31	78.0	0	0	1003.55	20.31	16.0	340.5	5.01	1.31
1696019400.0	0.5	0.5	65.0	16.31	78.0	0	0	1003.55	20.31	16.0	340.5	5.19	1.31
1696019460.0	0.5	0.5	64.2	16.31	78.0	0	0	1003.56	20.31	16.0	340.5	5.08	1.35
1696019520.0	0.5	0.5	63.4	16.31	78.0	0	0	1003.56	20.31	16.0	340.5	4.96	1.39
1696019580.0	0.5	0.5	62.6	16.31	78.0	0	0	1003.56	20.31	16.0	353.88	4.85	1.43
1696019640.0	0.5	0.5	61.8	16.31	78.0	0	0	1003.57	20.31	16.0	353.88	4.74	1.46
1696019700.0	0.5	0.5	61.0	16.31	78.0	0	0	1003.57	20.31	16.0	353.88	4.63	1.5
1696019760.0	0.5	0.5	60.4	16.31	78.2	0	0	1003.58	20.29	16.0	353.88	4.63	1.5
1696019820.0	0.5	0.5	59.8	16.31	78.4	0	0	1003.58	20.26	16.0	353.88	4.63	1.5
1696019880.0	0.48	0.48	59.2	16.31	78.6	0	0	1003.58	20.24	16.0	353.81	4.63	1.5
1696019940.0	0.48	0.48	58.6	16.31	78.8	0	0	1003.59	20.21	16.0	353.81	4.63	1.5
1696020000.0	0.48	0.48	58.0	16.31	79.0	0	0	1003.59	20.19	16.0	353.81	4.63	1.5
1696020060.0	0.48	0.48	57.4	16.33	79.0	0	0	1003.59	20.21	16.0	353.81	4.53	1.4
1696020120.0	0.48	0.48	56.8	16.34	79.0	0	0	1003.6	20.24	16.0	353.81	4.43	1.3
1696020180.0	0.47	0.47	56.2	16.35	79.0	0	0	1003.6	20.26	16.0	323.38	4.33	1.2
1696020240.0	0.47	0.47	55.6	16.36	79.0	0	0	1003.6	20.29	16.0	323.38	4.22	1.1
1696020300.0	0.47	0.47	55.0	16.38	79.0	0	0	1003.61	20.31	16.0	323.38	4.13	1.0
1696020360.0	0.47	0.47	54.2	16.38	79.0	0	0	1003.61	20.29	16.0	323.38	4.13	1.0
1696020420.0	0.47	0.47	53.4	16.38	79.0	0	0	1003.62	20.26	16.0	323.38	4.13	1.0
1696020480.0	0.47	0.47	52.6	16.38	79.0	0	0	1003.62	20.24	16.0	32.0	4.13	1.0
1696020540.0	0.47	0.47	51.8	16.38	79.0	0	0	1003.62	20.21	16.0	32.0	4.13	1.0
1696020600.0	0.47	0.47	51.0	16.38	79.0	0	0	1003.63	20.19	16.0	32.0	4.13	1.0
1696020660.0	0.47	0.47	50.4	16.38	79.0	0	0	1003.63	20.19	16.0	32.0	4.24	1.02
1696020720.0	0.47	0.47	49.8	16.38	79.0	0	0	1003.63	20.19	16.0	32.0	4.35	1.05
1696020780.0	0.47		49.2	16.38	79.0	0	0	1003.64	20.19	16.0	30.19	4.46	1.08
1696020840.0	0.47		48.6	16.38	79.0	0	0	1003.64	20.19	16.0	30.19	4.58	1.1
1696020900.0	0.47		48.0	16.38	79.0	0	0	1003.65	20.19	16.0	30.19	4.69	1.13
1696020960.0	0.47		47.4	16.38	79.2	0	0	1003.65	20.18	16.0	30.19	4.69	1.13
1696021020.0	0.47		46.8	16.38	79.4	0	0	1003.65	20.16	16.0	30.19	4.69	1.13
1696021080.0	0.46		46.2	16.38	79.6	0	0	1003.66	20.15	16.0	36.88	4.69	1.13
1696021140.0	0.46		45.6	16.38	79.8	0	0	1003.66	20.14	16.0	36.88	4.69	1.13
1696021200.0	0.46		45.0	16.38	80.0	0	0	1003.66	20.13	16.0	36.88	4.69	1.13
1696021260.0	0.46		45.8	16.36	80.0	0	0	1003.66	20.1	16.0	36.88	4.79	1.16
1696021320.0	0.46		46.6	16.35	80.0	0	0	1003.66	20.08	16.0	36.88	4.89	1.2
1696021380.0	0.46		47.4	16.34	80.0	0	0	1003.65	20.05	16.0	42.5	4.99	1.24
1696021440.0	0.46		48.2	16.33	80.0	0	0	1003.65	20.02	16.0	42.5	5.09	1.27
1696021500.0	0.46		49.0	16.31	80.0	0	0	1003.65	20.0	16.0	42.5	5.19	1.31
1696021560.0	0.46		50.0	16.31	80.0	0	0	1003.64	20.0	16.0	42.5	4.78	1.25
1696021620.0	0.46		51.0	16.31	80.0	0	0	1003.64	20.0	16.0	42.5	4.36	1.19
1696021680.0	0.46	0.46	52.0	16.31	80.0	0	0	1003.64	20.0	16.0	310.81	3.95	1.13
1696021740.0	0.46	0.46	53.0	16.31	80.0	0	0	1003.63	20.0	16.0	310.81	3.54	1.06
1696021800.0	0.46	0.46	54.0	16.31	80.0	0	0	1003.63	20.0	16.0	310.81	3.13	1.0
1696021860.0	0.46	0.46	55.0	16.31	80.0	0	0	1003.63	20.0	16.0	310.81	3.13	1.0
1696021920.0	0.46	0.46	56.0	16.31	80.0	0	0	1003.62	20.0	16.0	310.81	3.13	1.0
1696021980.0	0.46	0.46	57.0	16.31	80.0	0	0	1003.62	20.0	16.0	310.81	3.13	1.0
1696022040.0	0.46	0.46	58.0	16.31	80.0	0	0	1003.62	20.0	16.0	310.81	3.13	1.0
1696022100.0	0.46	0.46	59.0	16.31	80.0	0	0	1003.61	20.0	16.0	310.81	3.13	1.0
1696022160.0	0.46	0.46	59.8	16.25	80.0	0	0	1003.61	19.93	16.0	310.81	3.38	1.1
1696022220.0	0.46	0.46	60.6	16.19	80.0	0	0	1003.61	19.85	16.0	310.81	3.63	1.2
1696022280.0	0.45	0.45	61.4	16.13	80.0	0	0	1003.6	19.77	16.0	40.63	3.88	1.3
1696022340.0	0.45	0.45	62.2	16.06	80.0	0	0	1003.6	19.7	16.0	40.63	4.13	1.4
1696022400.0	0.45	0.45	63.0	16.0	80.0	0	0	1003.6	19.63	16.0	40.63	4.38	1.5
1696022460.0	0.45	0.45	68.8	16.0	80.0	0	0	1003.59	19.63	16.0	40.63	4.44	1.48
1696022520.0	0.45	0.45	74.6	16.0	80.0	0	0	1003.59	19.63	16.0	40.63	4.5	1.45
1696022580.0	0.45	0.45	80.4	16.0	80.0	0	0	1003.59	19.63	16.0	313.63	4.56	1.43
1696022640.0	0.45	0.45	86.2	16.0	80.0	0	0	1003.58	19.63	16.0	313.63	4.63	1.4
1696022700.0	0.45	0.45	92.0	16.0	80.0	0	0	1003.58	19.63	16.0	313.63	4.69	1.38
1696022760.0	0.45	0.45	92.0	16.0	80.0	0	0	1003.58	19.63	16.0	313.63	4.69	1.38
1696022820.0	0.45	0.45	92.0	16.0	80.0	0	0	1003.57	19.63	16.0	313.63	4.69	1.38
1696022880.0	0.45	0.45	92.0	16.0	80.0	0	0	1003.57	19.63	16.0	313.38	4.69	1.38
1696022940.0	0.45	0.45	92.0	16.0	80.0	0	0	1003.57	19.63	16.0	313.38	4.69	1.38
1696023000.0	0.45	0.45	92.0	16.0	80.0	0	0	1003.56	19.63	16.0	313.38	4.69	1.38
1696023060.0	0.45	0.45	92.0	15.98	80.0	0	0	1003.56	19.6	16.0	313.38	4.71	1.38
1696023120.0	0.45	0.45	92.0	15.95	80.0	0	0	1003.56	19.58	16.0	313.38	4.74	1.38
1696023180.0	0.45	0.45	92.0	15.93	80.0	0	0	1003.55	19.55	16.0	6.63	4.76	1.38
1696023240.0	0.45	0.45	92.0	15.9	80.0	0	0	1003.55	19.52	16.0	6.63	4.79	1.38
1696023300.0	0.45	0.45	92.0	15.88	80.0	0	0	1003.55	19.5	16.0	6.63	4.81	1.38
1696023360.0	0.45	0.45	92.0	15.9	80.2	0	0	1003.54	19.5	16.0	6.63	4.71	1.38
1696023420.0	0.45	0.45	92.0	15.93	80.4	0	0	1003.54	19.5	16.0	6.63	4.61	1.38
1696023480.0	0.43	0.43	92.0	15.95	80.6	0	0	1003.54	19.5	16.0	6.38	4.51	1.38
1696023540.0	0.43	0.43	92.0	15.98	80.8	0	0	1003.53	19.5	16.0	6.38	4.41	1.38
1696023600.0	0.43	0.43	92.0	16.0	81.0	0	0	1003.53	19.5	16.0	6.38	4.31	1.38
1696023660.0	0.43	0.43	92.2	16.0	81.0	0	0	1003.52	19.5	16.0	6.38	4.31	1.38
1696023720.0	0.43	0.43	92.4	16.0	81.0	0	0	1003.52	19.5	16.0	6.38	4.31	1.38
1696023780.0	0.43	0.43	92.6	16.0	81.0	0	0	1003.52	19.5	16.0	6.31	4.31	1.38
1696023840.0	0.43	0.43	92.8	16.0	81.0	0	0	1003.51	19.5	16.0	6.31	4.31	1.38
1696023900.0	0.43	0.43	93.0	16.0	81.0	0	0	1003.51	19.5	16.0	6.31	4.31	1.38
1696023960.0	0.43	0.43	93.0	16.02	81.0	0	0	1003.51	19.5	16.0	6.31	4.31	1.38
1696024020.0	0.43	0.43	93.0	16.05	81.0	0	0	1003.5	19.5	16.0	6.31	4.31	1.38
1696024080.0	0.43	0.43	93.0	16.08	81.0	0	0	1003.5	19.5	16.0	35.81	4.31	1.38
1696024140.0	0.43	0.43	93.0	16.1	81.0	0	0	1003.5	19.5	16.0	35.81	4.31	1.38
1696024200.0	0.43	0.43	93.0	16.13	81.0	0	0	1003.49	19.5	16.0	35.81	4.31	1.38
1696024260.0	0.43	0.43	93.0	16.1	81.0	0	0	1003.49	19.48	16.0	35.81	4.11	1.3
1696024320.0	0.43	0.43	93.0	16.08	81.0	0	0	1003.49	19.45	16.0	35.81	3.91	1.23
1696024380.0	0.42	0.42	93.0	16.05	81.0	0	0	1003.48	19.43	16.0	34.81	3.71	1.15
1696024440.0	0.42	0.42	93.0	16.02	81.0	0	0	1003.48	19.4	16.0	34.81	3.51	1.08
1696024500.0	0.42	0.42	93.0	16.0	81.0	0	0	1003.48	19.38	16.0	34.81	3.31	1.0
1696024560.0	0.42	0.42	93.0	16.0	81.0	0	0	1003.47	19.38	16.0	34.81	3.31	1.0
1696024620.0	0.42	0.42	93.0	16.0	81.0	0	0	1003.47	19.38	16.0	34.81	3.31	1.0
1696024680.0	0.42	0.42	93.0	16.0	81.0	0	0	1003.47	19.38	16.0	34.69	3.31	1.0
1696024740.0	0.42	0.42	93.0	16.0	81.0	0	0	1003.46	19.38	16.0	34.69	3.31	1.0
1696024800.0	0.42	0.42	93.0	16.0	81.0	0	0	1003.46	19.38	16.0	34.69	3.31	1.0
1696024860.0	0.42	0.42	93.2	16.0	81.0	0	0	1003.48	19.38	15.99	34.69	3.29	0.96
1696024920.0	0.42	0.42	93.4	16.0	81.0	0	0	1003.5	19.38	15.98	34.69	3.26	0.93
1696024980.0	0.42	0.42	93.6	16.0	81.0	0	0	1003.52	19.38	15.96	35.19	3.24	0.89
1696025040.0	0.42	0.42	93.8	16.0	81.0	0	0	1003.54	19.38	15.95	35.19	3.21	0.85
1696025100.0	0.42	0.42	94.0	16.0	81.0	0	0	1003.56	19.38	15.94	35.19	3.19	0.81
1696025160.0	0.42	0.42	94.0	15.94	81.0	0	0	1003.58	19.33	15.93	35.19	3.18	0.81
1696025220.0	0.42	0.42	94.0	15.88	81.0	0	0	1003.6	19.27	15.92	35.19	3.16	0.81
1696025280.0	0.42	0.42	94.0	15.81	81.0	0	0	1003.62	19.23	15.91	27.5	3.15	0.81
1696025340.0	0.42	0.42	94.0	15.75	81.0	0	0	1003.64	19.18	15.89	27.5	3.14	0.81
1696025400.0	0.42	0.42	94.0	15.69	81.0	0	0	1003.66	19.13	15.88	27.5	3.13	0.81
1696025460.0	0.42	0.42	94.0	15.69	81.0	0	0	1003.68	19.13	15.87	27.5	3.14	0.81
1696025520.0	0.42	0.42	94.0	15.69	81.0	0	0	1003.7	19.13	15.86	27.5	3.15	0.81
1696025580.0	0.41	0.41	94.0	15.69	81.0	0	0	1003.72	19.13	15.85	337.5	3.16	0.81
1696025640.0	0.41	0.41	94.0	15.69	81.0	0	0	1003.74	19.13	15.84	337.5	3.18	0.81
1696025700.0	0.41	0.41	94.0	15.69	81.0	0	0	1003.76	19.13	15.82	337.5	3.19	0.81
1696025760.0	0.41	0.41	94.2	15.69	81.0	0	0	1003.78	19.13	15.81	337.5	3.19	0.81
1696025820.0	0.41	0.41	94.4	15.69	81.0	0	0	1003.8	19.13	15.8	337.5	3.19	0.81
1696025880.0	0.41	0.41	94.6	15.69	81.0	0	0	1003.82	19.13	15.79	337.31	3.19	0.81
1696025940.0	0.41	0.41	94.8	15.69	81.0	0	0	1003.84	19.13	15.78	337.31	3.19	0.81
1696026000.0	0.41	0.41	95.0	15.69	81.0	0	0	1003.86	19.13	15.77	337.31	3.19	0.81
1696026060.0	0.41	0.41	85.0	15.69	81.2	0	0	1003.87	19.1	15.71	337.31	2.88	0.69
1696026120.0	0.41	0.41	75.0	15.69	81.4	0	0	1003.89	19.08	15.65	337.31	2.56	0.56
1696026180.0	0.41		65.0	15.69	81.6	0	0	1003.91	19.05	15.6	19.13	2.25	0.44
1696026240.0	0.41		55.0	15.69	81.8	0	0	1003.93	19.02	15.54	19.13	1.94	0.31
1696026300.0	0.41		45.0	15.69	82.0	0	0	1003.95	19.0	15.49	19.13	1.63	0.19
1696026360.0	0.41		44.0	15.69	82.0	0	0	1003.97	19.0	15.47	19.13	1.64	0.21
1696026420.0	0.41		43.0	15.69	82.0	0	0	1003.99	19.0	15.45	19.13	1.65	0.24
1696026480.0	0.41		42.0	15.69	82.0	0	0	1004.01	19.0	15.43	21.81	1.66	0.26
1696026540.0	0.41		41.0	15.69	82.0	0	0	1004.03	19.0	15.4	21.81	1.68	0.29
1696026600.0	0.41		40.0	15.69	82.0	0	0	1004.05	19.0	15.38	21.81	1.69	0.31
1696026660.0	0.41		39.2	15.69	82.0	0	0	1004.07	19.0	15.36	21.81	1.69	0.31
1696026720.0	0.41		38.4	15.69	82.0	0	0	1004.09	19.0	15.34	21.81	1.69	0.31
1696026780.0	0.41		37.6	15.69	82.0	0	0	1004.11	19.0	15.32	21.88	1.69	0.31
1696026840.0	0.41		36.8	15.69	82.0	0	0	1004.13	19.0	15.3	21.88	1.69	0.31
1696026900.0	0.41		36.0	15.69	82.0	0	0	1004.15	19.0	15.28	21.88	1.69	0.31
1696026960.0	0.41		35.2	15.69	82.0	0	0	1004.17	19.0	15.26	21.88	1.69	0.31
1696027020.0	0.41		34.4	15.69	82.0	0	0	1004.19	19.0	15.24	21.88	1.69	0.31
1696027080.0	0.41		33.6	15.69	82.0	0	0	1004.21	19.0	15.22	22.0	1.69	0.31
1696027140.0	0.41		32.8	15.69	82.0	0	0	1004.23	19.0	15.2	22.0	1.69	0.31
1696027200.0	0.41		32.0	15.69	82.0	0	0	1004.25	19.0	15.18	22.0	1.69	0.31
1696027260.0	0.41		31.2	15.73	82.0	0	0	1004.27	19.0	15.16	22.0	1.68	0.29
1696027320.0	0.41		30.4	15.76	82.0	0	0	1004.29	19.0	15.14	22.0	1.66	0.26
1696027380.0	0.39		29.6	15.8	82.0	0	0	1004.31	19.0	15.12	22.69	1.65	0.24
1696027440.0	0.39		28.8	15.84	82.0	0	0	1004.33	19.0	15.1	22.69	1.64	0.21
1696027500.0	0.39		28.0	15.88	82.0	0	0	1004.35	19.0	15.08	22.69	1.63	0.19
1696027560.0	0.39		27.0	15.88	82.0	0	0	1004.37	19.0	15.06	22.69	1.63	0.19
1696027620.0	0.39		26.0	15.88	82.0	0	0	1004.39	19.0	15.04	22.69	1.63	0.19
1696027680.0	0.39		25.0	15.88	82.0	0	0	1004.41	19.0	15.01	22.5	1.63	0.19
1696027740.0	0.39		24.0	15.88	82.0	0	0	1004.43	19.0	14.99	22.5	1.63	0.19
1696027800.0	0.39		23.0	15.88	82.0	0	0	1004.45	19.0	14.97	22.5	1.63	0.19
1696027860.0	0.39		22.2	15.88	82.0	0	0	1004.47	19.0	14.95	22.5	1.56	0.21
1696027920.0	0.39		21.4	15.88	82.0	0	0	1004.49	19.0	14.93	22.5	1.5	0.24
1696027980.0	0.39		20.6	15.88	82.0	0	0	1004.51	19.0	14.91	13.31	1.44	0.26
1696028040.0	0.39		19.8	15.88	82.0	0	0	1004.53	19.0	14.89	13.31	1.38	0.29
1696028100.0	0.39		19.0	15.88	82.0	0	0	1004.55	19.0	14.87	13.31	1.31	0.31
1696028160.0	0.39		18.2	15.86	82.2	0	0	1004.56	19.0	14.85	13.31	1.38	0.35
1696028220.0	0.39		17.4	15.85	82.4	0	0	1004.58	19.0	14.83	13.31	1.44	0.39
1696028280.0	0.38		16.6	15.84	82.6	0	0	1004.6	19.0	14.81	48.81	1.5	0.43
1696028340.0	0.38		15.8	15.83	82.8	0	0	1004.62	19.0	14.79	48.81	1.56	0.46
1696028400.0	0.38		15.0	15.81	83.0	0	0	1004.64	19.0	14.77	48.81	1.63	0.5
1696028460.0	0.38		15.0	15.83	83.0	0	0	1004.63	18.98	14.75	48.81	1.63	0.5
1696028520.0	0.38		15.0	15.84	83.0	0	0	1004.62	18.95	14.73	48.81	1.63	0.5
1696028580.0	0.38		15.0	15.85	83.0	0	0	1004.61	18.93	14.71	42.5	1.63	0.5
1696028640.0	0.38		15.0	15.86	83.0	0	0	1004.6	18.9	14.69	42.5	1.63	0.5
1696028700.0	0.38		15.0	15.88	83.0	0	0	1004.59	18.88	14.67	42.5	1.63	0.5
1696028760.0	0.38		14.8	15.9	83.0	0	0	1004.58	18.88	14.65	42.5	1.88	0.5
1696028820.0	0.38		14.6	15.93	83.0	0	0	1004.57	18.88	14.64	42.5	2.13	0.5
1696028880.0	0.37		14.4	15.95	83.0	0	0	1004.56	18.88	14.62	327.38	2.38	0.5
1696028940.0	0.37		14.2	15.98	83.0	0	0	1004.55	18.88	14.6	327.38	2.63	0.5
1696029000.0	0.37		14.0	16.0	83.0	0	0	1004.54	18.88	14.58	327.38	2.88	0.5
1696029060.0	0.37		14.0	16.0	83.0	0	0	1004.53	18.88	14.56	327.38	2.84	0.48
1696029120.0	0.37		14.0	16.0	83.0	0	0	1004.52	18.88	14.54	327.38	2.8	0.45
1696029180.0	0.37		14.0	16.0	83.0	0	0	1004.51	18.88	14.52	47.69	2.76	0.43
1696029240.0	0.37		14.0	16.0	83.0	0	0	1004.5	18.88	14.5	47.69	2.73	0.4
1696029300.0	0.37		14.0	16.0	83.0	0	0	1004.49	18.88	14.48	47.69	2.69	0.38
1696029360.0	0.37		13.8	15.98	83.2	0	0	1004.48	18.88	14.46	47.69	2.78	0.44
1696029420.0	0.37		13.6	15.95	83.4	0	0	1004.47	18.88	14.44	47.69	2.86	0.5
1696029480.0	0.36		13.4	15.93	83.6	0	0	1004.46	18.88	14.43	27.19	2.95	0.56
1696029540.0	0.36		13.2	15.9	83.8	0	0	1004.45	18.88	14.41	27.19	3.04	0.63
1696029600.0	0.36		13.0	15.88	84.0	0	0	1004.44	18.88	14.39	27.19	3.13	0.69
1696029660.0	0.36		13.0	15.88	84.0	0	0	1004.43	18.88	14.37	27.19	3.13	0.71
1696029720.0	0.36		13.0	15.88	84.0	0	0	1004.42	18.88	14.35	27.19	3.13	0.74
1696029780.0	0.36		13.0	15.88	84.0	0	0	1004.41	18.88	14.33	47.38	3.13	0.76
1696029840.0	0.36		13.0	15.88	84.0	0	0	1004.4	18.88	14.31	47.38	3.13	0.79
1696029900.0	0.36		13.0	15.88	84.0	0	0	1004.39	18.88	14.29	47.38	3.13	0.81
1696029960.0	0.36		13.0	15.88	84.0	0	0	1004.38	18.88	14.27	47.38	3.1	0.81
1696030020.0	0.36		13.0	15.88	84.0	0	0	1004.37	18.88	14.25	47.38	3.08	0.81
1696030080.0	0.36		13.0	15.88	84.0	0	0	1004.36	18.88	14.23	47.5	3.05	0.81
1696030140.0	0.36		13.0	15.88	84.0	0	0	1004.35	18.88	14.22	47.5	3.03	0.81
1696030200.0	0.36		13.0	15.88	84.0	0	0	1004.34	18.88	14.2	47.5	3.0	0.81
1696030260.0	0.36		21.5	15.89	84.0	0	0	1004.33	18.89	14.29	47.5	2.92	0.79
1696030320.0	0.36		30.0	15.9	84.0	0	0	1004.32	18.9	14.39	47.5	2.84	0.78
1696030380.0	0.36		38.5	15.91	84.0	0	0	1004.31	18.91	14.48	47.5	2.76	0.76
1696030440.0	0.36		47.0	15.93	84.0	0	0	1004.3	18.93	14.58	47.5	2.68	0.74
1696030500.0	0.36	0.36	55.5	15.94	84.0	0	0	1004.29	18.94	14.68	24.69	2.59	0.72
1696030560.0	0.36	0.36	64.0	15.95	84.0	0	0	1004.28	18.95	14.77	24.69	2.51	0.7
1696030620.0	0.36	0.36	72.5	15.96	84.0	0	0	1004.27	18.96	14.87	24.69	2.43	0.68
1696030680.0	0.36	0.36	81.0	15.98	84.0	0	0	1004.26	18.98	14.97	24.69	2.35	0.66
1696030740.0	0.36	0.36	89.5	15.99	84.0	0	0	1004.25	18.99	15.06	24.69	2.27	0.64
1696030800.0	0.36	0.36	98.0	16.0	84.0	0	0	1004.24	19.0	15.16	24.69	2.19	0.63
1696030860.0	0.36	0.36	98.2	16.0	84.0	0	0	1004.23	18.98	15.15	24.69	2.45	0.66
1696030920.0	0.36	0.36	98.4	16.0	84.0	0	0	1004.22	18.95	15.14	24.69	2.71	0.7
1696030980.0	0.36	0.36	98.6	16.0	84.0	0	0	1004.21	18.93	15.13	355.31	2.98	0.74
1696031040.0	0.36	0.36	98.8	16.0	84.0	0	0	1004.2	18.9	15.12	355.31	3.24	0.78
1696031100.0	0.36	0.36	99.0	16.0	84.0	0	0	1004.19	18.88	15.11	355.31	3.5	0.81
1696031160.0	0.36	0.36	99.0	16.0	84.0	0	0	1004.18	18.88	15.1	355.31	3.5	0.81
1696031220.0	0.36	0.36	99.0	16.0	84.0	0	0	1004.17	18.88	15.09	355.31	3.5	0.81
1696031280.0	0.36	0.36	99.0	16.0	84.0	0	0	1004.16	18.88	15.08	355.19	3.5	0.81
1696031340.0	0.36	0.36	99.0	16.0	84.0	0	0	1004.15	18.88	15.07	355.19	3.5	0.81
1696031400.0	0.36	0.36	99.0	16.0	84.0	0	0	1004.14	18.88	15.06	355.19	3.5	0.81
1696031460.0	0.36	0.36	99.2	16.02	84.0	0	0	1004.13	18.88	15.05	355.19	3.24	0.79
1696031520.0	0.36	0.36	99.4	16.05	84.0	0	0	1004.12	18.88	15.04	355.19	2.98	0.76
1696031580.0	0.35	0.35	99.6	16.08	84.0	0	0	1004.11	18.88	15.03	48.38	2.71	0.74
1696031640.0	0.35	0.35	99.8	16.1	84.0	0	0	1004.1	18.88	15.02	48.38	2.45	0.71
1696031700.0	0.35	0.35	100.0	16.13	84.0	0	0	1004.09	18.88	15.01	48.38	2.19	0.69
1696031760.0	0.35	0.35	100.0	16.13	84.0	0	0	1004.08	18.88	15.0	48.38	2.19	0.65
1696031820.0	0.35	0.35	100.0	16.13	84.0	0	0	1004.07	18.88	14.99	48.38	2.19	0.61
1696031880.0	0.35	0.35	100.0	16.13	84.0	0	0	1004.06	18.88	14.99	38.0	2.19	0.57
1696031940.0	0.35	0.35	100.0	16.13	84.0	0	0	1004.05	18.88	14.98	38.0	2.19	0.54
1696032000.0	0.35	0.35	100.0	16.13	84.0	0	0	1004.04	18.88	14.97	38.0	2.19	0.5
1696032060.0	0.35	0.35	100.0	16.13	84.0	0	0	1004.05	18.88	14.97	38.0	2.21	0.46
1696032120.0	0.35	0.35	100.0	16.13	84.0	0	0	1004.05	18.88	14.97	38.0	2.24	0.43
1696032180.0	0.35	0.35	100.0	16.13	84.0	0	0	1004.06	18.88	14.96	26.38	2.26	0.39
1696032240.0	0.35	0.35	100.0	16.13	84.0	0	0	1004.06	18.88	14.96	26.38	2.29	0.35
1696032300.0	0.35	0.35	100.0	16.13	84.0	0	0	1004.07	18.88	14.96	26.38	2.31	0.31
1696032360.0	0.35	0.35	100.0	16.06	84.0	0	0	1004.07	18.83	14.96	26.38	2.31	0.31
1696032420.0	0.35	0.35	100.0	16.0	84.0	0	0	1004.08	18.77	14.96	26.38	2.31	0.31
1696032480.0	0.34	0.34	100.0	15.94	84.0	0	0	1004.08	18.73	14.96	46.13	2.31	0.31
1696032540.0	0.34	0.34	100.0	15.88	84.0	0	0	1004.08	18.68	14.96	46.13	2.31	0.31
1696032600.0	0.34	0.34	100.0	15.81	84.0	0	0	1004.09	18.63	14.96	46.13	2.31	0.31
1696032660.0	0.34	0.34	100.0	15.81	84.2	0	0	1004.09	18.63	14.96	46.13	2.17	0.35
1696032720.0	0.34	0.34	100.0	15.81	84.4	0	0	1004.1	18.63	14.96	46.13	2.04	0.39
1696032780.0	0.34	0.34	100.0	15.81	84.6	0	0	1004.1	18.63	14.96	23.69	1.9	0.43
1696032840.0	0.34	0.34	100.0	15.81	84.8	0	0	1004.11	18.63	14.96	23.69	1.76	0.46
1696032900.0	0.34	0.34	100.0	15.81	85.0	0	0	1004.11	18.63	14.96	23.69	1.63	0.5
1696032960.0	0.34	0.34	100.0	15.83	85.0	0	0	1004.12	18.63	14.96	23.69	1.84	0.5
1696033020.0	0.34	0.34	100.0	15.84	85.0	0	0	1004.12	18.63	14.96	23.69	2.05	0.5
1696033080.0	0.32	0.32	100.0	15.85	85.0	0	0	1004.12	18.63	14.96	3.13	2.26	0.5
1696033140.0	0.32	0.32	100.0	15.86	85.0	0	0	1004.13	18.63	14.96	3.13	2.48	0.5
1696033200.0	0.32	0.32	100.0	15.88	85.0	0	0	1004.13	18.63	14.96	3.13	2.69	0.5
1696033260.0	0.32	0.32	95.0	15.9	85.0	0	0	1004.14	18.63	14.99	3.13	2.73	0.5
1696033320.0	0.32	0.32	90.0	15.93	85.0	0	0	1004.14	18.63	15.02	3.13	2.76	0.5
1696033380.0	0.32	0.32	85.0	15.95	85.0	0	0	1004.15	18.63	15.04	358.0	2.8	0.5
1696033440.0	0.32	0.32	80.0	15.98	85.0	0	0	1004.15	18.63	15.07	358.0	2.84	0.5
1696033500.0	0.32	0.32	75.0	16.0	85.0	0	0	1004.16	18.63	15.1	358.0	2.88	0.5
1696033560.0	0.32	0.32	74.2	16.0	85.0	0	0	1004.16	18.63	15.09	358.0	2.88	0.5
1696033620.0	0.32	0.32	73.4	16.0	85.0	0	0	1004.16	18.63	15.07	358.0	2.88	0.5
1696033680.0	0.32	0.32	72.6	16.0	85.0	0	0	1004.17	18.63	15.06	358.31	2.88	0.5
1696033740.0	0.32	0.32	71.8	16.0	85.0	0	0	1004.17	18.63	15.04	358.31	2.88	0.5
1696033800.0	0.32	0.32	71.0	16.0	85.0	0	0	1004.18	18.63	15.03	358.31	2.88	0.5
1696033860.0	0.32	0.32	70.0	16.0	85.0	0	0	1004.18	18.6	15.02	358.31	2.74	0.54
1696033920.0	0.32	0.32	69.0	16.0	85.0	0	0	1004.19	18.58	15.0	358.31	2.6	0.57
1696033980.0	0.32	0.32	68.0	16.0	85.0	0	0	1004.19	18.55	14.99	19.31	2.46	0.61
1696034040.0	0.32	0.32	67.0	16.0	85.0	0	0	1004.2	18.52	14.97	19.31	2.33	0.65
1696034100.0	0.32	0.32	66.0	16.0	85.0	0	0	1004.2	18.5	14.96	19.31	2.19	0.69
1696034160.0	0.32	0.32	65.2	16.0	85.0	0	0	1004.21	18.5	14.94	19.31	2.19	0.68
1696034220.0	0.32	0.32	64.4	16.0	85.0	0	0	1004.21	18.5	14.93	19.31	2.19	0.66
1696034280.0	0.32	0.32	63.6	16.0	85.0	0	0	1004.21	18.5	14.91	19.5	2.19	0.65
1696034340.0	0.32	0.32	62.8	16.0	85.0	0	0	1004.22	18.5	14.9	19.5	2.19	0.64
1696034400.0	0.32	0.32	62.0	16.0	85.0	0	0	1004.22	18.5	14.88	19.5	2.19	0.63
1696034460.0	0.32	0.32	61.0	16.0	85.2	0	0	1004.23	18.5	14.87	19.5	2.23	0.63
1696034520.0	0.32	0.32	60.0	16.0	85.4	0	0	1004.23	18.5	14.85	19.5	2.26	0.63
1696034580.0	0.31	0.31	59.0	16.0	85.6	0	0	1004.24	18.5	14.84	38.31	2.3	0.63
1696034640.0	0.31	0.31	58.0	16.0	85.8	0	0	1004.24	18.5	14.83	38.31	2.34	0.63
1696034700.0	0.31	0.31	57.0	16.0	86.0	0	0	1004.25	18.5	14.81	38.31	2.38	0.63
1696034760.0	0.31	0.31	56.2	16.0	86.0	0	0	1004.25	18.5	14.8	38.31	2.44	0.64
1696034820.0	0.31	0.31	55.4	16.0	86.0	0	0	1004.25	18.5	14.78	38.31	2.5	0.65
1696034880.0	0.31	0.31	54.6	16.0	86.0	0	0	1004.26	18.5	14.77	39.81	2.56	0.66
1696034940.0	0.31	0.31	53.8	16.0	86.0	0	0	1004.26	18.5	14.75	39.81	2.63	0.68
1696035000.0	0.31	0.31	53.0	16.0	86.0	0	0	1004.27	18.5	14.74	39.81	2.69	0.69
1696035060.0	0.31	0.31	52.0	15.96	85.8	0	0	1004.27	18.4	14.72	39.81	2.68	0.68
1696035120.0	0.31	0.31	51.0	15.93	85.6	0	0	1004.28	18.3	14.71	39.81	2.66	0.66
1696035180.0	0.33		50.0	15.89	85.4	0	0	1004.28	18.2	14.69	11.19	2.65	0.65
1696035240.0	0.33		49.0	15.85	85.2	0	0	1004.29	18.1	14.68	11.19	2.64	0.64
1696035300.0	0.33		48.0	15.81	85.0	0	0	1004.29	18.0	14.67	11.19	2.63	0.63
1696035360.0	0.33		47.0	15.81	85.0	0	0	1004.3	18.0	14.65	11.19	2.48	0.63
1696035420.0	0.33		46.0	15.81	85.0	0	0	1004.3	18.0	14.64	11.19	2.33	0.63
1696035480.0	0.33		45.0	15.81	85.0	0	0	1004.3	18.0	14.62	5.31	2.17	0.63
1696035540.0	0.33		44.0	15.81	85.0	0	0	1004.31	18.0	14.61	5.31	2.03	0.63
1696035600.0	0.33		43.0	15.81	85.0	0	0	1004.31	18.0	14.59	5.31	1.88	0.63
1696035660.0	0.33		43.8	15.85	85.4	0	0	1004.33	18.08	14.59	5.31	1.96	0.57
1696035720.0	0.33		44.6	15.89	85.8	0	0	1004.34	18.15	14.59	5.31	2.05	0.53
1696035780.0	0.29		45.4	15.93	86.2	0	0	1004.35	18.23	14.58	1.63	2.14	0.48
1696035840.0	0.29		46.2	15.96	86.6	0	0	1004.36	18.3	14.58	1.63	2.23	0.43
1696035900.0	0.29		47.0	16.0	87.0	0	0	1004.37	18.38	14.58	1.63	2.31	0.38
1696035960.0	0.29		47.8	16.0	87.0	0	0	1004.39	18.38	14.57	1.63	2.31	0.38
1696036020.0	0.29		48.6	16.0	87.0	0	0	1004.4	18.38	14.57	1.63	2.31	0.38
1696036080.0	0.29	0.29	49.4	16.0	87.0	0	0	1004.41	18.38	14.57	1.63	2.31	0.38
1696036140.0	0.29	0.29	50.2	16.0	87.0	0	0	1004.42	18.38	14.56	1.63	2.31	0.38
1696036200.0	0.29	0.29	51.0	16.0	87.0	0	0	1004.43	18.38	14.56	1.63	2.31	0.38
1696036260.0	0.29	0.29	51.6	16.0	87.0	0	0	1004.45	18.38	14.56	1.63	2.35	0.4
1696036320.0	0.29	0.29	52.2	16.0	87.0	0	0	1004.46	18.38	14.55	1.63	2.39	0.43
1696036380.0	0.29	0.29	52.8	16.0	87.0	0	0	1004.47	18.38	14.55	11.81	2.42	0.45
1696036440.0	0.29	0.29	53.4	16.0	87.0	0	0	1004.48	18.38	14.55	11.81	2.46	0.48
1696036500.0	0.29	0.29	54.0	16.0	87.0	0	0	1004.5	18.38	14.54	11.81	2.5	0.5
1696036560.0	0.29	0.29	54.8	16.0	86.8	0	0	1004.51	18.38	14.54	11.81	2.5	0.53
1696036620.0	0.29	0.29	55.6	16.0	86.6	0	0	1004.52	18.38	14.54	11.81	2.5	0.55
1696036680.0	0.29	0.29	56.4	16.0	86.4	0	0	1004.53	18.38	14.53	60.81	2.5	0.57
1696036740.0	0.29	0.29	57.2	16.0	86.2	0	0	1004.54	18.38	14.53	60.81	2.5	0.6
1696036800.0	0.29	0.29	58.0	16.0	86.0	0	0	1004.56	18.38	14.53	60.81	2.5	0.63
1696036860.0	0.29	0.29	58.6	16.02	86.2	0	0	1004.57	18.38	14.52	60.81	2.66	0.6
1696036920.0	0.29	0.29	59.2	16.05	86.4	0	0	1004.58	18.38	14.52	60.81	2.83	0.57
1696036980.0	0.29	0.29	59.8	16.08	86.6	0	0	1004.59	18.38	14.52	58.19	2.99	0.55
1696037040.0	0.29	0.29	60.4	16.1	86.8	0	0	1004.61	18.38	14.51	58.19	3.15	0.53
1696037100.0	0.29	0.29	61.0	16.13	87.0	0	0	1004.62	18.38	14.51	58.19	3.31	0.5
1696037160.0	0.29	0.29	61.8	16.13	87.0	0	0	1004.63	18.38	14.51	58.19	3.08	0.5
1696037220.0	0.29	0.29	62.6	16.13	87.0	0	0	1004.64	18.38	14.5	58.19	2.84	0.5
1696037280.0	0.28	0.28	63.4	16.13	87.0	0	0	1004.65	18.38	14.5	5.63	2.6	0.5
1696037340.0	0.28	0.28	64.2	16.13	87.0	0	0	1004.67	18.38	14.5	5.63	2.36	0.5
1696037400.0	0.28	0.28	65.0	16.13	87.0	0	0	1004.68	18.38	14.49	5.63	2.13	0.5
1696037460.0	0.28	0.28	65.6	16.13	87.0	0	0	1004.69	18.38	14.49	5.63	2.13	0.5
1696037520.0	0.28	0.28	66.2	16.13	87.0	0	0	1004.7	18.38	14.49	5.63	2.13	0.5
1696037580.0	0.28	0.28	66.8	16.13	87.0	0	0	1004.71	18.38	14.48	5.5	2.13	0.5
1696037640.0	0.28	0.28	67.4	16.13	87.0	0	0	1004.73	18.38	14.48	5.5	2.13	0.5
1696037700.0	0.28	0.28	68.0	16.13	87.0	0	0	1004.74	18.38	14.48	5.5	2.13	0.5
1696037760.0	0.28	0.28	68.8	16.13	87.0	0	0	1004.75	18.38	14.47	5.5	2.38	0.54
1696037820.0	0.28	0.28	69.6	16.13	87.0	0	0	1004.76	18.38	14.47	5.5	2.63	0.57
1696037880.0	0.28	0.28	70.4	16.13	87.0	0	0	1004.78	18.38	14.47	16.88	2.88	0.61
1696037940.0	0.28	0.28	71.2	16.13	87.0	0	0	1004.79	18.38	14.46	16.88	3.13	0.65
1696038000.0	0.28	0.28	72.0	16.13	87.0	0	0	1004.8	18.38	14.46	16.88	3.38	0.69
1696038060.0	0.28	0.28	73.6	16.13	87.0	0	0	1004.81	18.38	14.66	16.88	3.36	0.69
1696038120.0	0.28	0.28	75.2	16.13	87.0	0	0	1004.82	18.38	14.86	16.88	3.35	0.69
1696038180.0	0.28	0.28	76.8	16.13	87.0	0	0	1004.84	18.38	15.06	14.0	3.34	0.69
1696038240.0	0.28	0.28	78.4	16.13	87.0	0	0	1004.85	18.38	15.26	14.0	3.33	0.69
1696038300.0	0.28	0.28	80.0	16.13	87.0	0	0	1004.86	18.38	15.46	14.0	3.31	0.69
1696038360.0	0.28	0.28	80.6	16.14	87.0	0	0	1004.87	18.38	15.45	14.0	3.31	0.69
1696038420.0	0.28	0.28	81.2	16.15	87.0	0	0	1004.89	18.38	15.44	14.0	3.31	0.69
1696038480.0	0.27	0.27	81.8	16.16	87.0	0	0	1004.9	18.38	15.43	15.19	3.31	0.69
1696038540.0	0.27	0.27	82.4	16.18	87.0	0	0	1004.91	18.38	15.41	15.19	3.31	0.69
1696038600.0	0.27	0.27	83.0	16.19	87.0	0	0	1004.92	18.38	15.4	15.19	3.31	0.69
1696038660.0	0.27	0.27	83.6	16.19	87.2	0	0	1004.93	18.38	15.39	15.19	2.98	0.59
1696038720.0	0.27	0.27	84.2	16.19	87.4	0	0	1004.95	18.38	15.38	15.19	2.64	0.49
1696038780.0	0.26	0.26	84.8	16.19	87.6	0	0	1004.96	18.38	15.37	18.63	2.3	0.39
1696038840.0	0.26	0.26	85.4	16.19	87.8	0	0	1004.97	18.38	15.35	18.63	1.96	0.29
1696038900.0	0.26	0.26	86.0	16.19	88.0	0	0	1004.98	18.38	15.34	18.63	1.63	0.19
1696038960.0	0.26	0.26	86.0	16.19	88.0	0	0	1004.99	18.38	15.15	18.63	1.68	0.23
1696039020.0	0.26	0.26	86.0	16.19	88.0	0	0	1005.01	18.38	14.96	18.63	1.73	0.26
1696039080.0	0.26	0.26	86.0	16.19	88.0	0	0	1005.02	18.38	14.77	353.19	1.78	0.3
1696039140.0	0.26	0.26	86.0	16.19	88.0	0	0	1005.03	18.38	14.58	353.19	1.83	0.34
1696039200.0	0.26	0.26	86.0	16.19	88.0	0	0	1005.04	18.38	14.39	353.19	1.88	0.38
1696039260.0	0.26	0.26	86.2	16.19	88.0	0	0	1005.05	18.38	14.39	353.19	1.88	0.38
1696039320.0	0.26	0.26	86.4	16.19	88.0	0	0	1005.05	18.38	14.38	353.19	1.88	0.38
1696039380.0	0.26	0.26	86.6	16.19	88.0	0	0	1005.06	18.38	14.38	353.31	1.88	0.38
1696039440.0	0.26	0.26	86.8	16.19	88.0	0	0	1005.06	18.38	14.37	353.31	1.88	0.38
1696039500.0	0.26	0.26	87.0	16.19	88.0	0	0	1005.07	18.38	14.37	353.31	1.88	0.38
1696039560.0	0.26	0.26	87.4	16.19	88.0	0	0	1005.07	18.38	14.36	353.31	1.88	0.38
1696039620.0	0.26	0.26	87.8	16.19	88.0	0	0	1005.08	18.38	14.35	353.31	1.88	0.38
1696039680.0	0.26	0.26	88.2	16.19	88.0	0	0	1005.08	18.38	14.35	296.88	1.88	0.38
1696039740.0	0.26	0.26	88.6	16.19	88.0	0	0	1005.09	18.38	14.34	296.88	1.88	0.38
1696039800.0	0.26	0.26	89.0	16.19	88.0	0	0	1005.09	18.38	14.34	296.88	1.88	0.38
1696039860.0	0.26	0.26	89.2	16.19	88.0	0	0	1005.1	18.38	14.33	296.88	1.73	0.34
1696039920.0	0.26	0.26	89.4	16.19	88.0	0	0	1005.1	18.38	14.33	296.88	1.58	0.3
1696039980.0	0.27	0.27	89.6	16.19	88.0	0	0	1005.11	18.38	14.32	328.0	1.43	0.26
1696040040.0	0.27	0.27	89.8	16.19	88.0	0	0	1005.11	18.38	14.32	328.0	1.27	0.23
1696040100.0	0.27	0.27	90.0	16.19	88.0	0	0	1005.12	18.38	14.31	328.0	1.13	0.19
1696040160.0	0.27	0.27	90.2	16.19	88.0	0	0	1005.12	18.38	14.31	328.0	1.13	0.18
1696040220.0	0.27	0.27	90.4	16.19	88.0	0	0	1005.13	18.38	14.3	328.0	1.13	0.16
1696040280.0	0.26	0.26	90.6	16.19	88.0	0	0	1005.13	18.38	14.29	316.38	1.13	0.15
1696040340.0	0.26	0.26	90.8	16.19	88.0	0	0	1005.14	18.38	14.29	316.38	1.13	0.14
1696040400.0	0.26	0.26	91.0	16.19	88.0	0	0	1005.14	18.38	14.28	316.38	1.13	0.13
1696040460.0	0.26	0.26	91.2	16.19	88.0	0	0	1005.15	18.38	14.28	316.38	1.13	0.13
1696040520.0	0.26	0.26	91.4	16.19	88.0	0	0	1005.15	18.38	14.27	316.38	1.13	0.13
1696040580.0	0.26	0.26	91.6	16.19	88.0	0	0	1005.16	18.38	14.27	316.31	1.13	0.13
1696040640.0	0.26	0.26	91.8	16.19	88.0	0	0	1005.16	18.38	14.26	316.31	1.13	0.13
1696040700.0	0.26	0.26	92.0	16.19	88.0	0	0	1005.17	18.38	14.26	316.31	1.13	0.13
1696040760.0	0.26	0.26	92.2	16.21	88.0	0	0	1005.17	18.38	14.25	316.31	1.26	0.13
1696040820.0	0.26	0.26	92.4	16.24	88.0	0	0	1005.18	18.38	14.25	316.31	1.4	0.13
1696040880.0	0.25	0.25	92.6	16.26	88.0	0	0	1005.18	18.38	14.24	337.31	1.54	0.13
1696040940.0	0.25	0.25	92.8	16.29	88.0	0	0	1005.19	18.38	14.23	337.31	1.68	0.13
1696041000.0	0.25	0.25	93.0	16.31	88.0	0	0	1005.19	18.38	14.23	337.31	1.81	0.13
1696041060.0	0.25	0.25	93.2	16.29	88.0	0	0	1005.2	18.36	14.22	337.31	1.78	0.18
1696041120.0	0.25	0.25	93.4	16.26	88.0	0	0	1005.2	18.35	14.22	337.31	1.74	0.23
1696041180.0	0.26	0.26	93.6	16.24	88.0	0	0	1005.21	18.34	14.21	9.31	1.7	0.28
1696041240.0	0.26	0.26	93.8	16.21	88.0	0	0	1005.21	18.33	14.21	9.31	1.66	0.33
1696041300.0	0.26	0.26	94.0	16.19	88.0	0	0	1005.22	18.31	14.2	9.31	1.63	0.38
1696041360.0	0.26	0.26	94.2	16.21	88.0	0	0	1005.22	18.33	14.2	9.31	1.63	0.38
1696041420.0	0.26	0.26	94.4	16.24	88.0	0	0	1005.23	18.34	14.19	9.31	1.63	0.38
1696041480.0	0.26	0.26	94.6	16.26	88.0	0	0	1005.23	18.35	14.18	9.38	1.63	0.38
1696041540.0	0.26	0.26	94.8	16.29	88.0	0	0	1005.24	18.36	14.18	9.38	1.63	0.38
1696041600.0	0.26	0.26	95.0	16.31	88.0	0	0	1005.24	18.38	14.17	9.38	1.63	0.38
1696041660.0	0.26	0.26	95.2	16.31	88.0	0	0	1005.25	18.38	14.17	9.38	1.58	0.38
1696041720.0	0.26	0.26	95.4	16.31	88.0	0	0	1005.25	18.38	14.16	9.38	1.53	0.38
1696041780.0	0.26	0.26	95.6	16.31	88.0	0	0	1005.26	18.38	14.16	9.19	1.48	0.38
1696041840.0	0.26	0.26	95.8	16.31	88.0	0	0	1005.26	18.38	14.15	9.19	1.43	0.38
1696041900.0	0.26	0.26	96.0	16.31	88.0	0	0	1005.27	18.38	14.15	9.19	1.38	0.38
1696041960.0	0.26	0.26	96.4	16.31	88.0	0	0	1005.27	18.38	14.14	9.19	1.44	0.4
1696042020.0	0.26	0.26	96.8	16.31	88.0	0	0	1005.28	18.38	14.14	9.19	1.5	0.43
1696042080.0	0.25	0.25	97.2	16.31	88.0	0	0	1005.28	18.38	14.13	339.13	1.56	0.45
1696042140.0	0.25	0.25	97.6	16.31	88.0	0	0	1005.29	18.38	14.12	339.13	1.63	0.48
1696042200.0	0.25	0.25	98.0	16.31	88.0	0	0	1005.29	18.38	14.12	339.13	1.69	0.5
1696042260.0	0.25	0.25	98.2	16.31	88.0	0	0	1005.3	18.38	14.11	339.13	1.69	0.44
1696042320.0	0.25	0.25	98.4	16.31	88.0	0	0	1005.3	18.38	14.11	339.13	1.69	0.38
1696042380.0	0.25	0.25	98.6	16.31	88.0	0	0	1005.31	18.38	14.1	357.88	1.69	0.31
1696042440.0	0.25	0.25	98.8	16.31	88.0	0	0	1005.31	18.38	14.1	357.88	1.69	0.25
1696042500.0	0.25	0.25	99.0	16.31	88.0	0	0	1005.32	18.38	14.09	357.88	1.69	0.19
1696042560.0	0.25	0.25	99.2	16.31	88.0	0	0	1005.32	18.38	14.09	357.88	1.63	0.23
1696042620.0	0.25	0.25	99.4	16.31	88.0	0	0	1005.33	18.38	14.08	357.88	1.56	0.26
1696042680.0	0.25	0.25	99.6	16.31	88.0	0	0	1005.33	18.38	14.08	318.31	1.5	0.3
1696042740.0	0.25	0.25	99.8	16.31	88.0	0	0	1005.34	18.38	14.07	318.31	1.44	0.34
1696042800.0	0.25	0.25	100.0	16.31	88.0	0	0	1005.34	18.38	14.07	318.31	1.38	0.38
1696042860.0	0.25	0.25	99.2	16.33	88.2	0	0	1005.33	18.38	14.06	318.31	1.44	0.4
1696042920.0	0.25	0.25	98.4	16.34	88.4	0	0	1005.31	18.38	14.06	318.31	1.5	0.43
1696042980.0	0.24	0.24	97.6	16.35	88.6	0	0	1005.29	18.38	14.06	315.31	1.56	0.45
1696043040.0	0.24	0.24	96.8	16.36	88.8	0	0	1005.28	18.38	14.06	315.31	1.63	0.48
1696043100.0	0.24	0.24	96.0	16.38	89.0	0	0	1005.26	18.38	14.05	315.31	1.69	0.5
1696043160.0	0.24	0.24	95.2	16.38	89.0	0	0	1005.24	18.38	14.05	315.31	1.69	0.5
1696043220.0	0.24	0.24	94.4	16.38	89.0	0	0	1005.23	18.38	14.05	315.31	1.69	0.5
1696043280.0	0.23	0.23	93.6	16.38	89.0	0	0	1005.21	18.38	14.05	315.38	1.69	0.5
1696043340.0	0.23	0.23	92.8	16.38	89.0	0	0	1005.19	18.38	14.04	315.38	1.69	0.5
1696043400.0	0.23	0.23	92.0	16.38	89.0	0	0	1005.17	18.38	14.04	315.38	1.69	0.5
1696043460.0	0.23	0.23	91.4	16.38	89.0	0	0	1005.16	18.38	14.04	315.38	1.69	0.5
1696043520.0	0.23	0.23	90.8	16.38	89.0	0	0	1005.14	18.38	14.04	315.38	1.69	0.5
1696043580.0	0.23	0.23	90.2	16.38	89.0	0	0	1005.12	18.38	14.03	326.31	1.69	0.5
1696043640.0	0.23	0.23	89.6	16.38	89.0	0	0	1005.11	18.38	14.03	326.31	1.69	0.5
1696043700.0	0.23	0.23	89.0	16.38	89.0	0	0	1005.09	18.38	14.03	326.31	1.69	0.5
1696043760.0	0.23	0.23	88.2	16.38	89.0	0	0	1005.07	18.36	14.03	326.31	1.71	0.5
1696043820.0	0.23	0.23	87.4	16.38	89.0	0	0	1005.06	18.35	14.02	326.31	1.74	0.5
1696043880.0	0.23	0.23	86.6	16.38	89.0	0	0	1005.04	18.34	14.02	326.31	1.76	0.5
1696043940.0	0.23	0.23	85.8	16.38	89.0	0	0	1005.02	18.33	14.02	326.31	1.79	0.5
1696044000.0	0.23	0.23	85.0	16.38	89.0	0	0	1005.01	18.31	14.02	326.31	1.81	0.5
1696044060.0	0.23	0.23	84.2	16.38	89.0	0	0	1004.99	18.31	14.01	326.31	1.81	0.44
1696044120.0	0.23	0.23	83.4	16.38	89.0	0	0	1004.97	18.31	14.01	326.31	1.81	0.38
1696044180.0	0.23	0.23	82.6	16.38	89.0	0	0	1004.96	18.31	14.01	312.0	1.81	0.31
1696044240.0	0.23	0.23	81.8	16.38	89.0	0	0	1004.94	18.31	14.01	312.0	1.81	0.25
1696044300.0	0.23	0.23	81.0	16.38	89.0	0	0	1004.92	18.31	14.01	312.0	1.81	0.19
1696044360.0	0.23	0.23	80.2	16.33	89.0	0	0	1004.9	18.27	14.0	312.0	1.88	0.23
1696044420.0	0.23	0.23	79.4	16.27	89.0	0	0	1004.89	18.24	14.0	312.0	1.94	0.26
1696044480.0	0.23	0.23	78.6	16.23	89.0	0	0	1004.87	18.2	14.0	322.88	2.0	0.3
1696044540.0	0.23	0.23	77.8	16.18	89.0	0	0	1004.85	18.16	14.0	322.88	2.06	0.34
1696044600.0	0.23	0.23	77.0	16.13	89.0	0	0	1004.84	18.13	13.99	322.88	2.13	0.38
1696044660.0	0.23	0.23	76.4	16.13	89.0	0	0	1004.82	18.13	13.99	322.88	2.1	0.38
1696044720.0	0.23	0.23	75.8	16.13	89.0	0	0	1004.8	18.13	13.99	322.88	2.08	0.38
1696044780.0	0.23	0.23	75.2	16.13	89.0	0	0	1004.79	18.13	13.99	341.81	2.05	0.38
1696044840.0	0.23	0.23	74.6	16.13	89.0	0	0	1004.77	18.13	13.98	341.81	2.03	0.38
1696044900.0	0.23	0.23	74.0	16.13	89.0	0	0	1004.75	18.13	13.98	341.81	2.0	0.38
1696044960.0	0.23	0.23	73.2	16.13	89.0	0	0	1004.74	18.1	13.98	341.81	2.0	0.38
1696045020.0	0.23	0.23	72.4	16.13	89.0	0	0	1004.72	18.08	13.98	341.81	2.0	0.38
1696045080.0	0.23	0.23	71.6	16.13	89.0	0	0	1004.7	18.05	13.97	21.81	2.0	0.38
1696045140.0	0.23	0.23	70.8	16.13	89.0	0	0	1004.68	18.02	13.97	21.81	2.0	0.38
1696045200.0	0.23	0.23	70.0	16.13	89.0	0	0	1004.67	18.0	13.97	21.81	2.0	0.38
1696045260.0	0.23	0.23	69.2	16.13	89.0	0	0	1004.65	18.0	13.97	21.81	2.03	0.38
1696045320.0	0.23	0.23	68.4	16.13	89.0	0	0	1004.63	18.0	13.96	21.81	2.05	0.38
1696045380.0	0.23	0.23	67.6	16.13	89.0	0	0	1004.62	18.0	13.96	21.81	2.08	0.38
1696045440.0	0.23	0.23	66.8	16.13	89.0	0	0	1004.6	18.0	13.96	21.81	2.1	0.38
1696045500.0	0.23	0.23	66.0	16.13	89.0	0	0	1004.58	18.0	13.96	21.81	2.13	0.38
1696045560.0	0.23	0.23	65.2	16.13	89.0	0	0	1004.57	18.0	13.95	21.81	2.08	0.36
1696045620.0	0.23	0.23	64.4	16.13	89.0	0	0	1004.55	18.0	13.95	21.81	2.03	0.35
1696045680.0	0.23	0.23	63.6	16.13	89.0	0	0	1004.53	18.0	13.95	26.69	1.98	0.34
1696045740.0	0.23	0.23	62.8	16.13	89.0	0	0	1004.52	18.0	13.95	26.69	1.93	0.33
1696045800.0	0.23	0.23	62.0	16.13	89.0	0	0	1004.5	18.0	13.95	26.69	1.88	0.31
1696045860.0	0.23	0.23	61.4	16.13	89.0	0	0	1004.48	18.0	13.94	26.69	1.88	0.29
1696045920.0	0.23	0.23	60.8	16.13	89.0	0	0	1004.47	18.0	13.94	26.69	1.88	0.26
1696045980.0	0.23	0.23	60.2	16.13	89.0	0	0	1004.45	18.0	13.94	20.31	1.88	0.24
1696046040.0	0.23	0.23	59.6	16.13	89.0	0	0	1004.43	18.0	13.94	20.31	1.88	0.21
1696046100.0	0.23	0.23	59.0	16.13	89.0	0	0	1004.41	18.0	13.93	20.31	1.88	0.19
1696046160.0	0.23	0.23	58.2	16.13	89.0	0	0	1004.4	18.0	13.93	20.31	2.08	0.21
1696046220.0	0.23	0.23	57.4	16.13	89.0	0	0	1004.38	18.0	13.93	20.31	2.28	0.24
1696046280.0	0.23	0.23	56.6	16.13	89.0	0	0	1004.36	18.0	13.93	313.69	2.48	0.26
1696046340.0	0.23	0.23	55.8	16.13	89.0	0	0	1004.35	18.0	13.92	313.69	2.68	0.29
1696046400.0	0.23	0.23	55.0	16.13	89.0	0	0	1004.33	18.0	13.92	313.69	2.88	0.31
1696046460.0	0.23	0.23	61.4	16.13	89.0	0	0	1004.33	18.0	13.95	313.69	2.94	0.31
1696046520.0	0.23	0.23	67.8	16.13	89.0	0	0	1004.33	18.0	13.99	313.69	3.0	0.31
1696046580.0	0.23	0.23	74.2	16.13	89.0	0	0	1004.33	18.0	14.02	312.88	3.06	0.31
1696046640.0	0.23	0.23	80.6	16.13	89.0	0	0	1004.32	18.0	14.06	312.88	3.13	0.31
1696046700.0	0.23	0.23	87.0	16.13	89.0	0	0	1004.32	18.0	14.09	312.88	3.19	0.31
1696046760.0	0.23	0.23	86.8	16.13	89.0	0	0	1004.32	18.0	14.08	312.88	2.99	0.31
1696046820.0	0.23	0.23	86.6	16.13	89.0	0	0	1004.32	18.0	14.06	312.88	2.79	0.31
1696046880.0	0.23	0.23	86.4	16.13	89.0	0	0	1004.32	18.0	14.05	313.0	2.59	0.31
1696046940.0	0.23	0.23	86.2	16.13	89.0	0	0	1004.32	18.0	14.04	313.0	2.39	0.31
1696047000.0	0.23	0.23	86.0	16.13	89.0	0	0	1004.32	18.0	14.02	313.0	2.19	0.31
1696047060.0	0.23	0.23	81.8	16.1	89.0	0	0	1004.31	18.0	14.19	313.0	2.09	0.31
1696047120.0	0.23	0.23	77.6	16.08	89.0	0	0	1004.31	18.0	14.35	313.0	1.99	0.31
1696047180.0	0.24	0.24	73.4	16.05	89.0	0	0	1004.31	18.0	14.52	299.88	1.89	0.31
1696047240.0	0.24	0.24	69.2	16.02	89.0	0	0	1004.31	18.0	14.68	299.88	1.79	0.31
1696047300.0	0.24	0.24	65.0	16.0	89.0	0	0	1004.31	18.0	14.84	299.88	1.69	0.31
1696047360.0	0.24	0.24	63.6	15.96	88.8	0	0	1004.31	17.9	14.82	299.88	1.73	0.29
1696047420.0	0.24	0.24	62.2	15.93	88.6	0	0	1004.31	17.8	14.79	299.88	1.76	0.26
1696047480.0	0.26	0.26	60.8	15.89	88.4	0	0	1004.3	17.7	14.76	11.81	1.8	0.24
1696047540.0	0.26	0.26	59.4	15.85	88.2	0	0	1004.3	17.6	14.73	11.81	1.84	0.21
1696047600.0	0.26	0.26	58.0	15.81	88.0	0	0	1004.3	17.5	14.7	11.81	1.88	0.19
1696047660.0	0.26	0.26	56.6	15.81	88.0	0	0	1004.3	17.5	14.67	11.81	1.88	0.21
1696047720.0	0.26	0.26	55.2	15.81	88.0	0	0	1004.3	17.5	14.65	11.81	1.88	0.24
1696047780.0	0.26	0.26	53.8	15.81	88.0	0	0	1004.3	17.5	14.62	341.31	1.88	0.26
1696047840.0	0.26	0.26	52.4	15.81	88.0	0	0	1004.3	17.5	14.59	341.31	1.88	0.29
1696047900.0	0.26	0.26	51.0	15.81	88.0	0	0	1004.29	17.5	14.56	341.31	1.88	0.31
1696047960.0	0.26	0.26	49.6	15.81	88.0	0	0	1004.29	17.58	14.53	341.31	1.74	0.31
1696048020.0	0.26	0.26	48.2	15.81	88.0	0	0	1004.29	17.65	14.5	341.31	1.6	0.31
1696048080.0	0.25		46.8	15.81	88.0	0	0	1004.29	17.73	14.47	358.69	1.46	0.31
1696048140.0	0.25		45.4	15.81	88.0	0	0	1004.29	17.8	14.45	358.69	1.33	0.31
1696048200.0	0.25		44.0	15.81	88.0	0	0	1004.29	17.88	14.42	358.69	1.19	0.31
1696048260.0	0.25		42.6	15.81	88.0	0	0	1004.29	17.88	14.39	358.69	1.19	0.29
1696048320.0	0.25		41.2	15.81	88.0	0	0	1004.28	17.88	14.36	358.69	1.19	0.26
1696048380.0	0.25		39.8	15.81	88.0	0	0	1004.28	17.88	14.33	358.69	1.19	0.24
1696048440.0	0.25		38.4	15.81	88.0	0	0	1004.28	17.88	14.3	358.69	1.19	0.21
1696048500.0	0.25		37.0	15.81	88.0	0	0	1004.28	17.88	14.28	358.69	1.19	0.19
1696048560.0	0.25		34.2	15.79	88.2	0	0	1004.28	17.84	14.25	358.69	1.19	0.18
1696048620.0	0.25		31.4	15.76	88.4	0	0	1004.28	17.8	14.23	358.69	1.19	0.16
1696048680.0	0.23		28.6	15.74	88.6	0	0	1004.28	17.76	14.2	1.81	1.19	0.15
1696048740.0	0.23		25.8	15.71	88.8	0	0	1004.27	17.73	14.18	1.81	1.19	0.14
1696048800.0	0.23		23.0	15.69	89.0	0	0	1004.27	17.69	14.15	1.81	1.19	0.13
1696048860.0	0.23		22.8	15.69	89.0	0	0	1004.27	17.69	14.14	1.81	1.19	0.13
1696048920.0	0.23		22.6	15.69	89.0	0	0	1004.27	17.69	14.12	1.81	1.19	0.13
1696048980.0	0.23		22.4	15.69	89.0	0	0	1004.27	17.69	14.11	1.13	1.19	0.13
1696049040.0	0.23		22.2	15.69	89.0	0	0	1004.27	17.69	14.1	1.13	1.19	0.13
1696049100.0	0.23		22.0	15.69	89.0	0	0	1004.27	17.69	14.08	1.13	1.19	0.13
1696049160.0	0.23		21.6	15.69	89.0	0	0	1004.26	17.68	14.07	1.13	1.27	0.13
1696049220.0	0.23		21.2	15.69	89.0	0	0	1004.26	17.66	14.06	1.13	1.36	0.13
1696049280.0	0.24		20.8	15.69	89.0	0	0	1004.26	17.65	14.04	17.88	1.45	0.13
1696049340.0	0.24		20.4	15.69	89.0	0	0	1004.26	17.64	14.03	17.88	1.54	0.13
1696049400.0	0.24		20.0	15.69	89.0	0	0	1004.26	17.63	14.01	17.88	1.63	0.13
1696049460.0	0.24		19.6	15.69	89.0	0	0	1004.26	17.63	14.0	17.88	1.63	0.13
1696049520.0	0.24		19.2	15.69	89.0	0	0	1004.26	17.63	13.99	17.88	1.63	0.13
1696049580.0	0.24		18.8	15.69	89.0	0	0	1004.25	17.63	13.97	335.19	1.63	0.13
1696049640.0	0.24		18.4	15.69	89.0	0	0	1004.25	17.63	13.96	335.19	1.63	0.13
1696049700.0	0.24		18.0	15.69	89.0	0	0	1004.25	17.63	13.95	335.19	1.63	0.13
1696049760.0	0.24		17.8	15.69	89.0	0	0	1004.25	17.63	13.93	335.19	1.44	0.13
1696049820.0	0.24		17.6	15.69	89.0	0	0	1004.25	17.63	13.92	335.19	1.25	0.13
1696049880.0	0.23		17.4	15.69	89.0	0	0	1004.25	17.63	13.9	334.69	1.06	0.13
1696049940.0	0.23		17.2	15.69	89.0	0	0	1004.25	17.63	13.89	334.69	0.88	0.13
1696050000.0	0.23		17.0	15.69	89.0	0	0	1004.24	17.63	13.88	334.69	0.69	0.13
1696050060.0	0.23		17.8	15.69	89.0	0	0	1004.25	17.63	13.87	334.69	0.68	0.1
1696050120.0	0.23		18.6	15.69	89.0	0	0	1004.25	17.63	13.87	334.69	0.66	0.08
1696050180.0	0.23		19.4	15.69	89.0	0	0	1004.26	17.63	13.86	342.0	0.65	0.05
1696050240.0	0.23		20.2	15.69	89.0	0	0	1004.26	17.63	13.86	342.0	0.64	0.02
1696050300.0	0.23		21.0	15.69	89.0	0	0	1004.27	17.63	13.85	342.0	0.63	0.0
1696050360.0	0.23		22.0	15.68	89.0	0	0	1004.27	17.6	13.85	342.0	0.73	0.03
1696050420.0	0.23		23.0	15.66	89.0	0	0	1004.28	17.58	13.84	342.0	0.83	0.05
1696050480.0	0.23		24.0	15.65	89.0	0	0	1004.28	17.55	13.83	340.31	0.93	0.08
1696050540.0	0.23		25.0	15.64	89.0	0	0	1004.29	17.52	13.83	340.31	1.02	0.1
1696050600.0	0.23		26.0	15.63	89.0	0	0	1004.29	17.5	13.82	340.31	1.13	0.13
1696050660.0	0.23		27.0	15.64	89.0	0	0	1004.3	17.5	13.82	340.31	1.1	0.13
1696050720.0	0.23		28.0	15.65	89.0	0	0	1004.3	17.5	13.81	340.31	1.08	0.13
1696050780.0	0.23		29.0	15.66	89.0	0	0	1004.31	17.5	13.81	340.19	1.05	0.13
1696050840.0	0.23		30.0	15.68	89.0	0	0	1004.31	17.5	13.8	340.19	1.02	0.13
1696050900.0	0.23		31.0	15.69	89.0	0	0	1004.32	17.5	13.8	340.19	1.0	0.13
1696050960.0	0.23		32.0	15.71	89.2	0	0	1004.32	17.5	13.79	340.19	1.0	0.13
1696051020.0	0.23		33.0	15.74	89.4	0	0	1004.33	17.5	13.79	340.19	1.0	0.13
1696051080.0	0.2		34.0	15.76	89.6	0	0	1004.33	17.5	13.78	335.69	1.0	0.13
1696051140.0	0.2		35.0	15.79	89.8	0	0	1004.34	17.5	13.78	335.69	1.0	0.13
1696051200.0	0.2		36.0	15.81	90.0	0	0	1004.34	17.5	13.77	335.69	1.0	0.13
1696051260.0	0.2		41.4	15.83	90.0	0	0	1004.34	17.54	13.84	335.69	1.02	0.14
1696051320.0	0.2		46.8	15.84	90.0	0	0	1004.35	17.58	13.91	335.69	1.05	0.15
1696051380.0	0.22	0.22	52.2	15.85	90.0	0	0	1004.35	17.61	13.98	334.63	1.08	0.16
1696051440.0	0.22	0.22	57.6	15.86	90.0	0	0	1004.36	17.65	14.05	334.63	1.1	0.18
1696051500.0	0.22	0.22	63.0	15.88	90.0	0	0	1004.36	17.69	14.12	334.63	1.13	0.19
1696051560.0	0.22	0.22	63.0	15.88	90.0	0	0	1004.37	17.69	14.11	334.63	1.13	0.19
1696051620.0	0.22	0.22	63.0	15.88	90.0	0	0	1004.37	17.69	14.09	334.63	1.13	0.19
1696051680.0	0.22	0.22	63.0	15.88	90.0	0	0	1004.38	17.69	14.07	335.88	1.13	0.19
1696051740.0	0.22	0.22	63.0	15.88	90.0	0	0	1004.38	17.69	14.05	335.88	1.13	0.19
1696051800.0	0.22	0.22	63.0	15.88	90.0	0	0	1004.39	17.69	14.04	335.88	1.13	0.19
1696051860.0	0.22	0.22	63.2	15.88	90.0	0	0	1004.39	17.69	14.02	335.88	1.13	0.19
1696051920.0	0.22	0.22	63.4	15.88	90.0	0	0	1004.4	17.69	14.0	335.88	1.13	0.19
1696051980.0	0.22	0.22	63.6	15.88	90.0	0	0	1004.4	17.69	13.99	336.38	1.13	0.19
1696052040.0	0.22	0.22	63.8	15.88	90.0	0	0	1004.41	17.69	13.97	336.38	1.13	0.19
1696052100.0	0.22	0.22	64.0	15.88	90.0	0	0	1004.41	17.69	13.96	336.38	1.13	0.19
1696052160.0	0.22	0.22	64.0	15.9	90.0	0	0	1004.42	17.71	13.94	336.38	1.13	0.19
1696052220.0	0.22	0.22	64.0	15.93	90.0	0	0	1004.42	17.74	13.92	336.38	1.13	0.19
1696052280.0	0.22	0.22	64.0	15.95	90.0	0	0	1004.43	17.76	13.9	337.69	1.13	0.19
1696052340.0	0.22	0.22	64.0	15.98	90.0	0	0	1004.43	17.79	13.89	337.69	1.13	0.19
1696052400.0	0.22	0.22	64.0	16.0	90.0	0	0	1004.44	17.81	13.87	337.69	1.13	0.19
1696052460.0	0.22	0.22	64.2	16.0	90.0	0	0	1004.44	17.81	13.85	337.69	1.23	0.23
1696052520.0	0.22	0.22	64.4	16.0	90.0	0	0	1004.45	17.81	13.84	337.69	1.33	0.26
1696052580.0	0.22	0.22	64.6	16.0	90.0	0	0	1004.45	17.81	13.82	334.63	1.43	0.3
1696052640.0	0.22	0.22	64.8	16.0	90.0	0	0	1004.46	17.81	13.8	334.63	1.53	0.34
1696052700.0	0.22	0.22	65.0	16.0	90.0	0	0	1004.46	17.81	13.79	334.63	1.63	0.38
1696052760.0	0.22	0.22	65.2	16.0	90.0	0	0	1004.47	17.81	13.77	334.63	1.56	0.34
1696052820.0	0.22	0.22	65.4	16.0	90.0	0	0	1004.47	17.81	13.75	334.63	1.5	0.3
1696052880.0	0.22	0.22	65.6	16.0	90.0	0	0	1004.48	17.81	13.74	318.31	1.44	0.26
1696052940.0	0.22	0.22	65.8	16.0	90.0	0	0	1004.48	17.81	13.72	318.31	1.38	0.23
1696053000.0	0.22	0.22	66.0	16.0	90.0	0	0	1004.48	17.81	13.7	318.31	1.31	0.19
1696053060.0	0.22	0.22	66.0	16.04	90.0	0	0	1004.49	17.83	13.69	318.31	1.49	0.28
1696053120.0	0.22	0.22	66.0	16.08	90.0	0	0	1004.49	17.84	13.67	318.31	1.66	0.36
1696053180.0	0.22	0.22	66.0	16.11	90.0	0	0	1004.5	17.85	13.65	320.63	1.84	0.45
1696053240.0	0.22	0.22	66.0	16.15	90.0	0	0	1004.5	17.86	13.64	320.63	2.01	0.54
1696053300.0	0.22	0.22	66.0	16.19	90.0	0	0	1004.51	17.88	13.62	320.63	2.19	0.63
1696053360.0	0.22	0.22	66.2	16.19	90.0	0	0	1004.51	17.88	13.6	320.63	2.19	0.63
1696053420.0	0.22	0.22	66.4	16.19	90.0	0	0	1004.52	17.88	13.59	320.63	2.19	0.63
1696053480.0	0.21	0.21	66.6	16.19	90.0	0	0	1004.52	17.88	13.57	341.81	2.19	0.63
1696053540.0	0.21	0.21	66.8	16.19	90.0	0	0	1004.53	17.88	13.55	341.81	2.19	0.63
1696053600.0	0.21	0.21	67.0	16.19	90.0	0	0	1004.53	17.88	13.54	341.81	2.19	0.63
1696053660.0	0.21	0.21	66.8	16.19	90.0	0	0	1004.52	17.88	13.52	341.81	2.21	0.6
1696053720.0	0.21	0.21	66.6	16.19	90.0	0	0	1004.52	17.88	13.51	341.81	2.24	0.57
1696053780.0	0.21	0.21	66.4	16.19	90.0	0	0	1004.51	17.88	13.5	27.5	2.26	0.55
1696053840.0	0.21	0.21	66.2	16.19	90.0	0	0	1004.5	17.88	13.49	27.5	2.29	0.53
1696053900.0	0.21	0.21	66.0	16.19	90.0	0	0	1004.49	17.88	13.48	27.5	2.31	0.5
1696053960.0	0.21	0.21	65.8	16.18	89.8	0	0	1004.48	17.88	13.47	27.5	2.31	0.5
1696054020.0	0.21	0.21	65.6	16.16	89.6	0	0	1004.48	17.88	13.46	27.5	2.31	0.5
1696054080.0	0.22	0.22	65.4	16.15	89.4	0	0	1004.47	17.88	13.44	29.0	2.31	0.5
1696054140.0	0.22	0.22	65.2	16.14	89.2	0	0	1004.46	17.88	13.43	29.0	2.31	0.5
1696054200.0	0.22	0.22	65.0	16.13	89.0	0	0	1004.45	17.88	13.42	29.0	2.31	0.5
1696054260.0	0.22	0.22	64.8	16.14	89.2	0	0	1004.44	17.88	13.41	29.0	2.38	0.5
1696054320.0	0.22	0.22	64.6	16.15	89.4	0	0	1004.44	17.88	13.4	29.0	2.44	0.5
1696054380.0	0.21	0.21	64.4	16.16	89.6	0	0	1004.43	17.88	13.39	359.0	2.5	0.5
1696054440.0	0.21	0.21	64.2	16.18	89.8	0	0	1004.42	17.88	13.38	359.0	2.56	0.5
1696054500.0	0.21	0.21	64.0	16.19	90.0	0	0	1004.41	17.88	13.37	359.0	2.63	0.5
1696054560.0	0.21	0.21	63.8	16.19	90.0	0	0	1004.4	17.88	13.35	359.0	2.63	0.5
1696054620.0	0.21	0.21	63.6	16.19	90.0	0	0	1004.39	17.88	13.34	359.0	2.63	0.5
1696054680.0	0.21	0.21	63.4	16.19	90.0	0	0	1004.39	17.88	13.33	21.19	2.63	0.5
1696054740.0	0.21	0.21	63.2	16.19	90.0	0	0	1004.38	17.88	13.32	21.19	2.63	0.5
1696054800.0	0.21	0.21	63.0	16.19	90.0	0	0	1004.37	17.88	13.31	21.19	2.63	0.5
1696054860.0	0.21	0.21	62.8	16.19	90.0	0	0	1004.36	17.88	13.3	21.19	2.56	0.5
1696054920.0	0.21	0.21	62.6	16.19	90.0	0	0	1004.35	17.88	13.29	21.19	2.5	0.5
1696054980.0	0.21	0.21	62.4	16.19	90.0	0	0	1004.35	17.88	13.27	359.0	2.44	0.5
1696055040.0	0.21	0.21	62.2	16.19	90.0	0	0	1004.34	17.88	13.26	359.0	2.38	0.5
1696055100.0	0.21	0.21	62.0	16.19	90.0	0	0	1004.33	17.88	13.25	359.0	2.31	0.5
1696055160.0	0.21	0.21	61.8	16.19	90.0	0	0	1004.32	17.86	13.24	359.0	2.31	0.5
1696055220.0	0.21	0.21	61.6	16.19	90.0	0	0	1004.31	17.85	13.23	359.0	2.31	0.5
1696055280.0	0.2	0.2	61.4	16.19	90.0	0	0	1004.3	17.84	13.22	359.0	2.31	0.5
1696055340.0	0.2	0.2	61.2	16.19	90.0	0	0	1004.3	17.83	13.21	359.0	2.31	0.5
1696055400.0	0.2	0.2	61.0	16.19	90.0	0	0	1004.29	17.81	13.2	359.0	2.31	0.5
1696055460.0	0.2	0.2	60.8	16.19	90.0	0	0	1004.28	17.81	13.18	359.0	2.19	0.5
1696055520.0	0.2	0.2	60.6	16.19	90.0	0	0	1004.27	17.81	13.17	359.0	2.06	0.5
1696055580.0	0.2	0.2	60.4	16.19	90.0	0	0	1004.26	17.81	13.16	16.13	1.94	0.5
1696055640.0	0.2	0.2	60.2	16.19	90.0	0	0	1004.26	17.81	13.15	16.13	1.81	0.5
1696055700.0	0.2	0.2	60.0	16.19	90.0	0	0	1004.25	17.81	13.14	16.13	1.69	0.5
1696055760.0	0.2	0.2	66.4	16.18	90.0	0	0	1004.24	17.81	13.21	16.13	1.68	0.48
1696055820.0	0.2	0.2	72.8	16.16	90.0	0	0	1004.23	17.81	13.27	16.13	1.66	0.45
1696055880.0	0.2	0.2	79.2	16.15	90.0	0	0	1004.22	17.81	13.34	14.19	1.65	0.43
1696055940.0	0.2	0.2	85.6	16.14	90.0	0	0	1004.21	17.81	13.41	14.19	1.64	0.4
1696056000.0	0.2	0.2	92.0	16.13	90.0	0	0	1004.21	17.81	13.48	14.19	1.63	0.38
1696056060.0	0.2	0.2	91.8	16.13	90.0	0	0	1004.2	17.81	13.47	14.19	1.7	0.38
1696056120.0	0.2	0.2	91.6	16.13	90.0	0	0	1004.19	17.81	13.45	14.19	1.78	0.38
1696056180.0	0.2	0.2	91.4	16.13	90.0	0	0	1004.18	17.81	13.44	326.69	1.85	0.38
1696056240.0	0.2	0.2	91.2	16.13	90.0	0	0	1004.17	17.81	13.43	326.69	1.93	0.38
1696056300.0	0.2	0.2	91.0	16.13	90.0	0	0	1004.17	17.81	13.42	326.69	2.0	0.38
1696056360.0	0.2	0.2	90.8	16.13	90.0	0	0	1004.16	17.81	13.41	326.69	1.93	0.38
1696056420.0	0.2	0.2	90.6	16.13	90.0	0	0	1004.15	17.81	13.4	326.69	1.85	0.38
1696056480.0	0.2	0.2	90.4	16.13	90.0	0	0	1004.14	17.81	13.39	330.81	1.78	0.38
1696056540.0	0.2	0.2	90.2	16.13	90.0	0	0	1004.13	17.81	13.38	330.81	1.7	0.38
1696056600.0	0.2	0.2	90.0	16.13	90.0	0	0	1004.13	17.81	13.37	330.81	1.63	0.38
1696056660.0	0.2	0.2	89.8	16.13	90.0	0	0	1004.12	17.81	13.36	330.81	1.6	0.33
1696056720.0	0.2	0.2	89.6	16.13	90.0	0	0	1004.11	17.81	13.35	330.81	1.58	0.28
1696056780.0	0.2	0.2	89.4	16.13	90.0	0	0	1004.1	17.81	13.34	333.88	1.55	0.22
1696056840.0	0.2	0.2	89.2	16.13	90.0	0	0	1004.09	17.81	13.33	333.88	1.53	0.18
1696056900.0	0.2	0.2	89.0	16.13	90.0	0	0	1004.08	17.81	13.32	333.88	1.5	0.13
1696056960.0	0.2	0.2	88.8	16.13	90.0	0	0	1004.08	17.81	13.31	333.88	1.5	0.13
1696057020.0	0.2	0.2	88.6	16.13	90.0	0	0	1004.07	17.81	13.29	333.88	1.5	0.13
1696057080.0	0.2	0.2	88.4	16.13	90.0	0	0	1004.06	17.81	13.28	315.19	1.5	0.13
1696057140.0	0.2	0.2	88.2	16.13	90.0	0	0	1004.05	17.81	13.27	315.19	1.5	0.13
1696057200.0	0.2	0.2	88.0	16.13	90.0	0	0	1004.04	17.81	13.26	315.19	1.5	0.13
1696057260.0	0.2	0.2	86.8	16.13	90.0	0	0	1004.05	17.81	13.27	315.19	1.53	0.14
1696057320.0	0.2	0.2	85.6	16.13	90.0	0	0	1004.05	17.81	13.27	315.19	1.55	0.15
1696057380.0	0.2	0.2	84.4	16.13	90.0	0	0	1004.05	17.81	13.27	295.69	1.58	0.16
1696057440.0	0.2	0.2	83.2	16.13	90.0	0	0	1004.06	17.81	13.27	295.69	1.6	0.18
1696057500.0	0.2	0.2	82.0	16.13	90.0	0	0	1004.06	17.81	13.28	295.69	1.63	0.19
1696057560.0	0.2	0.2	80.8	16.13	90.0	0	0	1004.06	17.81	13.28	295.69	1.7	0.19
1696057620.0	0.2	0.2	79.6	16.13	90.0	0	0	1004.07	17.81	13.28	295.69	1.78	0.19
1696057680.0	0.2	0.2	78.4	16.13	90.0	0	0	1004.07	17.81	13.28	326.88	1.85	0.19
1696057740.0	0.2	0.2	77.2	16.13	90.0	0	0	1004.07	17.81	13.29	326.88	1.93	0.19
1696057800.0	0.2	0.2	76.0	16.13	90.0	0	0	1004.08	17.81	13.29	326.88	2.0	0.19
1696057860.0	0.2	0.2	74.8	16.13	90.0	0	0	1004.08	17.81	13.29	326.88	2.0	0.23
1696057920.0	0.2	0.2	73.6	16.13	90.0	0	0	1004.08	17.81	13.3	326.88	2.0	0.26
1696057980.0	0.2	0.2	72.4	16.13	90.0	0	0	1004.09	17.81	13.3	323.63	2.0	0.3
1696058040.0	0.2	0.2	71.2	16.13	90.0	0	0	1004.09	17.81	13.3	323.63	2.0	0.34
1696058100.0	0.2	0.2	70.0	16.13	90.0	0	0	1004.09	17.81	13.3	323.63	2.0	0.38
1696058160.0	0.2	0.2	68.8	16.13	90.0	0	0	1004.1	17.81	13.31	323.63	2.0	0.38
1696058220.0	0.2	0.2	67.6	16.13	90.0	0	0	1004.1	17.81	13.31	323.63	2.0	0.38
1696058280.0	0.2	0.2	66.4	16.13	90.0	0	0	1004.1	17.81	13.31	320.13	2.0	0.38
1696058340.0	0.2	0.2	65.2	16.13	90.0	0	0	1004.11	17.81	13.31	320.13	2.0	0.38
1696058400.0	0.2	0.2	64.0	16.13	90.0	0	0	1004.11	17.81	13.32	320.13	2.0	0.38
1696058460.0	0.2	0.2	62.8	16.13	90.0	0	0	1004.11	17.81	13.32	320.13	1.96	0.38
1696058520.0	0.2	0.2	61.6	16.13	90.0	0	0	1004.12	17.81	13.32	320.13	1.93	0.38
1696058580.0	0.2	0.2	60.4	16.13	90.0	0	0	1004.12	17.81	13.33	4.19	1.89	0.38
1696058640.0	0.2	0.2	59.2	16.13	90.0	0	0	1004.12	17.81	13.33	4.19	1.85	0.38
1696058700.0	0.2	0.2	58.0	16.13	90.0	0	0	1004.13	17.81	13.33	4.19	1.81	0.38
1696058760.0	0.2	0.2	57.6	16.13	90.0	0	0	1004.13	17.81	13.45	4.19	1.81	0.38
1696058820.0	0.2	0.2	57.2	16.13	90.0	0	0	1004.13	17.81	13.57	4.19	1.81	0.38
1696058880.0	0.2	0.2	56.8	16.13	90.0	0	0	1004.14	17.81	13.69	330.31	1.81	0.38
1696058940.0	0.2	0.2	56.4	16.13	90.0	0	0	1004.14	17.81	13.81	330.31	1.81	0.38
1696059000.0	0.2	0.2	56.0	16.13	90.0	0	0	1004.14	17.81	13.93	330.31	1.81	0.38
1696059060.0	0.2	0.2	54.8	16.13	90.0	0	0	1004.15	17.81	13.93	330.31	1.81	0.4
1696059120.0	0.2	0.2	53.6	16.13	90.0	0	0	1004.15	17.81	13.92	330.31	1.81	0.43
1696059180.0	0.2		52.4	16.13	90.0	0	0	1004.15	17.81	13.92	307.0	1.81	0.45
1696059240.0	0.2		51.2	16.13	90.0	0	0	1004.16	17.81	13.92	307.0	1.81	0.48
1696059300.0	0.2		50.0	16.13	90.0	0	0	1004.16	17.81	13.91	307.0	1.81	0.5
1696059360.0	0.2		48.6	16.13	90.0	0	0	1004.16	17.81	13.91	307.0	1.81	0.5
1696059420.0	0.2		47.2	16.13	90.0	0	0	1004.17	17.81	13.9	307.0	1.81	0.5
1696059480.0	0.2		45.8	16.13	90.0	0	0	1004.17	17.81	13.9	306.88	1.81	0.5
1696059540.0	0.2		44.4	16.13	90.0	0	0	1004.17	17.81	13.9	306.88	1.81	0.5
1696059600.0	0.2		43.0	16.13	90.0	0	0	1004.18	17.81	13.89	306.88	1.81	0.5
1696059660.0	0.2		41.8	16.13	90.0	0	0	1004.18	17.81	13.89	306.88	1.79	0.48
1696059720.0	0.2		40.6	16.13	90.0	0	0	1004.18	17.81	13.88	306.88	1.76	0.45
1696059780.0	0.2		39.4	16.13	90.0	0	0	1004.19	17.81	13.88	324.88	1.74	0.43
1696059840.0	0.2		38.2	16.13	90.0	0	0	1004.19	17.81	13.87	324.88	1.71	0.4
1696059900.0	0.2		37.0	16.13	90.0	0	0	1004.19	17.81	13.87	324.88	1.69	0.38
1696059960.0	0.2		35.6	16.13	90.0	0	0	1004.2	17.81	13.87	324.88	1.75	0.38
1696060020.0	0.2		34.2	16.13	90.0	0	0	1004.2	17.81	13.86	324.88	1.81	0.38
1696060080.0	0.2		32.8	16.13	90.0	0	0	1004.2	17.81	13.86	339.81	1.88	0.38
1696060140.0	0.2		31.4	16.13	90.0	0	0	1004.21	17.81	13.85	339.81	1.94	0.38
1696060200.0	0.2		30.0	16.13	90.0	0	0	1004.21	17.81	13.85	339.81	2.0	0.38
1696060260.0	0.2		28.8	16.06	90.0	0	0	1004.21	17.75	13.84	339.81	1.88	0.38
1696060320.0	0.2		27.6	16.0	90.0	0	0	1004.22	17.69	13.84	339.81	1.75	0.38
1696060380.0	0.2		26.4	15.94	90.0	0	0	1004.22	17.63	13.84	337.88	1.63	0.38
1696060440.0	0.2		25.2	15.88	90.0	0	0	1004.22	17.56	13.83	337.88	1.5	0.38
1696060500.0	0.2		24.0	15.81	90.0	0	0	1004.23	17.5	13.83	337.88	1.38	0.38
1696060560.0	0.2		22.6	15.81	90.2	0	0	1004.23	17.5	13.82	337.88	1.38	0.38
1696060620.0	0.2		21.2	15.81	90.4	0	0	1004.23	17.5	13.82	337.88	1.38	0.38
1696060680.0	0.2		19.8	15.81	90.6	0	0	1004.24	17.5	13.81	340.38	1.38	0.38
1696060740.0	0.2		18.4	15.81	90.8	0	0	1004.24	17.5	13.81	340.38	1.38	0.38
1696060800.0	0.2		17.0	15.81	91.0	0	0	1004.24	17.5	13.81	340.38	1.38	0.38
1696060860.0	0.2		16.8	15.81	91.0	0	0	1004.25	17.5	13.79	340.38	1.44	0.34
1696060920.0	0.2		16.6	15.81	91.0	0	0	1004.25	17.5	13.78	340.38	1.5	0.3
1696060980.0	0.2		16.4	15.81	91.0	0	0	1004.26	17.5	13.77	17.69	1.56	0.26
1696061040.0	0.2		16.2	15.81	91.0	0	0	1004.26	17.5	13.75	17.69	1.63	0.23
1696061100.0	0.2		16.0	15.81	91.0	0	0	1004.27	17.5	13.74	17.69	1.69	0.19
1696061160.0	0.2		15.6	15.81	91.0	0	0	1004.27	17.5	13.72	17.69	1.69	0.19
1696061220.0	0.2		15.2	15.81	91.0	0	0	1004.28	17.5	13.71	17.69	1.69	0.19
1696061280.0	0.2		14.8	15.81	91.0	0	0	1004.28	17.5	13.7	17.69	1.69	0.19
1696061340.0	0.2		14.4	15.81	91.0	0	0	1004.29	17.5	13.68	17.69	1.69	0.19
1696061400.0	0.2		14.0	15.81	91.0	0	0	1004.29	17.5	13.67	17.69	1.69	0.19
1696061460.0	0.2		13.8	15.81	91.0	0	0	1004.3	17.5	13.66	17.69	1.58	0.19
1696061520.0	0.2		13.6	15.81	91.0	0	0	1004.3	17.5	13.64	17.69	1.46	0.19
1696061580.0	0.2		13.4	15.81	91.0	0	0	1004.31	17.5	13.63	341.88	1.35	0.19
1696061640.0	0.2		13.2	15.81	91.0	0	0	1004.31	17.5	13.61	341.88	1.24	0.19
1696061700.0	0.2		13.0	15.81	91.0	0	0	1004.32	17.5	13.6	341.88	1.13	0.19
1696061760.0	0.2		12.6	15.81	91.0	0	0	1004.32	17.5	13.59	341.88	1.18	0.19
1696061820.0	0.2		12.2	15.81	91.0	0	0	1004.33	17.5	13.57	341.88	1.23	0.19
1696061880.0	0.2		11.8	15.81	91.0	0	0	1004.33	17.5	13.56	9.0	1.27	0.19
1696061940.0	0.2		11.4	15.81	91.0	0	0	1004.34	17.5	13.55	9.0	1.33	0.19
1696062000.0	0.2		11.0	15.81	91.0	0	0	1004.34	17.5	13.53	9.0	1.38	0.19
1696062060.0	0.2		10.8	15.81	91.0	0	0	1004.35	17.5	13.52	9.0	1.43	0.19
1696062120.0	0.2		10.6	15.81	91.0	0	0	1004.35	17.5	13.51	9.0	1.48	0.19
1696062180.0	0.2		10.4	15.81	91.0	0	0	1004.36	17.5	13.49	8.38	1.53	0.19
1696062240.0	0.2		10.2	15.81	91.0	0	0	1004.36	17.5	13.48	8.38	1.58	0.19
1696062300.0	0.2		10.0	15.81	91.0	0	0	1004.37	17.5	13.47	8.38	1.63	0.19
1696062360.0	0.2		18.8	15.81	90.8	0	0	1004.37	17.5	13.42	8.38	1.6	0.23
1696062420.0	0.2		27.6	15.81	90.6	0	0	1004.38	17.5	13.38	8.38	1.58	0.26
1696062480.0	0.2	0.2	36.4	15.81	90.4	0	0	1004.38	17.5	13.34	16.0	1.55	0.3
1696062540.0	0.2	0.2	45.2	15.81	90.2	0	0	1004.39	17.5	13.29	16.0	1.53	0.34
1696062600.0	0.2	0.2	54.0	15.81	90.0	0	0	1004.39	17.5	13.25	16.0	1.5	0.38
1696062660.0	0.2	0.2	54.0	15.81	90.0	0	0	1004.4	17.5	13.26	16.0	1.53	0.4
1696062720.0	0.2	0.2	54.0	15.81	90.0	0	0	1004.4	17.5	13.28	16.0	1.55	0.43
1696062780.0	0.2	0.2	54.0	15.81	90.0	0	0	1004.41	17.5	13.29	18.0	1.58	0.45
1696062840.0	0.2	0.2	54.0	15.81	90.0	0	0	1004.41	17.5	13.3	18.0	1.6	0.48
1696062900.0	0.2	0.2	54.0	15.81	90.0	0	0	1004.42	17.5	13.31	18.0	1.63	0.5
1696062960.0	0.2	0.2	54.2	15.81	90.0	0	0	1004.42	17.5	13.32	18.0	1.74	0.48
1696063020.0	0.2	0.2	54.4	15.81	90.0	0	0	1004.43	17.5	13.33	18.0	1.85	0.45
1696063080.0	0.21	0.21	54.6	15.81	90.0	0	0	1004.43	17.5	13.35	25.19	1.96	0.43
1696063140.0	0.21	0.21	54.8	15.81	90.0	0	0	1004.44	17.5	13.36	25.19	2.08	0.4
1696063200.0	0.21	0.21	55.0	15.81	90.0	0	0	1004.44	17.5	13.37	25.19	2.19	0.38
1696063260.0	0.21	0.21	55.2	15.81	90.0	0	0	1004.45	17.5	13.38	25.19	2.19	0.38
1696063320.0	0.21	0.21	55.4	15.81	90.0	0	0	1004.45	17.5	13.39	25.19	2.19	0.38
1696063380.0	0.21	0.21	55.6	15.81	90.0	0	0	1004.46	17.5	13.4	8.38	2.19	0.38
1696063440.0	0.21	0.21	55.8	15.81	90.0	0	0	1004.46	17.5	13.42	8.38	2.19	0.38
1696063500.0	0.21	0.21	56.0	15.81	90.0	0	0	1004.47	17.5	13.43	8.38	2.19	0.38
1696063560.0	0.21	0.21	56.0	15.81	90.2	0	0	1004.47	17.5	13.44	8.38	2.25	0.38
1696063620.0	0.21	0.21	56.0	15.81	90.4	0	0	1004.48	17.5	13.45	8.38	2.31	0.38
1696063680.0	0.2	0.2	56.0	15.81	90.6	0	0	1004.48	17.5	13.46	343.69	2.38	0.38
1696063740.0	0.2	0.2	56.0	15.81	90.8	0	0	1004.49	17.5	13.47	343.69	2.44	0.38
1696063800.0	0.2	0.2	56.0	15.81	91.0	0	0	1004.49	17.5	13.49	343.69	2.5	0.38
1696063860.0	0.2	0.2	56.2	15.81	91.0	0	0	1004.5	17.5	13.5	343.69	2.53	0.4
1696063920.0	0.2	0.2	56.4	15.81	91.0	0	0	1004.5	17.5	13.51	343.69	2.55	0.43
1696063980.0	0.2	0.2	56.6	15.81	91.0	0	0	1004.51	17.5	13.52	309.38	2.58	0.45
1696064040.0	0.2	0.2	56.8	15.81	91.0	0	0	1004.51	17.5	13.53	309.38	2.6	0.48
1696064100.0	0.2	0.2	57.0	15.81	91.0	0	0	1004.52	17.5	13.54	309.38	2.63	0.5
1696064160.0	0.2	0.2	57.2	15.81	90.8	0	0	1004.52	17.48	13.55	309.38	2.56	0.5
1696064220.0	0.2	0.2	57.4	15.81	90.6	0	0	1004.53	17.45	13.57	309.38	2.5	0.5
1696064280.0	0.2	0.2	57.6	15.81	90.4	0	0	1004.53	17.43	13.58	355.63	2.44	0.5
1696064340.0	0.2	0.2	57.8	15.81	90.2	0	0	1004.54	17.4	13.59	355.63	2.38	0.5
1696064400.0	0.2	0.2	58.0	15.81	90.0	0	0	1004.54	17.38	13.6	355.63	2.31	0.5
1696064460.0	0.2	0.2	57.0	15.81	90.0	0	0	1004.56	17.38	13.6	355.63	2.19	0.48
1696064520.0	0.2	0.2	56.0	15.81	90.0	0	0	1004.57	17.38	13.59	355.63	2.06	0.45
1696064580.0	0.2	0.2	55.0	15.81	90.0	0	0	1004.59	17.38	13.59	353.38	1.94	0.43
1696064640.0	0.2	0.2	54.0	15.81	90.0	0	0	1004.6	17.38	13.58	353.38	1.81	0.4
1696064700.0	0.2	0.2	53.0	15.81	90.0	0	0	1004.62	17.38	13.58	353.38	1.69	0.38
1696064760.0	0.2	0.2	52.2	15.81	90.2	0	0	1004.63	17.4	13.57	353.38	1.71	0.34
1696064820.0	0.2	0.2	51.4	15.81	90.4	0	0	1004.65	17.43	13.57	353.38	1.74	0.3
1696064880.0	0.2		50.6	15.81	90.6	0	0	1004.66	17.45	13.56	353.88	1.76	0.26
1696064940.0	0.2		49.8	15.81	90.8	0	0	1004.68	17.48	13.56	353.88	1.79	0.23
1696065000.0	0.2		49.0	15.81	91.0	0	0	1004.69	17.5	13.56	353.88	1.81	0.19
1696065060.0	0.2		48.0	15.81	91.0	0	0	1004.71	17.48	13.55	353.88	1.81	0.19
1696065120.0	0.2		47.0	15.81	91.0	0	0	1004.72	17.45	13.55	353.88	1.81	0.19
1696065180.0	0.2		46.0	15.81	91.0	0	0	1004.74	17.43	13.54	335.88	1.81	0.19
1696065240.0	0.2		45.0	15.81	91.0	0	0	1004.75	17.4	13.54	335.88	1.81	0.19
1696065300.0	0.2		44.0	15.81	91.0	0	0	1004.77	17.38	13.53	335.88	1.81	0.19
1696065360.0	0.2		43.0	15.81	90.8	0	0	1004.78	17.38	13.53	335.88	1.68	0.19
1696065420.0	0.2		42.0	15.81	90.6	0	0	1004.8	17.38	13.52	335.88	1.54	0.19
1696065480.0	0.2		41.0	15.81	90.4	0	0	1004.81	17.38	13.52	333.38	1.4	0.19
1696065540.0	0.2		40.0	15.81	90.2	0	0	1004.83	17.38	13.51	333.38	1.26	0.19
1696065600.0	0.2		39.0	15.81	90.0	0	0	1004.84	17.38	13.51	333.38	1.13	0.19
1696065660.0	0.2		33.2	15.79	90.0	0	0	1004.86	17.38	13.59	333.38	1.14	0.19
1696065720.0	0.2		27.4	15.76	90.0	0	0	1004.87	17.38	13.67	333.38	1.15	0.19
1696065780.0			21.6	15.74	90.0	0	0	1004.89	17.38	13.75	339.13	1.16	0.19
1696065840.0			15.8	15.71	90.0	0	0	1004.9	17.38	13.82	339.13	1.18	0.19
1696065900.0			10.0	15.69	90.0	0	0	1004.92	17.38	13.9	339.13	1.19	0.19
1696065960.0			9.8	15.69	90.0	0	0	1004.93	17.38	13.91	339.13	1.33	0.19
1696066020.0			9.6	15.69	90.0	0	0	1004.95	17.38	13.91	339.13	1.46	0.19
1696066080.0			9.4	15.69	90.0	0	0	1004.96	17.38	13.91	310.5	1.6	0.19
1696066140.0			9.2	15.69	90.0	0	0	1004.98	17.38	13.92	310.5	1.74	0.19
1696066200.0			9.0	15.69	90.0	0	0	1004.99	17.38	13.92	310.5	1.88	0.19
1696066260.0			8.6	15.69	90.0	0	0	1005.01	17.38	13.92	310.5	1.84	0.23
1696066320.0			8.2	15.69	90.0	0	0	1005.02	17.38	13.93	310.5	1.8	0.26
1696066380.0			7.8	15.69	90.0	0	0	1005.04	17.38	13.93	300.69	1.76	0.3
1696066440.0			7.4	15.69	90.0	0	0	1005.05	17.38	13.94	300.69	1.73	0.34
1696066500.0			7.0	15.69	90.0	0	0	1005.07	17.38	13.94	300.69	1.69	0.38
1696066560.0			6.8	15.68	90.0	0	0	1005.08	17.36	13.94	300.69	1.69	0.38
1696066620.0			6.6	15.66	90.0	0	0	1005.1	17.35	13.95	300.69	1.69	0.38
1696066680.0			6.4	15.65	90.0	0	0	1005.11	17.34	13.95	303.13	1.69	0.38
1696066740.0			6.2	15.64	90.0	0	0	1005.13	17.33	13.95	303.13	1.69	0.38
1696066800.0			6.0	15.63	90.0	0	0	1005.14	17.31	13.96	303.13	1.69	0.38
1696066860.0			5.6	15.6	90.0	0	0	1005.16	17.29	13.96	303.13	1.75	0.38
1696066920.0			5.2	15.58	90.0	0	0	1005.17	17.26	13.97	303.13	1.81	0.38
1696066980.0			4.8	15.55	90.0	0	0	1005.19	17.24	13.97	308.88	1.88	0.38
1696067040.0			4.4	15.53	90.0	0	0	1005.2	17.21	13.97	308.88	1.94	0.38
1696067100.0			4.0	15.5	90.0	0	0	1005.22	17.19	13.98	308.88	2.0	0.38
1696067160.0			3.8	15.5	90.0	0	0	1005.23	17.19	13.98	308.88	1.93	0.34
1696067220.0			3.6	15.5	90.0	0	0	1005.25	17.19	13.98	308.88	1.85	0.3
1696067280.0			3.4	15.5	90.0	0	0	1005.26	17.19	13.99	301.19	1.78	0.26
1696067340.0			3.2	15.5	90.0	0	0	1005.28	17.19	13.99	301.19	1.7	0.23
1696067400.0			3.0	15.5	90.0	0	0	1005.29	17.19	14.0	301.19	1.63	0.19
1696067460.0			2.8	15.5	90.0	0	0	1005.31	17.19	14.0	301.19	1.63	0.19
1696067520.0			2.6	15.5	90.0	0	0	1005.32	17.19	14.0	301.19	1.63	0.19
1696067580.0			2.4	15.5	90.0	0	0	1005.34	17.19	14.01	301.5	1.63	0.19
1696067640.0			2.2	15.5	90.0	0	0	1005.35	17.19	14.01	301.5	1.63	0.19
1696067700.0			2.0	15.5	90.0	0	0	1005.37	17.19	14.01	301.5	1.63	0.19
1696067760.0			1.6	15.5	90.0	0	0	1005.38	17.18	14.02	301.5	1.58	0.18
1696067820.0			1.2	15.5	90.0	0	0	1005.4	17.16	14.02	301.5	1.53	0.16
1696067880.0			0.8	15.5	90.0	0	0	1005.41	17.15	14.02	312.63	1.48	0.15
1696067940.0			0.4	15.5	90.0	0	0	1005.43	17.14	14.03	312.63	1.43	0.14
1696068000.0			0.0	15.5	90.0	0	0	1005.44	17.13	14.03	312.63	1.38	0.13
1696068060.0			0.0	15.5	90.0	0	0	1005.45	17.13	14.02	312.63	1.3	0.14
1696068120.0			0.0	15.5	90.0	0	0	1005.45	17.13	14.01	312.63	1.23	0.15
1696068180.0			0.0	15.5	90.0	0	0	1005.45	17.13	14.0	314.0	1.15	0.16
1696068240.0			0.0	15.5	90.0	0	0	1005.46	17.13	13.99	314.0	1.08	0.18
1696068300.0			0.0	15.5	90.0	0	0	1005.46	17.13	13.98	314.0	1.0	0.19
1696068360.0			0.0	15.5	90.2	0	0	1005.46	17.13	13.97	314.0	1.13	0.19
1696068420.0			0.0	15.5	90.4	0	0	1005.47	17.13	13.96	314.0	1.25	0.19
1696068480.0			0.0	15.5	90.6	0	0	1005.47	17.13	13.95	330.38	1.38	0.19
1696068540.0			0.0	15.5	90.8	0	0	1005.47	17.13	13.94	330.38	1.5	0.19
1696068600.0			0.0	15.5	91.0	0	0	1005.47	17.13	13.93	330.38	1.63	0.19
1696068660.0			0.0	15.5	91.0	0	0	1005.48	17.13	13.92	330.38	1.56	0.18
1696068720.0			0.0	15.5	91.0	0	0	1005.48	17.13	13.91	330.38	1.5	0.16
1696068780.0			0.0	15.5	91.0	0	0	1005.48	17.13	13.9	330.0	1.44	0.15
1696068840.0			0.0	15.5	91.0	0	0	1005.49	17.13	13.89	330.0	1.38	0.14
1696068900.0			0.0	15.5	91.0	0	0	1005.49	17.13	13.88	330.0	1.31	0.13
1696068960.0			0.0	15.5	91.0	0	0	1005.49	17.13	13.87	330.0	1.31	0.13
1696069020.0			0.0	15.5	91.0	0	0	1005.5	17.13	13.86	330.0	1.31	0.13
1696069080.0			0.0	15.5	91.0	0	0	1005.5	17.13	13.85	330.19	1.31	0.13
1696069140.0			0.0	15.5	91.0	0	0	1005.5	17.13	13.84	330.19	1.31	0.13
1696069200.0			0.0	15.5	91.0	0	0	1005.5	17.13	13.83	330.19	1.31	0.13
1696069260.0			0.0	15.5	91.0	0	0	1005.51	17.13	13.82	330.19	1.33	0.14
1696069320.0			0.0	15.5	91.0	0	0	1005.51	17.13	13.81	330.19	1.34	0.15
1696069380.0			0.0	15.5	91.0	0	0	1005.51	17.13	13.8	329.81	1.35	0.16
1696069440.0			0.0	15.5	91.0	0	0	1005.52	17.13	13.79	329.81	1.36	0.18
1696069500.0			0.0	15.5	91.0	0	0	1005.52	17.13	13.78	329.81	1.38	0.19
1696069560.0			2.4	15.53	91.0	0	0	1005.52	17.13	13.73	329.81	1.43	0.19
1696069620.0			4.8	15.55	91.0	0	0	1005.53	17.13	13.68	329.81	1.48	0.19
1696069680.0	0.19		7.2	15.58	91.0	0	0	1005.53	17.13	13.63	347.63	1.53	0.19
1696069740.0	0.19		9.6	15.6	91.0	0	0	1005.53	17.13	13.58	347.63	1.58	0.19
1696069800.0	0.19		12.0	15.63	91.0	0	0	1005.54	17.13	13.53	347.63	1.63	0.19
1696069860.0	0.19		12.4	15.63	91.0	0	0	1005.54	17.13	13.51	347.63	1.64	0.18
1696069920.0	0.19		12.8	15.63	91.0	0	0	1005.54	17.13	13.5	347.63	1.65	0.16
1696069980.0	0.18		13.2	15.63	91.0	0	0	1005.54	17.13	13.48	343.63	1.66	0.15
1696070040.0	0.18		13.6	15.63	91.0	0	0	1005.55	17.13	13.46	343.63	1.68	0.14
1696070100.0	0.18		14.0	15.63	91.0	0	0	1005.55	17.13	13.44	343.63	1.69	0.13
1696070160.0	0.18		14.4	15.63	91.0	0	0	1005.55	17.13	13.42	343.63	1.69	0.13
1696070220.0	0.18		14.8	15.63	91.0	0	0	1005.56	17.13	13.41	343.63	1.69	0.13
1696070280.0	0.18		15.2	15.63	91.0	0	0	1005.56	17.13	13.39	343.88	1.69	0.13
1696070340.0	0.18		15.6	15.63	91.0	0	0	1005.56	17.13	13.37	343.88	1.69	0.13
1696070400.0	0.18		16.0	15.63	91.0	0	0	1005.57	17.13	13.35	343.88	1.69	0.13
1696070460.0	0.18		16.4	15.63	91.0	0	0	1005.57	17.13	13.33	343.88	1.75	0.18
1696070520.0	0.18		16.8	15.63	91.0	0	0	1005.57	17.13	13.31	343.88	1.81	0.23
1696070580.0	0.18		17.2	15.63	91.0	0	0	1005.57	17.13	13.3	338.63	1.88	0.28
1696070640.0	0.18		17.6	15.63	91.0	0	0	1005.58	17.13	13.28	338.63	1.94	0.33
1696070700.0	0.18		18.0	15.63	91.0	0	0	1005.58	17.13	13.26	338.63	2.0	0.38
1696070760.0	0.18		18.4	15.56	91.0	0	0	1005.58	17.06	13.24	338.63	2.26	0.38
1696070820.0	0.18		18.8	15.5	91.0	0	0	1005.59	17.0	13.22	338.63	2.53	0.38
1696070880.0	0.18		19.2	15.44	91.0	0	0	1005.59	16.94	13.21	4.5	2.79	0.38
1696070940.0	0.18		19.6	15.38	91.0	0	0	1005.59	16.88	13.19	4.5	3.05	0.38
1696071000.0	0.18		20.0	15.31	91.0	0	0	1005.6	16.81	13.17	4.5	3.31	0.38
1696071060.0	0.18		20.2	15.31	91.0	0	0	1005.6	16.81	13.15	4.5	3.08	0.38
1696071120.0	0.18		20.4	15.31	91.0	0	0	1005.6	16.81	13.13	4.5	2.84	0.38
1696071180.0	0.18		20.6	15.31	91.0	0	0	1005.6	16.81	13.12	12.38	2.6	0.38
1696071240.0	0.18		20.8	15.31	91.0	0	0	1005.61	16.81	13.1	12.38	2.36	0.38
1696071300.0	0.18		21.0	15.31	91.0	0	0	1005.61	16.81	13.08	12.38	2.13	0.38
1696071360.0	0.18		21.0	15.31	91.0	0	0	1005.61	16.81	13.08	12.38	2.13	0.38
1696071420.0	0.18		21.0	15.31	91.0	0	0	1005.62	16.81	13.08	12.38	2.13	0.38
1696071480.0	0.18		21.0	15.31	91.0	0	0	1005.62	16.81	13.08	12.38	2.13	0.38
1696071540.0	0.18		21.0	15.31	91.0	0	0	1005.62	16.81	13.08	12.38	2.13	0.38
1696071600.0	0.18		21.0	15.31	91.0	0	0	1005.63	16.81	13.08	12.38	2.13	0.38
