timestamp	cloud-base	cloud-ceiling	cloud-cover	dew-point	humidity	precipitation-intensity	precipitation-type	pressure-surface-level	temperature	visibility	wind-direction	wind-gust	wind-speed
1696071600.0	0.09	0.09	61.0	15.0	96.0	0	0	1016.62	15.69	14.76	3.13	4.69	1.31
1696071660.0	0.09	0.09	61.4	15.0	95.8	0	0	1016.61	15.69	14.76	3.13	4.72	1.31
1696071720.0	0.09	0.09	61.8	15.0	95.6	0	0	1016.6	15.69	14.76	3.13	4.76	1.31
1696071780.0	0.09	0.09	62.2	15.0	95.4	0	0	1016.58	15.69	14.77	3.38	4.8	1.31
1696071840.0	0.09	0.09	62.6	15.0	95.2	0	0	1016.57	15.69	14.77	3.38	4.84	1.31
1696071900.0	0.09	0.09	63.0	15.0	95.0	0	0	1016.56	15.69	14.77	3.38	4.88	1.31
1696071960.0	0.09	0.09	63.6	15.03	95.0	0	0	1016.54	15.71	14.78	3.38	4.93	1.31
1696072020.0	0.09	0.09	64.2	15.05	95.0	0	0	1016.53	15.74	14.78	3.38	4.97	1.31
1696072080.0	0.09	0.09	64.8	15.08	95.0	0	0	1016.52	15.76	14.78	3.81	5.03	1.31
1696072140.0	0.09	0.09	65.4	15.1	95.0	0	0	1016.5	15.79	14.78	3.81	5.08	1.31
1696072200.0	0.09	0.09	66.0	15.13	95.0	0	0	1016.49	15.81	14.79	3.81	5.13	1.31
1696072260.0	0.09	0.09	66.4	15.13	95.0	0	0	1016.48	15.81	14.79	3.81	5.16	1.31
1696072320.0	0.09	0.09	66.8	15.13	95.0	0	0	1016.46	15.81	14.79	3.81	5.2	1.31
1696072380.0	0.1	0.1	67.2	15.13	95.0	0	0	1016.45	15.81	14.79	4.13	5.24	1.31
1696072440.0	0.1	0.1	67.6	15.13	95.0	0	0	1016.44	15.81	14.8	4.13	5.28	1.31
1696072500.0	0.1	0.1	68.0	15.13	95.0	0	0	1016.42	15.81	14.8	4.13	5.31	1.31
1696072560.0	0.1	0.1	70.8	15.14	94.8	0	0	1016.41	15.88	14.8	4.13	5.35	1.31
1696072620.0	0.1	0.1	73.6	15.15	94.6	0	0	1016.4	15.94	14.8	4.13	5.39	1.31
1696072680.0	0.12	0.12	76.4	15.16	94.4	0	0	1016.38	16.0	14.81	4.38	5.43	1.31
1696072740.0	0.12	0.12	79.2	15.18	94.2	0	0	1016.37	16.06	14.81	4.38	5.46	1.31
1696072800.0	0.12	0.12	82.0	15.19	94.0	0	0	1016.36	16.13	14.81	4.38	5.5	1.31
1696072860.0	0.12	0.12	82.4	15.19	94.0	0	0	1016.34	16.14	14.82	4.38	5.54	1.31
1696072920.0	0.12	0.12	82.8	15.19	94.0	0	0	1016.33	16.15	14.82	4.38	5.58	1.31
1696072980.0	0.12	0.12	83.2	15.19	94.0	0	0	1016.32	16.16	14.82	4.69	5.61	1.31
1696073040.0	0.12	0.12	83.6	15.19	94.0	0	0	1016.3	16.18	14.82	4.69	5.65	1.31
1696073100.0	0.12	0.12	84.0	15.19	94.0	0	0	1016.29	16.19	14.83	4.69	5.69	1.31
1696073160.0	0.12	0.12	84.6	15.19	94.0	0	0	1016.28	16.19	14.83	4.69	5.73	1.31
1696073220.0	0.12	0.12	85.2	15.19	94.0	0	0	1016.26	16.19	14.83	4.69	5.76	1.31
1696073280.0	0.13	0.13	85.8	15.19	94.0	0	0	1016.25	16.19	14.83	5.13	5.8	1.31
1696073340.0	0.13	0.13	86.4	15.19	94.0	0	0	1016.24	16.19	14.84	5.13	5.84	1.31
1696073400.0	0.13	0.13	87.0	15.19	94.0	0	0	1016.22	16.19	14.84	5.13	5.88	1.31
1696073460.0	0.13	0.13	87.4	15.19	94.0	0	0	1016.21	16.21	14.84	5.13	5.9	1.31
1696073520.0	0.13	0.13	87.8	15.19	94.0	0	0	1016.2	16.24	14.84	5.13	5.93	1.31
1696073580.0	0.13	0.13	88.2	15.19	94.0	0	0	1016.18	16.26	14.85	5.38	5.95	1.31
1696073640.0	0.13	0.13	88.6	15.19	94.0	0	0	1016.17	16.29	14.85	5.38	5.98	1.31
1696073700.0	0.13	0.13	89.0	15.19	94.0	0	0	1016.16	16.31	14.85	5.38	6.0	1.31
1696073760.0	0.13	0.13	89.6	15.19	93.6	0	0	1016.14	16.33	14.86	5.38	6.04	1.53
1696073820.0	0.13	0.13	90.2	15.19	93.2	0	0	1016.13	16.34	14.86	5.38	6.08	1.74
1696073880.0	0.15	0.15	90.8	15.19	92.8	0	0	1016.12	16.35	14.86	1.31	6.11	1.95
1696073940.0	0.15	0.15	91.4	15.19	92.4	0	0	1016.1	16.36	14.86	1.31	6.15	2.16
1696074000.0	0.15	0.15	92.0	15.19	92.0	0	0	1016.09	16.38	14.87	1.31	6.19	2.38
1696074060.0	0.15	0.15	92.4	15.19	92.0	0	0	1016.08	16.38	14.87	1.31	6.23	2.38
1696074120.0	0.15	0.15	92.8	15.19	92.0	0	0	1016.06	16.38	14.87	1.31	6.26	2.38
1696074180.0	0.16	0.16	93.2	15.19	92.0	0	0	1016.05	16.38	14.87	1.63	6.3	2.38
1696074240.0	0.16	0.16	93.6	15.19	92.0	0	0	1016.04	16.38	14.88	1.63	6.34	2.38
1696074300.0	0.16	0.16	94.0	15.19	92.0	0	0	1016.02	16.38	14.88	1.63	6.38	2.38
1696074360.0	0.16	0.16	93.0	15.19	91.8	0	0	1016.01	16.44	14.98	1.63	6.54	2.38
1696074420.0	0.16	0.16	92.0	15.19	91.6	0	0	1016.0	16.5	15.08	1.63	6.7	2.38
1696074480.0	0.19	0.19	91.0	15.19	91.4	0	0	1015.98	16.56	15.18	2.63	6.86	2.38
1696074540.0	0.19	0.19	90.0	15.19	91.2	0	0	1015.97	16.63	15.28	2.63	7.03	2.38
1696074600.0	0.19	0.19	89.0	15.19	91.0	0	0	1015.96	16.69	15.37	2.63	7.19	2.38
1696074660.0	0.19	0.19	89.4	15.19	91.0	0	0	1015.94	16.69	15.38	2.63	7.19	2.38
1696074720.0	0.19	0.19	89.8	15.19	91.0	0	0	1015.93	16.69	15.38	2.63	7.19	2.38
1696074780.0	0.2	0.2	90.2	15.19	91.0	0	0	1015.92	16.69	15.39	2.88	7.19	2.38
1696074840.0	0.2	0.2	90.6	15.19	91.0	0	0	1015.9	16.69	15.39	2.88	7.19	2.38
1696074900.0	0.2	0.2	91.0	15.19	91.0	0	0	1015.89	16.69	15.4	2.88	7.19	2.38
1696074960.0	0.2	0.2	91.4	15.15	90.6	0	0	1015.88	16.73	15.4	2.88	7.19	2.38
1696075020.0	0.2	0.2	91.8	15.11	90.2	0	0	1015.86	16.76	15.4	2.88	7.19	2.38
1696075080.0	0.23	0.23	92.2	15.08	89.8	0	0	1015.85	16.8	15.41	7.5	7.19	2.38
1696075140.0	0.23	0.23	92.6	15.04	89.4	0	0	1015.84	16.84	15.41	7.5	7.19	2.38
1696075200.0	0.23	0.23	93.0	15.0	89.0	0	0	1015.82	16.88	15.42	7.5	7.19	2.38
1696075260.0	0.23	0.23	93.0	15.03	88.8	0	0	1015.83	16.88	15.43	7.5	7.18	2.38
1696075320.0	0.23	0.23	93.0	15.05	88.6	0	0	1015.84	16.88	15.43	7.5	7.16	2.38
1696075380.0	0.25	0.25	93.0	15.08	88.4	0	0	1015.84	16.88	15.44	8.31	7.15	2.38
1696075440.0	0.25	0.25	93.0	15.1	88.2	0	0	1015.85	16.88	15.45	8.31	7.14	2.38
1696075500.0	0.25	0.25	93.0	15.13	88.0	0	0	1015.86	16.88	15.46	8.31	7.13	2.38
1696075560.0	0.25	0.25	92.8	15.13	88.0	0	0	1015.87	16.9	15.47	8.31	7.13	2.4
1696075620.0	0.25	0.25	92.6	15.13	88.0	0	0	1015.87	16.93	15.48	8.31	7.13	2.42
1696075680.0	0.25	0.25	92.4	15.13	88.0	0	0	1015.88	16.95	15.49	8.81	7.13	2.45
1696075740.0	0.25	0.25	92.2	15.13	88.0	0	0	1015.89	16.98	15.5	8.81	7.13	2.48
1696075800.0	0.25	0.25	92.0	15.13	88.0	0	0	1015.9	17.0	15.51	8.81	7.13	2.5
1696075860.0	0.25	0.25	91.8	15.13	88.0	0	0	1015.9	17.0	15.52	8.81	7.13	2.53
1696075920.0	0.25	0.25	91.6	15.13	88.0	0	0	1015.91	17.0	15.53	8.81	7.13	2.55
1696075980.0	0.25	0.25	91.4	15.13	88.0	0	0	1015.92	17.0	15.54	9.19	7.13	2.58
1696076040.0	0.25	0.25	91.2	15.13	88.0	0	0	1015.93	17.0	15.55	9.19	7.13	2.6
1696076100.0	0.25	0.25	91.0	15.13	88.0	0	0	1015.93	17.0	15.56	9.19	7.13	2.63
1696076160.0	0.25	0.25	91.0	15.1	87.8	0	0	1015.94	17.0	15.57	9.19	7.13	2.73
1696076220.0	0.25	0.25	91.0	15.08	87.6	0	0	1015.95	17.0	15.58	9.19	7.13	2.83
1696076280.0	0.27	0.27	91.0	15.05	87.4	0	0	1015.96	17.0	15.59	9.63	7.13	2.93
1696076340.0	0.27	0.27	91.0	15.03	87.2	0	0	1015.96	17.0	15.6	9.63	7.13	3.03
1696076400.0	0.27	0.27	91.0	15.0	87.0	0	0	1015.97	17.0	15.61	9.63	7.13	3.13
1696076460.0	0.27	0.27	90.8	15.0	87.0	0	0	1015.98	17.02	15.62	9.63	7.13	3.13
1696076520.0	0.27	0.27	90.6	15.0	87.0	0	0	1015.99	17.05	15.63	9.63	7.13	3.13
1696076580.0	0.27	0.27	90.4	15.0	87.0	0	0	1015.99	17.08	15.64	10.0	7.13	3.13
1696076640.0	0.27	0.27	90.2	15.0	87.0	0	0	1016.0	17.1	15.65	10.0	7.13	3.13
1696076700.0	0.27	0.27	90.0	15.0	87.0	0	0	1016.01	17.13	15.66	10.0	7.13	3.13
1696076760.0	0.27	0.27	92.0	15.0	87.0	0	0	1016.02	17.1	15.65	10.0	7.1	3.13
1696076820.0	0.27	0.27	94.0	15.0	87.0	0	0	1016.02	17.08	15.65	10.0	7.08	3.13
1696076880.0	0.27	0.27	96.0	15.0	87.0	0	0	1016.03	17.05	15.65	6.81	7.05	3.13
1696076940.0	0.27	0.27	98.0	15.0	87.0	0	0	1016.04	17.02	15.65	6.81	7.03	3.13
1696077000.0	0.27	0.27	100.0	15.0	87.0	0	0	1016.05	17.0	15.65	6.81	7.0	3.13
1696077060.0	0.27	0.27	100.0	15.03	87.0	0	0	1016.06	17.02	15.65	6.81	7.03	3.14
1696077120.0	0.27	0.27	100.0	15.05	87.0	0	0	1016.06	17.05	15.65	6.81	7.05	3.15
1696077180.0	0.27	0.27	100.0	15.08	87.0	0	0	1016.07	17.08	15.65	7.13	7.08	3.16
1696077240.0	0.27	0.27	100.0	15.1	87.0	0	0	1016.08	17.1	15.65	7.13	7.1	3.18
1696077300.0	0.27	0.27	100.0	15.13	87.0	0	0	1016.09	17.13	15.65	7.13	7.13	3.19
1696077360.0	0.27	0.27	100.0	15.13	87.2	0	0	1016.09	17.13	15.65	7.13	7.13	3.19
1696077420.0	0.27	0.27	100.0	15.13	87.4	0	0	1016.1	17.13	15.66	7.13	7.13	3.19
1696077480.0	0.26	0.26	100.0	15.13	87.6	0	0	1016.11	17.13	15.66	2.0	7.13	3.19
1696077540.0	0.26	0.26	100.0	15.13	87.8	0	0	1016.12	17.13	15.66	2.0	7.13	3.19
1696077600.0	0.26	0.26	100.0	15.13	88.0	0	0	1016.12	17.13	15.66	2.0	7.13	3.19
1696077660.0	0.26	0.26	100.0	15.13	88.0	0	0	1016.13	17.13	15.66	2.0	7.14	3.19
1696077720.0	0.26	0.26	100.0	15.13	88.0	0	0	1016.14	17.13	15.66	2.0	7.15	3.19
1696077780.0	0.26	0.26	100.0	15.13	88.0	0	0	1016.15	17.13	15.66	2.31	7.16	3.19
1696077840.0	0.26	0.26	100.0	15.13	88.0	0	0	1016.15	17.13	15.66	2.31	7.18	3.19
1696077900.0	0.26	0.26	100.0	15.13	88.0	0	0	1016.16	17.13	15.66	2.31	7.19	3.19
1696077960.0	0.26	0.26	100.0	15.13	88.0	0	0	1016.17	17.14	15.66	2.31	7.23	3.21
1696078020.0	0.26	0.26	100.0	15.13	88.0	0	0	1016.18	17.15	15.66	2.31	7.26	3.24
1696078080.0	0.26	0.26	100.0	15.13	88.0	0	0	1016.18	17.16	15.66	3.31	7.3	3.26
1696078140.0	0.26	0.26	100.0	15.13	88.0	0	0	1016.19	17.18	15.66	3.31	7.34	3.29
1696078200.0	0.26	0.26	100.0	15.13	88.0	0	0	1016.2	17.19	15.66	3.31	7.38	3.31
1696078260.0	0.26	0.26	100.0	15.13	88.0	0	0	1016.21	17.19	15.66	3.31	7.38	3.33
1696078320.0	0.26	0.26	100.0	15.13	88.0	0	0	1016.21	17.19	15.67	3.31	7.38	3.34
1696078380.0	0.26	0.26	100.0	15.13	88.0	0	0	1016.22	17.19	15.67	3.5	7.38	3.35
1696078440.0	0.26	0.26	100.0	15.13	88.0	0	0	1016.23	17.19	15.67	3.5	7.38	3.36
1696078500.0	0.26	0.26	100.0	15.13	88.0	0	0	1016.24	17.19	15.67	3.5	7.38	3.38
1696078560.0	0.26	0.26	100.0	15.14	87.6	0	0	1016.24	17.21	15.67	3.5	7.4	3.44
1696078620.0	0.26	0.26	100.0	15.15	87.2	0	0	1016.25	17.24	15.67	3.5	7.43	3.5
1696078680.0	0.29	0.29	100.0	15.16	86.8	0	0	1016.26	17.26	15.67	8.13	7.45	3.56
1696078740.0	0.29	0.29	100.0	15.18	86.4	0	0	1016.27	17.29	15.67	8.13	7.48	3.63
1696078800.0	0.29	0.29	100.0	15.19	86.0	0	0	1016.27	17.31	15.67	8.13	7.5	3.69
1696078860.0	0.29	0.29	100.0	15.19	86.0	0	0	1016.28	17.33	15.68	8.13	7.48	3.69
1696078920.0	0.29	0.29	100.0	15.19	86.0	0	0	1016.28	17.34	15.68	8.13	7.45	3.69
1696078980.0	0.3	0.3	100.0	15.19	86.0	0	0	1016.28	17.35	15.69	8.19	7.43	3.69
1696079040.0	0.3	0.3	100.0	15.19	86.0	0	0	1016.29	17.36	15.69	8.19	7.4	3.69
1696079100.0	0.3	0.3	100.0	15.19	86.0	0	0	1016.29	17.38	15.7	8.19	7.38	3.69
1696079160.0	0.3	0.3	100.0	15.21	86.0	0	0	1016.3	17.4	15.71	8.19	7.38	3.69
1696079220.0	0.3	0.3	100.0	15.24	86.0	0	0	1016.3	17.43	15.71	8.19	7.38	3.69
1696079280.0	0.3	0.3	100.0	15.26	86.0	0	0	1016.3	17.45	15.72	9.19	7.38	3.69
1696079340.0	0.3	0.3	100.0	15.29	86.0	0	0	1016.31	17.48	15.73	9.19	7.38	3.69
1696079400.0	0.3	0.3	100.0	15.31	86.0	0	0	1016.31	17.5	15.73	9.19	7.38	3.69
1696079460.0	0.3	0.3	100.0	15.31	85.8	0	0	1016.31	17.52	15.74	9.19	7.38	3.61
1696079520.0	0.3	0.3	100.0	15.31	85.6	0	0	1016.32	17.55	15.74	9.19	7.38	3.54
1696079580.0	0.32	0.32	100.0	15.31	85.4	0	0	1016.32	17.58	15.75	9.38	7.38	3.46
1696079640.0	0.32	0.32	100.0	15.31	85.2	0	0	1016.33	17.6	15.76	9.38	7.38	3.39
1696079700.0	0.32	0.32	100.0	15.31	85.0	0	0	1016.33	17.63	15.76	9.38	7.38	3.31
1696079760.0	0.32	0.32	100.0	15.31	85.0	0	0	1016.33	17.64	15.77	9.38	7.38	3.31
1696079820.0	0.32	0.32	100.0	15.31	85.0	0	0	1016.34	17.65	15.78	9.38	7.38	3.31
1696079880.0	0.32	0.32	100.0	15.31	85.0	0	0	1016.34	17.66	15.78	8.69	7.38	3.31
1696079940.0	0.32	0.32	100.0	15.31	85.0	0	0	1016.34	17.68	15.79	8.69	7.38	3.31
1696080000.0	0.32	0.32	100.0	15.31	85.0	0	0	1016.35	17.69	15.79	8.69	7.38	3.31
1696080060.0	0.32	0.32	100.0	15.31	85.0	0	0	1016.35	17.69	15.8	8.69	7.36	3.31
1696080120.0	0.32	0.32	100.0	15.31	85.0	0	0	1016.36	17.69	15.81	8.69	7.35	3.31
1696080180.0	0.33	0.33	100.0	15.31	85.0	0	0	1016.36	17.69	15.81	8.88	7.34	3.31
1696080240.0	0.33	0.33	100.0	15.31	85.0	0	0	1016.36	17.69	15.82	8.88	7.33	3.31
1696080300.0	0.33	0.33	100.0	15.31	85.0	0	0	1016.37	17.69	15.83	8.88	7.31	3.31
1696080360.0	0.33	0.33	100.0	15.31	85.0	0	0	1016.37	17.71	15.83	8.88	7.31	3.31
1696080420.0	0.33	0.33	100.0	15.31	85.0	0	0	1016.37	17.74	15.84	8.88	7.31	3.31
1696080480.0	0.33	0.33	100.0	15.31	85.0	0	0	1016.38	17.76	15.84	9.13	7.31	3.31
1696080540.0	0.33	0.33	100.0	15.31	85.0	0	0	1016.38	17.79	15.85	9.13	7.31	3.31
1696080600.0	0.33	0.33	100.0	15.31	85.0	0	0	1016.39	17.81	15.86	9.13	7.31	3.31
1696080660.0	0.33	0.33	99.8	15.33	84.8	0	0	1016.39	17.83	15.86	9.13	7.31	3.31
1696080720.0	0.33	0.33	99.6	15.34	84.6	0	0	1016.39	17.84	15.87	9.13	7.31	3.31
1696080780.0	0.34	0.34	99.4	15.35	84.4	0	0	1016.4	17.85	15.87	9.19	7.31	3.31
1696080840.0	0.34	0.34	99.2	15.36	84.2	0	0	1016.4	17.86	15.88	9.19	7.31	3.31
1696080900.0	0.34	0.34	99.0	15.38	84.0	0	0	1016.41	17.88	15.89	9.19	7.31	3.31
1696080960.0	0.34	0.34	99.2	15.38	84.0	0	0	1016.41	17.9	15.89	9.19	7.29	3.31
1696081020.0	0.34	0.34	99.4	15.38	84.0	0	0	1016.41	17.93	15.89	9.19	7.26	3.31
1696081080.0	0.35	0.35	99.6	15.38	84.0	0	0	1016.42	17.95	15.9	10.13	7.24	3.31
1696081140.0	0.35	0.35	99.8	15.38	84.0	0	0	1016.42	17.98	15.9	10.13	7.21	3.31
1696081200.0	0.35	0.35	100.0	15.38	84.0	0	0	1016.42	18.0	15.91	10.13	7.19	3.31
1696081260.0	0.35	0.35	100.0	15.4	84.0	0	0	1016.43	18.02	15.92	10.13	7.18	3.31
1696081320.0	0.35	0.35	100.0	15.43	84.0	0	0	1016.43	18.05	15.93	10.13	7.16	3.31
1696081380.0	0.36	0.36	100.0	15.45	84.0	0	0	1016.44	18.08	15.94	9.5	7.15	3.31
1696081440.0	0.36	0.36	100.0	15.48	84.0	0	0	1016.44	18.1	15.95	9.5	7.14	3.31
1696081500.0	0.36	0.36	100.0	15.5	84.0	0	0	1016.44	18.13	15.96	9.5	7.13	3.31
1696081560.0	0.36	0.36	100.0	15.5	84.0	0	0	1016.45	18.14	15.97	9.5	7.13	3.33
1696081620.0	0.36	0.36	100.0	15.5	84.0	0	0	1016.45	18.15	15.98	9.5	7.13	3.34
1696081680.0	0.36	0.36	100.0	15.5	84.0	0	0	1016.45	18.16	15.98	10.69	7.13	3.35
1696081740.0	0.36	0.36	100.0	15.5	84.0	0	0	1016.46	18.18	15.99	10.69	7.13	3.36
1696081800.0	0.36	0.36	100.0	15.5	84.0	0	0	1016.46	18.19	16.0	10.69	7.13	3.38
1696081860.0	0.36	0.36	100.0	15.5	84.0	0	0	1016.47	18.19	16.0	10.69	7.13	3.38
1696081920.0	0.36	0.36	100.0	15.5	84.0	0	0	1016.47	18.19	16.0	10.69	7.13	3.38
1696081980.0	0.36	0.36	100.0	15.5	84.0	0	0	1016.47	18.19	16.0	10.88	7.13	3.38
1696082040.0	0.36	0.36	100.0	15.5	84.0	0	0	1016.48	18.19	16.0	10.88	7.13	3.38
1696082100.0	0.36	0.36	100.0	15.5	84.0	0	0	1016.48	18.19	16.0	10.88	7.13	3.38
1696082160.0	0.36	0.36	100.0	15.53	83.6	0	0	1016.48	18.27	16.0	10.88	7.13	3.34
1696082220.0	0.36	0.36	100.0	15.55	83.2	0	0	1016.49	18.36	16.0	10.88	7.13	3.3
1696082280.0	0.41	0.41	100.0	15.58	82.8	0	0	1016.49	18.45	16.0	5.88	7.13	3.26
1696082340.0	0.41	0.41	100.0	15.6	82.4	0	0	1016.5	18.54	16.0	5.88	7.13	3.23
1696082400.0	0.41	0.41	100.0	15.63	82.0	0	0	1016.5	18.63	16.0	5.88	7.13	3.19
1696082460.0	0.41	0.41	99.4	15.63	81.8	0	0	1016.51	18.64	16.0	5.88	7.13	3.19
1696082520.0	0.41	0.41	98.8	15.63	81.6	0	0	1016.52	18.65	16.0	5.88	7.13	3.19
1696082580.0	0.42	0.42	98.2	15.63	81.4	0	0	1016.52	18.66	16.0	5.69	7.13	3.19
1696082640.0	0.42	0.42	97.6	15.63	81.2	0	0	1016.53	18.68	16.0	5.69	7.13	3.19
1696082700.0	0.42	0.42	97.0	15.63	81.0	0	0	1016.54	18.69	16.0	5.69	7.13	3.19
1696082760.0	0.42	0.42	96.2	15.63	81.0	0	0	1016.55	18.71	16.0	5.69	7.13	3.19
1696082820.0	0.42	0.42	95.4	15.63	81.0	0	0	1016.56	18.74	16.0	5.69	7.13	3.19
1696082880.0	0.43	0.43	94.6	15.63	81.0	0	0	1016.57	18.76	16.0	5.63	7.13	3.19
1696082940.0	0.43	0.43	93.8	15.63	81.0	0	0	1016.57	18.79	16.0	5.63	7.13	3.19
1696083000.0	0.43	0.43	93.0	15.63	81.0	0	0	1016.58	18.81	16.0	5.63	7.13	3.19
1696083060.0	0.43	0.43	92.4	15.63	80.8	0	0	1016.59	18.83	16.0	5.63	7.13	3.19
1696083120.0	0.43	0.43	91.8	15.63	80.6	0	0	1016.6	18.84	16.0	5.63	7.13	3.19
1696083180.0	0.44	0.44	91.2	15.63	80.4	0	0	1016.61	18.85	16.0	7.19	7.13	3.19
1696083240.0	0.44	0.44	90.6	15.63	80.2	0	0	1016.62	18.86	16.0	7.19	7.13	3.19
1696083300.0	0.44	0.44	90.0	15.63	80.0	0	0	1016.62	18.88	16.0	7.19	7.13	3.19
1696083360.0	0.44	0.44	89.4	15.64	79.8	0	0	1016.63	18.93	16.0	7.19	7.13	3.18
1696083420.0	0.44	0.44	88.8	15.65	79.6	0	0	1016.64	18.98	16.0	7.19	7.13	3.16
1696083480.0	0.46	0.46	88.2	15.66	79.4	0	0	1016.65	19.02	16.0	20.19	7.13	3.15
1696083540.0	0.46	0.46	87.6	15.68	79.2	0	0	1016.66	19.08	16.0	20.19	7.13	3.14
1696083600.0	0.46	0.46	87.0	15.69	79.0	0	0	1016.67	19.13	16.0	20.19	7.13	3.13
1696083660.0	0.46	0.46	86.2	15.69	79.0	0	0	1016.67	19.14	16.0	20.19	7.13	3.14
1696083720.0	0.46	0.46	85.4	15.69	79.0	0	0	1016.68	19.15	16.0	20.19	7.13	3.15
1696083780.0	0.47	0.47	84.6	15.69	79.0	0	0	1016.69	19.16	16.0	20.13	7.13	3.16
1696083840.0	0.47	0.47	83.8	15.69	79.0	0	0	1016.7	19.18	16.0	20.13	7.13	3.18
1696083900.0	0.47	0.47	83.0	15.69	79.0	0	0	1016.71	19.19	16.0	20.13	7.13	3.19
1696083960.0	0.47	0.47	82.4	15.69	79.0	0	0	1016.72	19.21	16.0	20.13	7.13	3.19
1696084020.0	0.47	0.47	81.8	15.69	79.0	0	0	1016.72	19.24	16.0	20.13	7.13	3.19
1696084080.0	0.48	0.48	81.2	15.69	79.0	0	0	1016.73	19.26	16.0	19.13	7.13	3.19
1696084140.0	0.48	0.48	80.6	15.69	79.0	0	0	1016.74	19.29	16.0	19.13	7.13	3.19
1696084200.0	0.48	0.48	80.0	15.69	79.0	0	0	1016.75	19.31	16.0	19.13	7.13	3.19
1696084260.0	0.48	0.48	79.4	15.69	79.0	0	0	1016.76	19.31	16.0	19.13	7.24	3.23
1696084320.0	0.48	0.48	78.8	15.69	79.0	0	0	1016.77	19.31	16.0	19.13	7.35	3.26
1696084380.0	0.49	0.49	78.2	15.69	79.0	0	0	1016.77	19.31	16.0	16.81	7.46	3.3
1696084440.0	0.49	0.49	77.6	15.69	79.0	0	0	1016.78	19.31	16.0	16.81	7.58	3.34
1696084500.0	0.49	0.49	77.0	15.69	79.0	0	0	1016.79	19.31	16.0	16.81	7.69	3.38
1696084560.0	0.49	0.49	76.2	15.69	79.0	0	0	1016.8	19.35	16.0	16.81	7.73	3.46
1696084620.0	0.49	0.49	75.4	15.69	79.0	0	0	1016.81	19.39	16.0	16.81	7.76	3.55
1696084680.0	0.48	0.48	74.6	15.69	79.0	0	0	1016.82	19.43	16.0	359.0	7.8	3.64
1696084740.0	0.48	0.48	73.8	15.69	79.0	0	0	1016.82	19.46	16.0	359.0	7.84	3.73
1696084800.0	0.48	0.48	73.0	15.69	79.0	0	0	1016.83	19.5	16.0	359.0	7.88	3.81
1696084860.0	0.48	0.48	72.4	15.69	78.8	0	0	1016.84	19.52	16.0	359.0	7.9	3.83
1696084920.0	0.48	0.48	71.8	15.69	78.6	0	0	1016.85	19.55	16.0	359.0	7.93	3.84
1696084980.0	0.49	0.49	71.2	15.69	78.4	0	0	1016.86	19.58	16.0	0.5	7.95	3.85
1696085040.0	0.49	0.49	70.6	15.69	78.2	0	0	1016.87	19.6	16.0	0.5	7.98	3.86
1696085100.0	0.49	0.49	70.0	15.69	78.0	0	0	1016.87	19.63	16.0	0.5	8.0	3.88
1696085160.0	0.49	0.49	69.2	15.69	78.0	0	0	1016.88	19.64	16.0	0.5	8.04	3.9
1696085220.0	0.49	0.49	68.4	15.69	78.0	0	0	1016.89	19.65	16.0	0.5	8.07	3.93
1696085280.0	0.5	0.5	67.6	15.69	78.0	0	0	1016.9	19.66	16.0	1.88	8.11	3.95
1696085340.0	0.5	0.5	66.8	15.69	78.0	0	0	1016.91	19.68	16.0	1.88	8.15	3.98
1696085400.0	0.5	0.5	66.0	15.69	78.0	0	0	1016.92	19.69	16.0	1.88	8.19	4.0
1696085460.0	0.5	0.5	65.4	15.69	78.0	0	0	1016.92	19.69	16.0	1.88	8.23	4.0
1696085520.0	0.5	0.5	64.8	15.69	78.0	0	0	1016.93	19.69	16.0	1.88	8.26	4.0
1696085580.0	0.5	0.5	64.2	15.69	78.0	0	0	1016.94	19.69	16.0	2.38	8.3	4.0
1696085640.0	0.5	0.5	63.6	15.69	78.0	0	0	1016.95	19.69	16.0	2.38	8.34	4.0
1696085700.0	0.5	0.5	63.0	15.69	78.0	0	0	1016.96	19.69	16.0	2.38	8.38	4.0
1696085760.0	0.5	0.5	62.2	15.71	77.6	0	0	1016.97	19.73	16.0	2.38	8.4	4.03
1696085820.0	0.5	0.5	61.4	15.74	77.2	0	0	1016.97	19.76	16.0	2.38	8.43	4.05
1696085880.0	0.54	0.54	60.6	15.76	76.8	0	0	1016.98	19.8	16.0	4.81	8.45	4.08
1696085940.0	0.54	0.54	59.8	15.79	76.4	0	0	1016.99	19.84	16.0	4.81	8.48	4.1
1696086000.0	0.54	0.54	59.0	15.81	76.0	0	0	1017.0	19.88	16.0	4.81	8.5	4.13
1696086060.0	0.54	0.54	59.6	15.81	76.0	0	0	1016.99	19.88	16.0	4.81	8.48	4.13
1696086120.0	0.54	0.54	60.2	15.81	76.0	0	0	1016.99	19.88	16.0	4.81	8.45	4.13
1696086180.0	0.54	0.54	60.8	15.81	76.0	0	0	1016.98	19.88	16.0	5.38	8.43	4.13
1696086240.0	0.54	0.54	61.4	15.81	76.0	0	0	1016.98	19.88	16.0	5.38	8.4	4.13
1696086300.0	0.54	0.54	62.0	15.81	76.0	0	0	1016.97	19.88	16.0	5.38	8.38	4.13
1696086360.0	0.54	0.54	62.8	15.83	76.0	0	0	1016.96	19.9	16.0	5.38	8.36	4.13
1696086420.0	0.54	0.54	63.6	15.84	76.0	0	0	1016.96	19.93	16.0	5.38	8.35	4.13
1696086480.0	0.54	0.54	64.4	15.85	76.0	0	0	1016.95	19.95	16.0	5.19	8.34	4.13
1696086540.0	0.54	0.54	65.2	15.86	76.0	0	0	1016.95	19.98	16.0	5.19	8.32	4.13
1696086600.0	0.54	0.54	66.0	15.88	76.0	0	0	1016.94	20.0	16.0	5.19	8.31	4.13
1696086660.0	0.54	0.54	66.6	15.88	76.0	0	0	1016.93	20.0	16.0	5.19	8.29	4.13
1696086720.0	0.54	0.54	67.2	15.88	76.0	0	0	1016.93	20.0	16.0	5.19	8.26	4.13
1696086780.0	0.54	0.54	67.8	15.88	76.0	0	0	1016.92	20.0	16.0	5.0	8.24	4.13
1696086840.0	0.54	0.54	68.4	15.88	76.0	0	0	1016.92	20.0	16.0	5.0	8.21	4.13
1696086900.0	0.54	0.54	69.0	15.88	76.0	0	0	1016.91	20.0	16.0	5.0	8.19	4.13
1696086960.0	0.54	0.54	69.6	15.88	75.8	0	0	1016.9	20.02	16.0	5.0	8.19	4.04
1696087020.0	0.54	0.54	70.2	15.88	75.6	0	0	1016.9	20.05	16.0	5.0	8.19	3.95
1696087080.0	0.57	0.57	70.8	15.88	75.4	0	0	1016.89	20.08	16.0	9.13	8.19	3.86
1696087140.0	0.57	0.57	71.4	15.88	75.2	0	0	1016.89	20.1	16.0	9.13	8.19	3.78
1696087200.0	0.57	0.57	72.0	15.88	75.0	0	0	1016.88	20.13	16.0	9.13	8.19	3.69
1696087260.0	0.57	0.57	72.8	15.88	75.0	0	0	1016.87	20.14	16.0	9.13	8.18	3.69
1696087320.0	0.57	0.57	73.6	15.88	75.0	0	0	1016.87	20.15	16.0	9.13	8.16	3.69
1696087380.0	0.57	0.57	74.4	15.88	75.0	0	0	1016.86	20.16	16.0	8.88	8.15	3.69
1696087440.0	0.57	0.57	75.2	15.88	75.0	0	0	1016.86	20.18	16.0	8.88	8.14	3.69
1696087500.0	0.57	0.57	76.0	15.88	75.0	0	0	1016.85	20.19	16.0	8.88	8.13	3.69
1696087560.0	0.57	0.57	80.8	15.84	75.4	0	0	1016.84	20.09	16.0	8.88	7.86	3.65
1696087620.0	0.57	0.57	85.6	15.8	75.8	0	0	1016.84	19.99	16.0	8.88	7.6	3.61
1696087680.0	0.53	0.53	90.4	15.76	76.2	0	0	1016.83	19.89	16.0	4.31	7.34	3.58
1696087740.0	0.53	0.53	95.2	15.73	76.6	0	0	1016.83	19.79	16.0	4.31	7.08	3.54
1696087800.0	0.53	0.53	100.0	15.69	77.0	0	0	1016.82	19.69	16.0	4.31	6.81	3.5
1696087860.0	0.53	0.53	100.0	15.71	77.0	0	0	1016.81	19.71	16.0	4.31	6.83	3.46
1696087920.0	0.53	0.53	100.0	15.74	77.0	0	0	1016.81	19.74	16.0	4.31	6.84	3.43
1696087980.0	0.54	0.54	100.0	15.76	77.0	0	0	1016.8	19.76	16.0	355.19	6.85	3.39
1696088040.0	0.54	0.54	100.0	15.79	77.0	0	0	1016.8	19.79	16.0	355.19	6.86	3.35
1696088100.0	0.54	0.54	100.0	15.81	77.0	0	0	1016.79	19.81	16.0	355.19	6.88	3.31
1696088160.0	0.54	0.54	100.0	15.81	76.8	0	0	1016.78	19.83	16.0	355.19	6.88	3.33
1696088220.0	0.54	0.54	100.0	15.81	76.6	0	0	1016.78	19.84	16.0	355.19	6.88	3.34
1696088280.0	0.54	0.54	100.0	15.81	76.4	0	0	1016.77	19.85	16.0	355.0	6.88	3.35
1696088340.0	0.54	0.54	100.0	15.81	76.2	0	0	1016.77	19.86	16.0	355.0	6.88	3.36
1696088400.0	0.54	0.54	100.0	15.81	76.0	0	0	1016.76	19.88	16.0	355.0	6.88	3.38
1696088460.0	0.54	0.54	100.0	15.81	76.0	0	0	1016.75	19.88	16.0	355.0	6.88	3.38
1696088520.0	0.54	0.54	100.0	15.81	76.0	0	0	1016.75	19.88	16.0	355.0	6.88	3.38
1696088580.0	0.55	0.55	100.0	15.81	76.0	0	0	1016.74	19.88	16.0	354.81	6.88	3.38
1696088640.0	0.55	0.55	100.0	15.81	76.0	0	0	1016.74	19.88	16.0	354.81	6.88	3.38
1696088700.0	0.55	0.55	100.0	15.81	76.0	0	0	1016.73	19.88	16.0	354.81	6.88	3.38
1696088760.0	0.55	0.55	100.0	15.81	76.0	0	0	1016.72	19.9	16.0	354.81	6.9	3.38
1696088820.0	0.55	0.55	100.0	15.81	76.0	0	0	1016.72	19.93	16.0	354.81	6.93	3.38
1696088880.0	0.55	0.55	100.0	15.81	76.0	0	0	1016.71	19.95	16.0	354.63	6.95	3.38
1696088940.0	0.55	0.55	100.0	15.81	76.0	0	0	1016.71	19.98	16.0	354.63	6.98	3.38
1696089000.0	0.55	0.55	100.0	15.81	76.0	0	0	1016.7	20.0	16.0	354.63	7.0	3.38
1696089060.0	0.55	0.55	100.0	15.83	76.0	0	0	1016.69	20.0	16.0	354.63	7.0	3.4
1696089120.0	0.55	0.55	100.0	15.84	76.0	0	0	1016.69	20.0	16.0	354.63	7.0	3.43
1696089180.0	0.55	0.55	100.0	15.85	76.0	0	0	1016.68	20.0	16.0	354.5	7.0	3.45
1696089240.0	0.55	0.55	100.0	15.86	76.0	0	0	1016.68	20.0	16.0	354.5	7.0	3.48
1696089300.0	0.55	0.55	100.0	15.88	76.0	0	0	1016.67	20.0	16.0	354.5	7.0	3.5
1696089360.0	0.55	0.55	100.0	15.88	75.8	0	0	1016.66	20.04	16.0	354.5	7.0	3.46
1696089420.0	0.55	0.55	100.0	15.88	75.6	0	0	1016.66	20.08	16.0	354.5	7.0	3.43
1696089480.0	0.57	0.57	100.0	15.88	75.4	0	0	1016.65	20.11	16.0	3.13	7.0	3.39
1696089540.0	0.57	0.57	100.0	15.88	75.2	0	0	1016.65	20.15	16.0	3.13	7.0	3.35
1696089600.0	0.57	0.57	100.0	15.88	75.0	0	0	1016.64	20.19	16.0	3.13	7.0	3.31
1696089660.0	0.57	0.57	100.0	15.88	75.0	0	0	1016.65	20.19	16.0	3.13	7.0	3.31
1696089720.0	0.57	0.57	100.0	15.88	75.0	0	0	1016.66	20.19	16.0	3.13	7.0	3.31
1696089780.0	0.58	0.58	100.0	15.88	75.0	0	0	1016.67	20.19	16.0	3.5	7.0	3.31
1696089840.0	0.58	0.58	100.0	15.88	75.0	0	0	1016.68	20.19	16.0	3.5	7.0	3.31
1696089900.0	0.58	0.58	100.0	15.88	75.0	0	0	1016.69	20.19	16.0	3.5	7.0	3.31
1696089960.0	0.58	0.58	100.0	15.88	75.0	0	0	1016.7	20.19	16.0	3.5	7.0	3.31
1696090020.0	0.58	0.58	100.0	15.88	75.0	0	0	1016.7	20.19	16.0	3.5	7.0	3.31
1696090080.0	0.58	0.58	100.0	15.88	75.0	0	0	1016.71	20.19	16.0	3.88	7.0	3.31
1696090140.0	0.58	0.58	100.0	15.88	75.0	0	0	1016.72	20.19	16.0	3.88	7.0	3.31
1696090200.0	0.58	0.58	100.0	15.88	75.0	0	0	1016.73	20.19	16.0	3.88	7.0	3.31
1696090260.0	0.58	0.58	100.0	15.88	75.0	0	0	1016.74	20.21	16.0	3.88	7.0	3.29
1696090320.0	0.58	0.58	100.0	15.88	75.0	0	0	1016.75	20.24	16.0	3.88	7.0	3.26
1696090380.0	0.57	0.57	100.0	15.88	75.0	0	0	1016.76	20.26	16.0	4.19	7.0	3.24
1696090440.0	0.57	0.57	100.0	15.88	75.0	0	0	1016.77	20.29	16.0	4.19	7.0	3.21
1696090500.0	0.57	0.57	100.0	15.88	75.0	0	0	1016.78	20.31	16.0	4.19	7.0	3.19
1696090560.0	0.57	0.57	99.8	15.9	74.8	0	0	1016.79	20.38	16.0	4.19	6.98	3.19
1696090620.0	0.57	0.57	99.6	15.93	74.6	0	0	1016.8	20.44	16.0	4.19	6.95	3.19
1696090680.0	0.61	0.61	99.4	15.95	74.4	0	0	1016.81	20.5	16.0	3.81	6.93	3.19
1696090740.0	0.61	0.61	99.2	15.98	74.2	0	0	1016.82	20.56	16.0	3.81	6.9	3.19
1696090800.0	0.61	0.61	99.0	16.0	74.0	0	0	1016.83	20.63	16.0	3.81	6.88	3.19
1696090860.0	0.61	0.61	99.0	16.0	74.0	0	0	1016.84	20.63	16.0	3.81	6.86	3.19
1696090920.0	0.61	0.61	99.0	16.0	74.0	0	0	1016.84	20.63	16.0	3.81	6.85	3.19
1696090980.0	0.61	0.61	99.0	16.0	74.0	0	0	1016.85	20.63	16.0	4.19	6.84	3.19
1696091040.0	0.61	0.61	99.0	16.0	74.0	0	0	1016.86	20.63	16.0	4.19	6.83	3.19
1696091100.0	0.61	0.61	99.0	16.0	74.0	0	0	1016.87	20.63	16.0	4.19	6.81	3.19
1696091160.0	0.61	0.61	98.8	16.0	74.0	0	0	1016.88	20.63	16.0	4.19	6.83	3.19
1696091220.0	0.61	0.61	98.6	16.0	74.0	0	0	1016.89	20.63	16.0	4.19	6.84	3.19
1696091280.0	0.61	0.61	98.4	16.0	74.0	0	0	1016.9	20.63	16.0	4.63	6.85	3.19
1696091340.0	0.61	0.61	98.2	16.0	74.0	0	0	1016.91	20.63	16.0	4.63	6.86	3.19
1696091400.0	0.61	0.61	98.0	16.0	74.0	0	0	1016.92	20.63	16.0	4.63	6.88	3.19
1696091460.0	0.61	0.61	98.4	16.0	74.0	0	0	1016.93	20.6	16.0	4.63	6.78	3.18
1696091520.0	0.61	0.61	98.8	16.0	74.0	0	0	1016.94	20.58	16.0	4.63	6.68	3.16
1696091580.0	0.6	0.6	99.2	16.0	74.0	0	0	1016.95	20.55	16.0	14.63	6.58	3.15
1696091640.0	0.6	0.6	99.6	16.0	74.0	0	0	1016.96	20.53	16.0	14.63	6.48	3.14
1696091700.0	0.6	0.6	100.0	16.0	74.0	0	0	1016.97	20.5	16.0	14.63	6.38	3.13
1696091760.0	0.6	0.6	100.0	16.0	74.0	0	0	1016.98	20.5	16.0	14.63	6.38	3.23
1696091820.0	0.6	0.6	100.0	16.0	74.0	0	0	1016.98	20.5	16.0	14.63	6.38	3.33
1696091880.0	0.6	0.6	100.0	16.0	74.0	0	0	1016.99	20.5	16.0	10.88	6.38	3.43
1696091940.0	0.6	0.6	100.0	16.0	74.0	0	0	1017.0	20.5	16.0	10.88	6.38	3.53
1696092000.0	0.6	0.6	100.0	16.0	74.0	0	0	1017.01	20.5	16.0	10.88	6.38	3.63
1696092060.0	0.6	0.6	100.0	15.98	74.0	0	0	1017.02	20.53	16.0	10.88	6.38	3.63
1696092120.0	0.6	0.6	100.0	15.95	74.0	0	0	1017.03	20.55	16.0	10.88	6.38	3.63
1696092180.0	0.6	0.6	100.0	15.93	74.0	0	0	1017.04	20.58	16.0	11.69	6.38	3.63
1696092240.0	0.6	0.6	100.0	15.9	74.0	0	0	1017.05	20.6	16.0	11.69	6.38	3.63
1696092300.0	0.6	0.6	100.0	15.88	74.0	0	0	1017.06	20.63	16.0	11.69	6.38	3.63
1696092360.0	0.6	0.6	100.0	15.88	74.0	0	0	1017.07	20.63	16.0	11.69	6.38	3.63
1696092420.0	0.6	0.6	100.0	15.88	74.0	0	0	1017.08	20.63	16.0	11.69	6.38	3.63
1696092480.0	0.61	0.61	100.0	15.88	74.0	0	0	1017.09	20.63	16.0	13.19	6.38	3.63
1696092540.0	0.61	0.61	100.0	15.88	74.0	0	0	1017.1	20.63	16.0	13.19	6.38	3.63
1696092600.0	0.61	0.61	100.0	15.88	74.0	0	0	1017.11	20.63	16.0	13.19	6.38	3.63
1696092660.0	0.61	0.61	100.0	15.88	74.0	0	0	1017.12	20.63	16.0	13.19	6.36	3.63
1696092720.0	0.61	0.61	100.0	15.88	74.0	0	0	1017.12	20.63	16.0	13.19	6.35	3.63
1696092780.0	0.61	0.61	100.0	15.88	74.0	0	0	1017.13	20.63	16.0	13.88	6.34	3.63
1696092840.0	0.61	0.61	100.0	15.88	74.0	0	0	1017.14	20.63	16.0	13.88	6.33	3.63
1696092900.0	0.61	0.61	100.0	15.88	74.0	0	0	1017.15	20.63	16.0	13.88	6.31	3.63
1696092960.0	0.61	0.61	100.0	15.93	73.6	0	0	1017.16	20.73	16.0	13.88	6.31	3.58
1696093020.0	0.61	0.61	100.0	15.98	73.2	0	0	1017.17	20.83	16.0	13.88	6.31	3.53
1696093080.0	0.66	0.66	100.0	16.02	72.8	0	0	1017.18	20.93	16.0	32.19	6.31	3.48
1696093140.0	0.66	0.66	100.0	16.08	72.4	0	0	1017.19	21.03	16.0	32.19	6.31	3.43
1696093200.0	0.66	0.66	100.0	16.13	72.0	0	0	1017.2	21.13	16.0	32.19	6.31	3.38
1696093260.0	0.66	0.66	99.2	16.13	72.0	0	0	1017.19	21.14	16.0	32.19	6.31	3.36
1696093320.0	0.66	0.66	98.4	16.13	72.0	0	0	1017.19	21.15	16.0	32.19	6.31	3.35
1696093380.0	0.66	0.66	97.6	16.13	72.0	0	0	1017.18	21.16	16.0	31.81	6.31	3.34
1696093440.0	0.66	0.66	96.8	16.13	72.0	0	0	1017.18	21.18	16.0	31.81	6.31	3.33
1696093500.0	0.66	0.66	96.0	16.13	72.0	0	0	1017.17	21.19	16.0	31.81	6.31	3.31
1696093560.0	0.66	0.66	95.4	16.13	72.0	0	0	1017.16	21.19	16.0	31.81	6.31	3.31
1696093620.0	0.66	0.66	94.8	16.13	72.0	0	0	1017.16	21.19	16.0	31.81	6.31	3.31
1696093680.0	0.66	0.66	94.2	16.13	72.0	0	0	1017.15	21.19	16.0	31.38	6.31	3.31
1696093740.0	0.66	0.66	93.6	16.13	72.0	0	0	1017.15	21.19	16.0	31.38	6.31	3.31
1696093800.0	0.66	0.66	93.0	16.13	72.0	0	0	1017.14	21.19	16.0	31.38	6.31	3.31
1696093860.0	0.66	0.66	92.2	16.13	72.0	0	0	1017.13	21.21	16.0	31.38	6.31	3.31
1696093920.0	0.66	0.66	91.4	16.13	72.0	0	0	1017.13	21.24	16.0	31.38	6.31	3.31
1696093980.0	0.67	0.67	90.6	16.13	72.0	0	0	1017.12	21.26	16.0	31.69	6.31	3.31
1696094040.0	0.67	0.67	89.8	16.13	72.0	0	0	1017.12	21.29	16.0	31.69	6.31	3.31
1696094100.0	0.67	0.67	89.0	16.13	72.0	0	0	1017.11	21.31	16.0	31.69	6.31	3.31
1696094160.0	0.67	0.67	88.2	16.08	71.8	0	0	1017.1	21.31	16.0	31.69	6.31	3.39
1696094220.0	0.67	0.67	87.4	16.02	71.6	0	0	1017.1	21.31	16.0	31.69	6.31	3.46
1696094280.0	0.7	0.7	86.6	15.98	71.4	0	0	1017.09	21.31	16.0	18.0	6.31	3.54
1696094340.0	0.7	0.7	85.8	15.93	71.2	0	0	1017.09	21.31	16.0	18.0	6.31	3.61
1696094400.0	0.7	0.7	85.0	15.88	71.0	0	0	1017.08	21.31	16.0	18.0	6.31	3.69
1696094460.0	0.7	0.7	84.4	15.88	71.0	0	0	1017.07	21.31	16.0	18.0	6.31	3.69
1696094520.0	0.7	0.7	83.8	15.88	71.0	0	0	1017.07	21.31	16.0	18.0	6.31	3.69
1696094580.0	0.71	0.71	83.2	15.88	71.0	0	0	1017.06	21.31	16.0	17.5	6.31	3.69
1696094640.0	0.71	0.71	82.6	15.88	71.0	0	0	1017.06	21.31	16.0	17.5	6.31	3.69
1696094700.0	0.71	0.71	82.0	15.88	71.0	0	0	1017.05	21.31	16.0	17.5	6.31	3.69
1696094760.0	0.71	0.71	81.2	15.88	71.0	0	0	1017.04	21.33	16.0	17.5	6.29	3.68
1696094820.0	0.71	0.71	80.4	15.88	71.0	0	0	1017.04	21.34	16.0	17.5	6.26	3.66
1696094880.0	0.71	0.71	79.6	15.88	71.0	0	0	1017.03	21.35	16.0	17.0	6.24	3.65
1696094940.0	0.71	0.71	78.8	15.88	71.0	0	0	1017.03	21.36	16.0	17.0	6.21	3.64
1696095000.0	0.71	0.71	78.0	15.88	71.0	0	0	1017.02	21.38	16.0	17.0	6.19	3.63
1696095060.0	0.71	0.71	77.2	15.88	70.8	0	0	1017.01	21.38	16.0	17.0	6.19	3.63
1696095120.0	0.71	0.71	76.4	15.88	70.6	0	0	1017.01	21.38	16.0	17.0	6.19	3.63
1696095180.0	0.71	0.71	75.6	15.88	70.4	0	0	1017.0	21.38	16.0	16.38	6.19	3.63
1696095240.0	0.71	0.71	74.8	15.88	70.2	0	0	1017.0	21.38	16.0	16.38	6.19	3.63
1696095300.0	0.71	0.71	74.0	15.88	70.0	0	0	1016.99	21.38	16.0	16.38	6.19	3.63
1696095360.0	0.71	0.71	73.4	15.88	69.8	0	0	1016.98	21.43	16.0	16.38	6.19	3.56
1696095420.0	0.71	0.71	72.8	15.88	69.6	0	0	1016.98	21.48	16.0	16.38	6.19	3.5
1696095480.0	0.75	0.75	72.2	15.88	69.4	0	0	1016.97	21.53	16.0	15.81	6.19	3.44
1696095540.0	0.75	0.75	71.6	15.88	69.2	0	0	1016.97	21.58	16.0	15.81	6.19	3.38
1696095600.0	0.75	0.75	71.0	15.88	69.0	0	0	1016.96	21.63	16.0	15.81	6.19	3.31
1696095660.0	0.75	0.75	74.2	15.96	69.4	0	0	1016.95	21.6	16.0	15.81	6.09	3.23
1696095720.0	0.75	0.75	77.4	16.05	69.8	0	0	1016.95	21.58	16.0	15.81	5.99	3.14
1696095780.0	0.69	0.69	80.6	16.14	70.2	0	0	1016.94	21.55	16.0	12.38	5.89	3.05
1696095840.0	0.69	0.69	83.8	16.23	70.6	0	0	1016.94	21.53	16.0	12.38	5.79	2.96
1696095900.0	0.69	0.69	87.0	16.31	71.0	0	0	1016.93	21.5	16.0	12.38	5.69	2.88
1696095960.0	0.69	0.69	86.6	16.31	71.0	0	0	1016.92	21.53	16.0	12.38	5.69	2.88
1696096020.0	0.69	0.69	86.2	16.31	71.0	0	0	1016.92	21.55	16.0	12.38	5.69	2.88
1696096080.0	0.7	0.7	85.8	16.31	71.0	0	0	1016.91	21.58	16.0	12.0	5.69	2.88
1696096140.0	0.7	0.7	85.4	16.31	71.0	0	0	1016.91	21.6	16.0	12.0	5.69	2.88
1696096200.0	0.7	0.7	85.0	16.31	71.0	0	0	1016.9	21.63	16.0	12.0	5.69	2.88
1696096260.0	0.7	0.7	84.8	16.31	71.0	0	0	1016.89	21.63	16.0	12.0	5.71	2.88
1696096320.0	0.7	0.7	84.6	16.31	71.0	0	0	1016.89	21.63	16.0	12.0	5.74	2.88
1696096380.0	0.7	0.7	84.4	16.31	71.0	0	0	1016.88	21.63	16.0	11.5	5.76	2.88
1696096440.0	0.7	0.7	84.2	16.31	71.0	0	0	1016.88	21.63	16.0	11.5	5.79	2.88
1696096500.0	0.7	0.7	84.0	16.31	71.0	0	0	1016.87	21.63	16.0	11.5	5.81	2.88
1696096560.0	0.7	0.7	83.6	16.35	71.0	0	0	1016.86	21.68	16.0	11.5	5.83	2.88
1696096620.0	0.7	0.7	83.2	16.39	71.0	0	0	1016.86	21.73	16.0	11.5	5.84	2.88
1696096680.0	0.71	0.71	82.8	16.43	71.0	0	0	1016.85	21.78	16.0	10.19	5.85	2.88
1696096740.0	0.71	0.71	82.4	16.46	71.0	0	0	1016.85	21.83	16.0	10.19	5.86	2.88
1696096800.0	0.71	0.71	82.0	16.5	71.0	0	0	1016.84	21.88	16.0	10.19	5.88	2.88
1696096860.0	0.71	0.71	81.4	16.48	70.8	0	0	1016.83	21.9	16.0	10.19	5.9	2.88
1696096920.0	0.71	0.71	80.8	16.45	70.6	0	0	1016.82	21.93	16.0	10.19	5.93	2.88
1696096980.0	0.72	0.72	80.2	16.43	70.4	0	0	1016.81	21.95	16.0	10.88	5.95	2.88
1696097040.0	0.72	0.72	79.6	16.4	70.2	0	0	1016.8	21.98	16.0	10.88	5.98	2.88
1696097100.0	0.72	0.72	79.0	16.38	70.0	0	0	1016.79	22.0	16.0	10.88	6.0	2.88
1696097160.0	0.72	0.72	78.6	16.38	70.0	0	0	1016.78	22.0	16.0	10.88	6.0	2.9
1696097220.0	0.72	0.72	78.2	16.38	70.0	0	0	1016.76	22.0	16.0	10.88	6.0	2.93
1696097280.0	0.73	0.73	77.8	16.38	70.0	0	0	1016.75	22.0	16.0	12.31	6.0	2.95
1696097340.0	0.73	0.73	77.4	16.38	70.0	0	0	1016.74	22.0	16.0	12.31	6.0	2.98
1696097400.0	0.73	0.73	77.0	16.38	70.0	0	0	1016.73	22.0	16.0	12.31	6.0	3.0
1696097460.0	0.73	0.73	76.4	16.36	69.8	0	0	1016.72	22.03	16.0	12.31	6.03	3.0
1696097520.0	0.73	0.73	75.8	16.35	69.6	0	0	1016.71	22.05	16.0	12.31	6.05	3.0
1696097580.0	0.75	0.75	75.2	16.34	69.4	0	0	1016.7	22.08	16.0	12.81	6.08	3.0
1696097640.0	0.75	0.75	74.6	16.33	69.2	0	0	1016.69	22.1	16.0	12.81	6.1	3.0
1696097700.0	0.75	0.75	74.0	16.31	69.0	0	0	1016.68	22.13	16.0	12.81	6.13	3.0
1696097760.0	0.75	0.75	73.4	16.29	68.8	0	0	1016.67	22.13	16.0	12.81	6.14	3.03
1696097820.0	0.75	0.75	72.8	16.26	68.6	0	0	1016.66	22.13	16.0	12.81	6.15	3.05
1696097880.0	0.77	0.77	72.2	16.24	68.4	0	0	1016.65	22.13	16.0	23.88	6.16	3.08
1696097940.0	0.77	0.77	71.6	16.21	68.2	0	0	1016.64	22.13	16.0	23.88	6.18	3.1
1696098000.0	0.77	0.77	71.0	16.19	68.0	0	0	1016.63	22.13	16.0	23.88	6.19	3.13
1696098060.0	0.77	0.77	70.4	16.19	68.0	0	0	1016.62	22.14	16.0	23.88	6.23	3.14
1696098120.0	0.77	0.77	69.8	16.19	68.0	0	0	1016.6	22.15	16.0	23.88	6.26	3.15
1696098180.0	0.79	0.79	69.2	16.19	68.0	0	0	1016.59	22.16	16.0	24.31	6.3	3.16
1696098240.0	0.79	0.79	68.6	16.19	68.0	0	0	1016.58	22.18	16.0	24.31	6.34	3.18
1696098300.0	0.79	0.79	68.0	16.19	68.0	0	0	1016.57	22.19	16.0	24.31	6.38	3.19
1696098360.0	0.79	0.79	71.6	16.31	68.8	0	0	1016.56	22.11	16.0	24.31	6.14	3.09
1696098420.0	0.79	0.79	75.2	16.44	69.6	0	0	1016.55	22.04	16.0	24.31	5.9	2.99
1696098480.0	0.67	0.67	78.8	16.56	70.4	0	0	1016.54	21.96	16.0	52.13	5.66	2.89
1696098540.0	0.67	0.67	82.4	16.69	71.2	0	0	1016.53	21.89	16.0	52.13	5.43	2.79
1696098600.0	0.67	0.67	86.0	16.81	72.0	0	0	1016.52	21.81	16.0	52.13	5.19	2.69
1696098660.0	0.67	0.67	85.6	16.75	71.8	0	0	1016.51	21.81	16.0	52.13	5.21	2.69
1696098720.0	0.67	0.67	85.2	16.69	71.6	0	0	1016.5	21.81	16.0	52.13	5.24	2.69
1696098780.0	0.7	0.7	84.8	16.63	71.4	0	0	1016.49	21.81	16.0	42.31	5.26	2.69
1696098840.0	0.7	0.7	84.4	16.56	71.2	0	0	1016.48	21.81	16.0	42.31	5.29	2.69
1696098900.0	0.7	0.7	84.0	16.5	71.0	0	0	1016.47	21.81	16.0	42.31	5.31	2.69
1696098960.0	0.7	0.7	83.6	16.56	71.2	0	0	1016.46	21.83	16.0	42.31	5.33	2.71
1696099020.0	0.7	0.7	83.2	16.63	71.4	0	0	1016.44	21.84	16.0	42.31	5.34	2.74
1696099080.0	0.67	0.67	82.8	16.69	71.6	0	0	1016.43	21.85	16.0	50.19	5.35	2.76
1696099140.0	0.67	0.67	82.4	16.75	71.8	0	0	1016.42	21.86	16.0	50.19	5.36	2.79
1696099200.0	0.67	0.67	82.0	16.81	72.0	0	0	1016.41	21.88	16.0	50.19	5.38	2.81
1696099260.0	0.67	0.67	81.8	16.81	72.0	0	0	1016.4	21.88	16.0	50.19	5.4	2.83
1696099320.0	0.67	0.67	81.6	16.81	72.0	0	0	1016.39	21.88	16.0	50.19	5.43	2.84
1696099380.0	0.68	0.68	81.4	16.81	72.0	0	0	1016.38	21.88	16.0	51.0	5.45	2.85
1696099440.0	0.68	0.68	81.2	16.81	72.0	0	0	1016.37	21.88	16.0	51.0	5.48	2.86
1696099500.0	0.68	0.68	81.0	16.81	72.0	0	0	1016.36	21.88	16.0	51.0	5.5	2.88
1696099560.0	0.68	0.68	80.6	16.81	72.0	0	0	1016.35	21.88	16.0	51.0	5.54	2.88
1696099620.0	0.68	0.68	80.2	16.81	72.0	0	0	1016.34	21.88	16.0	51.0	5.58	2.88
1696099680.0	0.68	0.68	79.8	16.81	72.0	0	0	1016.33	21.88	16.0	50.19	5.61	2.88
1696099740.0	0.68	0.68	79.4	16.81	72.0	0	0	1016.32	21.88	16.0	50.19	5.65	2.88
1696099800.0	0.68	0.68	79.0	16.81	72.0	0	0	1016.31	21.88	16.0	50.19	5.69	2.88
1696099860.0	0.68	0.68	78.6	16.81	71.8	0	0	1016.3	21.96	16.0	50.19	5.71	2.84
1696099920.0	0.68	0.68	78.2	16.81	71.6	0	0	1016.28	22.05	16.0	50.19	5.74	2.8
1696099980.0	0.71	0.71	77.8	16.81	71.4	0	0	1016.27	22.14	16.0	58.31	5.76	2.76
1696100040.0	0.71	0.71	77.4	16.81	71.2	0	0	1016.26	22.23	16.0	58.31	5.79	2.73
1696100100.0	0.71	0.71	77.0	16.81	71.0	0	0	1016.25	22.31	16.0	58.31	5.81	2.69
1696100160.0	0.71	0.71	76.8	16.83	70.8	0	0	1016.24	22.31	16.0	58.31	5.83	2.71
1696100220.0	0.71	0.71	76.6	16.84	70.6	0	0	1016.23	22.31	16.0	58.31	5.84	2.74
1696100280.0	0.72	0.72	76.4	16.85	70.4	0	0	1016.22	22.31	16.0	59.38	5.85	2.76
1696100340.0	0.72	0.72	76.2	16.86	70.2	0	0	1016.21	22.31	16.0	59.38	5.86	2.79
1696100400.0	0.72	0.72	76.0	16.88	70.0	0	0	1016.2	22.31	16.0	59.38	5.88	2.81
1696100460.0	0.72	0.72	75.4	16.86	70.0	0	0	1016.19	22.33	16.0	59.38	5.88	2.81
1696100520.0	0.72	0.72	74.8	16.85	70.0	0	0	1016.18	22.34	16.0	59.38	5.88	2.81
1696100580.0	0.73	0.73	74.2	16.84	70.0	0	0	1016.18	22.35	16.0	58.19	5.88	2.81
1696100640.0	0.73	0.73	73.6	16.83	70.0	0	0	1016.17	22.36	16.0	58.19	5.88	2.81
1696100700.0	0.73	0.73	73.0	16.81	70.0	0	0	1016.16	22.38	16.0	58.19	5.88	2.81
1696100760.0	0.73	0.73	72.4	16.81	70.0	0	0	1016.15	22.38	16.0	58.19	5.9	2.83
1696100820.0	0.73	0.73	71.8	16.81	70.0	0	0	1016.14	22.38	16.0	58.19	5.93	2.84
1696100880.0	0.74	0.74	71.2	16.81	70.0	0	0	1016.14	22.38	16.0	55.38	5.95	2.85
1696100940.0	0.74	0.74	70.6	16.81	70.0	0	0	1016.13	22.38	16.0	55.38	5.98	2.86
1696101000.0	0.74	0.74	70.0	16.81	70.0	0	0	1016.12	22.38	16.0	55.38	6.0	2.88
1696101060.0	0.74	0.74	69.6	16.79	69.8	0	0	1016.11	22.4	16.0	55.38	6.03	2.88
1696101120.0	0.74	0.74	69.2	16.76	69.6	0	0	1016.1	22.43	16.0	55.38	6.05	2.88
1696101180.0	0.75	0.75	68.8	16.74	69.4	0	0	1016.1	22.45	16.0	54.31	6.08	2.88
1696101240.0	0.75	0.75	68.4	16.71	69.2	0	0	1016.09	22.48	16.0	54.31	6.1	2.88
1696101300.0	0.75	0.75	68.0	16.69	69.0	0	0	1016.08	22.5	16.0	54.31	6.13	2.88
1696101360.0	0.75	0.75	65.2	16.69	68.8	0	0	1016.07	22.53	16.0	54.31	6.13	2.98
1696101420.0	0.75	0.75	62.4	16.69	68.6	0	0	1016.06	22.55	16.0	54.31	6.13	3.08
1696101480.0	0.78	0.78	59.6	16.69	68.4	0	0	1016.06	22.58	16.0	38.38	6.13	3.18
1696101540.0	0.78	0.78	56.8	16.69	68.2	0	0	1016.05	22.6	16.0	38.38	6.13	3.28
1696101600.0	0.78	0.78	54.0	16.69	68.0	0	0	1016.04	22.63	16.0	38.38	6.13	3.38
1696101660.0	0.78	0.78	53.4	16.68	68.0	0	0	1016.03	22.64	16.0	38.38	6.14	3.4
1696101720.0	0.78	0.78	52.8	16.66	68.0	0	0	1016.02	22.65	16.0	38.38	6.15	3.43
1696101780.0	0.79	0.79	52.2	16.65	68.0	0	0	1016.02	22.66	16.0	37.38	6.16	3.45
1696101840.0	0.79	0.79	51.6	16.64	68.0	0	0	1016.01	22.68	16.0	37.38	6.18	3.48
1696101900.0	0.79	0.79	51.0	16.63	68.0	0	0	1016.0	22.69	16.0	37.38	6.19	3.5
1696101960.0	0.79	0.79	50.6	16.63	68.0	0	0	1015.99	22.69	16.0	37.38	6.19	3.5
1696102020.0	0.79	0.79	50.2	16.63	68.0	0	0	1015.98	22.69	16.0	37.38	6.19	3.5
1696102080.0	0.8		49.8	16.63	68.0	0	0	1015.98	22.69	16.0	37.38	6.19	3.5
1696102140.0	0.8		49.4	16.63	68.0	0	0	1015.97	22.69	16.0	37.38	6.19	3.5
1696102200.0	0.8		49.0	16.63	68.0	0	0	1015.96	22.69	16.0	37.38	6.19	3.5
1696102260.0	0.8		50.2	16.6	67.8	0	0	1015.95	22.69	16.0	37.38	6.08	3.4
1696102320.0	0.8		51.4	16.58	67.6	0	0	1015.94	22.69	16.0	37.38	5.96	3.3
1696102380.0	0.82	0.82	52.6	16.55	67.4	0	0	1015.94	22.69	16.0	39.13	5.85	3.2
1696102440.0	0.82	0.82	53.8	16.52	67.2	0	0	1015.93	22.69	16.0	39.13	5.74	3.1
1696102500.0	0.82	0.82	55.0	16.5	67.0	0	0	1015.92	22.69	16.0	39.13	5.63	3.0
1696102560.0	0.82	0.82	51.6	16.5	67.0	0	0	1015.91	22.69	16.0	39.13	5.64	2.86
1696102620.0	0.82	0.82	48.2	16.5	67.0	0	0	1015.9	22.69	16.0	39.13	5.65	2.73
1696102680.0	0.82		44.8	16.5	67.0	0	0	1015.9	22.69	16.0	39.63	5.66	2.59
1696102740.0	0.82		41.4	16.5	67.0	0	0	1015.89	22.69	16.0	39.63	5.68	2.45
1696102800.0	0.82		38.0	16.5	67.0	0	0	1015.88	22.69	16.0	39.63	5.69	2.31
1696102860.0	0.82		37.4	16.5	67.0	0	0	1015.87	22.71	16.0	39.63	5.71	2.33
1696102920.0	0.82		36.8	16.5	67.0	0	0	1015.87	22.74	16.0	39.63	5.74	2.34
1696102980.0	0.82		36.2	16.5	67.0	0	0	1015.86	22.76	16.0	37.63	5.76	2.35
1696103040.0	0.82		35.6	16.5	67.0	0	0	1015.85	22.79	16.0	37.63	5.79	2.36
1696103100.0	0.82		35.0	16.5	67.0	0	0	1015.84	22.81	16.0	37.63	5.81	2.38
1696103160.0	0.82		34.4	16.5	67.0	0	0	1015.83	22.81	16.0	37.63	5.81	2.38
1696103220.0	0.82		33.8	16.5	67.0	0	0	1015.83	22.81	16.0	37.63	5.81	2.38
1696103280.0	0.83		33.2	16.5	67.0	0	0	1015.82	22.81	16.0	38.13	5.81	2.38
1696103340.0	0.83		32.6	16.5	67.0	0	0	1015.81	22.81	16.0	38.13	5.81	2.38
1696103400.0	0.83		32.0	16.5	67.0	0	0	1015.8	22.81	16.0	38.13	5.81	2.38
1696103460.0	0.83		31.4	16.5	67.0	0	0	1015.79	22.81	16.0	38.13	5.83	2.38
1696103520.0	0.83		30.8	16.5	67.0	0	0	1015.79	22.81	16.0	38.13	5.84	2.38
1696103580.0	0.83		30.2	16.5	67.0	0	0	1015.78	22.81	16.0	38.63	5.85	2.38
1696103640.0	0.83		29.6	16.5	67.0	0	0	1015.77	22.81	16.0	38.63	5.86	2.38
1696103700.0	0.83		29.0	16.5	67.0	0	0	1015.76	22.81	16.0	38.63	5.88	2.38
1696103760.0	0.83		31.2	16.5	66.8	0	0	1015.75	22.83	16.0	38.63	5.9	2.38
1696103820.0	0.83		33.4	16.5	66.6	0	0	1015.75	22.84	16.0	38.63	5.93	2.38
1696103880.0	0.85		35.6	16.5	66.4	0	0	1015.74	22.85	16.0	36.38	5.95	2.38
1696103940.0	0.85		37.8	16.5	66.2	0	0	1015.73	22.86	16.0	36.38	5.98	2.38
1696104000.0	0.85		40.0	16.5	66.0	0	0	1015.72	22.88	16.0	36.38	6.0	2.38
1696104060.0	0.85		40.2	16.48	66.0	0	0	1015.72	22.88	16.0	36.38	6.0	2.38
1696104120.0	0.85		40.4	16.45	66.0	0	0	1015.71	22.88	16.0	36.38	6.0	2.38
1696104180.0	0.85		40.6	16.43	66.0	0	0	1015.7	22.88	16.0	36.19	6.0	2.38
1696104240.0	0.85		40.8	16.4	66.0	0	0	1015.7	22.88	16.0	36.19	6.0	2.38
1696104300.0	0.85		41.0	16.38	66.0	0	0	1015.69	22.88	16.0	36.19	6.0	2.38
1696104360.0	0.85		41.4	16.38	66.0	0	0	1015.69	22.88	16.0	36.19	5.98	2.38
1696104420.0	0.85		41.8	16.38	66.0	0	0	1015.68	22.88	16.0	36.19	5.95	2.38
1696104480.0	0.86		42.2	16.38	66.0	0	0	1015.68	22.88	16.0	36.88	5.93	2.38
1696104540.0	0.86		42.6	16.38	66.0	0	0	1015.67	22.88	16.0	36.88	5.9	2.38
1696104600.0	0.86		43.0	16.38	66.0	0	0	1015.66	22.88	16.0	36.88	5.88	2.38
1696104660.0	0.86		43.2	16.38	66.0	0	0	1015.66	22.88	16.0	36.88	5.88	2.38
1696104720.0	0.86		43.4	16.38	66.0	0	0	1015.65	22.88	16.0	36.88	5.88	2.38
1696104780.0	0.86		43.6	16.38	66.0	0	0	1015.65	22.88	16.0	36.69	5.88	2.38
1696104840.0	0.86		43.8	16.38	66.0	0	0	1015.64	22.88	16.0	36.69	5.88	2.38
1696104900.0	0.86		44.0	16.38	66.0	0	0	1015.63	22.88	16.0	36.69	5.88	2.38
1696104960.0	0.86		46.4	16.36	66.0	0	0	1015.63	22.86	16.0	36.69	5.88	2.48
1696105020.0	0.86		48.8	16.35	66.0	0	0	1015.62	22.85	16.0	36.69	5.88	2.58
1696105080.0	0.86	0.86	51.2	16.34	66.0	0	0	1015.62	22.84	16.0	34.81	5.88	2.68
1696105140.0	0.86	0.86	53.6	16.33	66.0	0	0	1015.61	22.83	16.0	34.81	5.88	2.78
1696105200.0	0.86	0.86	56.0	16.31	66.0	0	0	1015.61	22.81	16.0	34.81	5.88	2.88
1696105260.0	0.86	0.86	56.4	16.31	66.0	0	0	1015.6	22.81	16.0	34.81	5.88	2.88
1696105320.0	0.86	0.86	56.8	16.31	66.0	0	0	1015.59	22.81	16.0	34.81	5.88	2.88
1696105380.0	0.86	0.86	57.2	16.31	66.0	0	0	1015.59	22.81	16.0	34.63	5.88	2.88
1696105440.0	0.86	0.86	57.6	16.31	66.0	0	0	1015.58	22.81	16.0	34.63	5.88	2.88
1696105500.0	0.86	0.86	58.0	16.31	66.0	0	0	1015.58	22.81	16.0	34.63	5.88	2.88
1696105560.0	0.86	0.86	63.2	16.33	66.2	0	0	1015.57	22.75	16.0	34.63	5.8	2.83
1696105620.0	0.86	0.86	68.4	16.34	66.4	0	0	1015.56	22.69	16.0	34.63	5.73	2.78
1696105680.0	0.8	0.8	73.6	16.35	66.6	0	0	1015.56	22.63	16.0	47.31	5.65	2.73
1696105740.0	0.8	0.8	78.8	16.36	66.8	0	0	1015.55	22.56	16.0	47.31	5.58	2.68
1696105800.0	0.8	0.8	84.0	16.38	67.0	0	0	1015.55	22.5	16.0	47.31	5.5	2.63
1696105860.0	0.8	0.8	84.4	16.4	67.2	0	0	1015.54	22.5	16.0	47.31	5.48	2.63
1696105920.0	0.8	0.8	84.8	16.43	67.4	0	0	1015.54	22.5	16.0	47.31	5.45	2.63
1696105980.0	0.8	0.8	85.2	16.45	67.6	0	0	1015.53	22.5	16.0	47.13	5.43	2.63
1696106040.0	0.8	0.8	85.6	16.48	67.8	0	0	1015.52	22.5	16.0	47.13	5.4	2.63
1696106100.0	0.8	0.8	86.0	16.5	68.0	0	0	1015.52	22.5	16.0	47.13	5.38	2.63
1696106160.0	0.8	0.8	86.4	16.5	68.4	0	0	1015.51	22.46	16.0	47.13	5.36	2.46
1696106220.0	0.8	0.8	86.8	16.5	68.8	0	0	1015.51	22.43	16.0	47.13	5.35	2.3
1696106280.0	0.73	0.73	87.2	16.5	69.2	0	0	1015.5	22.39	16.0	56.69	5.34	2.14
1696106340.0	0.73	0.73	87.6	16.5	69.6	0	0	1015.5	22.35	16.0	56.69	5.33	1.98
1696106400.0	0.73	0.73	88.0	16.5	70.0	0	0	1015.49	22.31	16.0	56.69	5.31	1.81
1696106460.0	0.73	0.73	88.6	16.52	70.0	0	0	1015.48	22.31	16.0	56.69	5.31	1.81
1696106520.0	0.73	0.73	89.2	16.55	70.0	0	0	1015.48	22.31	16.0	56.69	5.31	1.81
1696106580.0	0.73	0.73	89.8	16.58	70.0	0	0	1015.47	22.31	16.0	56.5	5.31	1.81
1696106640.0	0.73	0.73	90.4	16.6	70.0	0	0	1015.47	22.31	16.0	56.5	5.31	1.81
1696106700.0	0.73	0.73	91.0	16.63	70.0	0	0	1015.46	22.31	16.0	56.5	5.31	1.81
1696106760.0	0.73	0.73	91.4	16.63	70.0	0	0	1015.45	22.31	16.0	56.5	5.29	1.79
1696106820.0	0.73	0.73	91.8	16.63	70.0	0	0	1015.45	22.31	16.0	56.5	5.26	1.76
1696106880.0	0.72	0.72	92.2	16.63	70.0	0	0	1015.44	22.31	16.0	56.38	5.24	1.74
1696106940.0	0.72	0.72	92.6	16.63	70.0	0	0	1015.44	22.31	16.0	56.38	5.21	1.71
1696107000.0	0.72	0.72	93.0	16.63	70.0	0	0	1015.43	22.31	16.0	56.38	5.19	1.69
1696107060.0	0.72	0.72	93.4	16.63	70.0	0	0	1015.43	22.31	16.0	56.38	5.19	1.69
1696107120.0	0.72	0.72	93.8	16.63	70.0	0	0	1015.42	22.31	16.0	56.38	5.19	1.69
1696107180.0	0.72	0.72	94.2	16.63	70.0	0	0	1015.41	22.31	16.0	56.19	5.19	1.69
1696107240.0	0.72	0.72	94.6	16.63	70.0	0	0	1015.41	22.31	16.0	56.19	5.19	1.69
1696107300.0	0.72	0.72	95.0	16.63	70.0	0	0	1015.4	22.31	16.0	56.19	5.19	1.69
1696107360.0	0.72	0.72	95.6	16.68	70.0	0	0	1015.4	22.33	16.0	56.19	5.19	1.69
1696107420.0	0.72	0.72	96.2	16.73	70.0	0	0	1015.39	22.34	16.0	56.19	5.19	1.69
1696107480.0	0.73	0.73	96.8	16.77	70.0	0	0	1015.38	22.35	16.0	56.88	5.19	1.69
1696107540.0	0.73	0.73	97.4	16.83	70.0	0	0	1015.38	22.36	16.0	56.88	5.19	1.69
1696107600.0	0.73	0.73	98.0	16.88	70.0	0	0	1015.37	22.38	16.0	56.88	5.19	1.69
1696107660.0	0.73	0.73	97.8	16.88	70.0	0	0	1015.38	22.38	16.0	56.88	5.19	1.69
1696107720.0	0.73	0.73	97.6	16.88	70.0	0	0	1015.4	22.38	16.0	56.88	5.19	1.69
1696107780.0	0.72	0.72	97.4	16.88	70.0	0	0	1015.41	22.38	16.0	56.88	5.19	1.69
1696107840.0	0.72	0.72	97.2	16.88	70.0	0	0	1015.42	22.38	16.0	56.88	5.19	1.69
1696107900.0	0.72	0.72	97.0	16.88	70.0	0	0	1015.43	22.38	16.0	56.88	5.19	1.69
1696107960.0	0.72	0.72	97.0	16.9	70.2	0	0	1015.44	22.38	16.0	56.88	5.19	1.69
1696108020.0	0.72	0.72	97.0	16.93	70.4	0	0	1015.45	22.38	16.0	56.88	5.19	1.69
1696108080.0	0.72	0.72	97.0	16.95	70.6	0	0	1015.46	22.38	16.0	57.0	5.19	1.69
1696108140.0	0.72	0.72	97.0	16.98	70.8	0	0	1015.48	22.38	16.0	57.0	5.19	1.69
1696108200.0	0.72	0.72	97.0	17.0	71.0	0	0	1015.49	22.38	16.0	57.0	5.19	1.69
1696108260.0	0.72	0.72	96.8	17.0	71.0	0	0	1015.5	22.36	16.0	57.0	5.19	1.71
1696108320.0	0.72	0.72	96.6	17.0	71.0	0	0	1015.51	22.35	16.0	57.0	5.19	1.74
1696108380.0	0.71	0.71	96.4	17.0	71.0	0	0	1015.52	22.34	16.0	57.0	5.19	1.76
1696108440.0	0.71	0.71	96.2	17.0	71.0	0	0	1015.53	22.33	16.0	57.0	5.19	1.79
1696108500.0	0.71	0.71	96.0	17.0	71.0	0	0	1015.54	22.31	16.0	57.0	5.19	1.81
1696108560.0	0.71	0.71	96.0	16.98	70.8	0	0	1015.56	22.29	16.0	57.0	5.19	1.79
1696108620.0	0.71	0.71	96.0	16.95	70.6	0	0	1015.57	22.26	16.0	57.0	5.19	1.76
1696108680.0	0.72	0.72	96.0	16.93	70.4	0	0	1015.58	22.24	16.0	57.13	5.19	1.74
1696108740.0	0.72	0.72	96.0	16.9	70.2	0	0	1015.59	22.21	16.0	57.13	5.19	1.71
1696108800.0	0.72	0.72	96.0	16.88	70.0	0	0	1015.6	22.19	16.0	57.13	5.19	1.69
1696108860.0	0.72	0.72	93.4	16.88	70.0	0	0	1015.61	22.23	16.0	57.13	5.18	1.73
1696108920.0	0.72	0.72	90.8	16.88	70.0	0	0	1015.62	22.26	16.0	57.13	5.16	1.76
1696108980.0	0.74	0.74	88.2	16.88	70.0	0	0	1015.63	22.3	16.0	56.19	5.15	1.8
1696109040.0	0.74	0.74	85.6	16.88	70.0	0	0	1015.65	22.34	16.0	56.19	5.14	1.84
1696109100.0	0.74	0.74	83.0	16.88	70.0	0	0	1015.66	22.38	16.0	56.19	5.13	1.88
1696109160.0	0.74	0.74	82.4	16.88	70.0	0	0	1015.67	22.36	16.0	56.19	5.14	1.88
1696109220.0	0.74	0.74	81.8	16.88	70.0	0	0	1015.68	22.35	16.0	56.19	5.15	1.88
1696109280.0	0.73	0.73	81.2	16.88	70.0	0	0	1015.69	22.34	16.0	55.13	5.16	1.88
1696109340.0	0.73	0.73	80.6	16.88	70.0	0	0	1015.7	22.33	16.0	55.13	5.18	1.88
1696109400.0	0.73	0.73	80.0	16.88	70.0	0	0	1015.71	22.31	16.0	55.13	5.19	1.88
1696109460.0	0.73	0.73	79.4	16.88	70.0	0	0	1015.73	22.31	16.0	55.13	5.21	1.88
1696109520.0	0.73	0.73	78.8	16.88	70.0	0	0	1015.74	22.31	16.0	55.13	5.24	1.88
1696109580.0	0.72	0.72	78.2	16.88	70.0	0	0	1015.75	22.31	16.0	54.81	5.26	1.88
1696109640.0	0.72	0.72	77.6	16.88	70.0	0	0	1015.76	22.31	16.0	54.81	5.29	1.88
1696109700.0	0.72	0.72	77.0	16.88	70.0	0	0	1015.77	22.31	16.0	54.81	5.31	1.88
1696109760.0	0.72	0.72	76.4	16.93	70.6	0	0	1015.78	22.28	16.0	54.81	5.31	1.98
1696109820.0	0.72	0.72	75.8	16.98	71.2	0	0	1015.79	22.24	16.0	54.81	5.31	2.08
1696109880.0	0.64	0.64	75.2	17.02	71.8	0	0	1015.81	22.2	16.0	67.69	5.31	2.17
1696109940.0	0.64	0.64	74.6	17.08	72.4	0	0	1015.82	22.16	16.0	67.69	5.31	2.28
1696110000.0	0.64	0.64	74.0	17.13	73.0	0	0	1015.83	22.13	16.0	67.69	5.31	2.38
1696110060.0	0.64	0.64	73.4	17.13	73.2	0	0	1015.84	22.13	16.0	67.69	5.33	2.38
1696110120.0	0.64	0.64	72.8	17.13	73.4	0	0	1015.85	22.13	16.0	67.69	5.34	2.38
1696110180.0	0.63	0.63	72.2	17.13	73.6	0	0	1015.86	22.13	16.0	69.13	5.35	2.38
1696110240.0	0.63	0.63	71.6	17.13	73.8	0	0	1015.87	22.13	16.0	69.13	5.36	2.38
1696110300.0	0.63	0.63	71.0	17.13	74.0	0	0	1015.89	22.13	16.0	69.13	5.38	2.38
1696110360.0	0.63	0.63	70.6	17.14	74.0	0	0	1015.9	22.1	16.0	69.13	5.4	2.38
1696110420.0	0.63	0.63	70.2	17.15	74.0	0	0	1015.91	22.08	16.0	69.13	5.43	2.38
1696110480.0	0.62	0.62	69.8	17.16	74.0	0	0	1015.92	22.05	16.0	67.19	5.45	2.38
1696110540.0	0.62	0.62	69.4	17.18	74.0	0	0	1015.93	22.03	16.0	67.19	5.48	2.38
1696110600.0	0.62	0.62	69.0	17.19	74.0	0	0	1015.94	22.0	16.0	67.19	5.5	2.38
1696110660.0	0.62	0.62	68.4	17.19	74.0	0	0	1015.95	22.0	16.0	67.19	5.53	2.38
1696110720.0	0.62	0.62	67.8	17.19	74.0	0	0	1015.96	22.0	16.0	67.19	5.55	2.38
1696110780.0	0.61	0.61	67.2	17.19	74.0	0	0	1015.98	22.0	16.0	66.88	5.58	2.38
1696110840.0	0.61	0.61	66.6	17.19	74.0	0	0	1015.99	22.0	16.0	66.88	5.6	2.38
1696110900.0	0.61	0.61	66.0	17.19	74.0	0	0	1016.0	22.0	16.0	66.88	5.63	2.38
1696110960.0	0.61	0.61	60.4	17.21	74.2	0	0	1016.01	21.98	16.0	66.88	5.64	2.3
1696111020.0	0.61	0.61	54.8	17.24	74.4	0	0	1016.02	21.95	16.0	66.88	5.65	2.23
1696111080.0	0.59		49.2	17.26	74.6	0	0	1016.03	21.93	16.0	71.88	5.66	2.15
1696111140.0	0.59		43.6	17.29	74.8	0	0	1016.04	21.9	16.0	71.88	5.68	2.08
1696111200.0	0.59		38.0	17.31	75.0	0	0	1016.06	21.88	16.0	71.88	5.69	2.0
1696111260.0	0.59		37.8	17.31	75.0	0	0	1016.05	21.86	16.0	71.88	5.68	2.0
1696111320.0	0.59		37.6	17.31	75.0	0	0	1016.04	21.85	16.0	71.88	5.66	2.0
1696111380.0	0.58		37.4	17.31	75.0	0	0	1016.04	21.84	16.0	72.63	5.65	2.0
1696111440.0	0.58		37.2	17.31	75.0	0	0	1016.03	21.83	16.0	72.63	5.64	2.0
1696111500.0	0.58		37.0	17.31	75.0	0	0	1016.03	21.81	16.0	72.63	5.63	2.0
1696111560.0	0.58		36.6	17.31	75.2	0	0	1016.02	21.79	16.0	72.63	5.63	2.0
1696111620.0	0.58		36.2	17.31	75.4	0	0	1016.02	21.76	15.99	72.63	5.63	2.0
1696111680.0	0.57		35.8	17.31	75.6	0	0	1016.01	21.74	15.99	74.31	5.63	2.0
1696111740.0	0.57		35.4	17.31	75.8	0	0	1016.01	21.71	15.98	74.31	5.63	2.0
1696111800.0	0.57		35.0	17.31	76.0	0	0	1016.0	21.69	15.98	74.31	5.63	2.0
1696111860.0	0.57		34.8	17.31	76.0	0	0	1015.99	21.68	15.97	74.31	5.6	2.0
1696111920.0	0.57		34.6	17.31	76.0	0	0	1015.99	21.66	15.97	74.31	5.58	2.0
1696111980.0	0.56		34.4	17.31	76.0	0	0	1015.98	21.65	15.96	75.0	5.55	2.0
1696112040.0	0.56		34.2	17.31	76.0	0	0	1015.98	21.64	15.95	75.0	5.53	2.0
1696112100.0	0.56		34.0	17.31	76.0	0	0	1015.97	21.63	15.95	75.0	5.5	2.0
1696112160.0	0.56		34.2	17.29	76.0	0	0	1015.97	21.58	15.94	75.0	5.48	2.03
1696112220.0	0.56		34.4	17.26	76.0	0	0	1015.96	21.53	15.93	75.0	5.45	2.05
1696112280.0	0.56		34.6	17.24	76.0	0	0	1015.96	21.48	15.93	70.63	5.43	2.08
1696112340.0	0.56		34.8	17.21	76.0	0	0	1015.95	21.43	15.92	70.63	5.4	2.1
1696112400.0	0.56		35.0	17.19	76.0	0	0	1015.94	21.38	15.91	70.63	5.38	2.13
1696112460.0	0.56		34.2	17.19	76.2	0	0	1015.94	21.38	15.91	70.63	5.38	2.13
1696112520.0	0.56		33.4	17.19	76.4	0	0	1015.93	21.38	15.9	70.63	5.38	2.13
1696112580.0	0.55		32.6	17.19	76.6	0	0	1015.93	21.38	15.9	71.38	5.38	2.13
1696112640.0	0.55		31.8	17.19	76.8	0	0	1015.92	21.38	15.89	71.38	5.38	2.13
1696112700.0	0.55		31.0	17.19	77.0	0	0	1015.92	21.38	15.88	71.38	5.38	2.13
1696112760.0	0.55		27.6	17.15	76.6	0	0	1015.91	21.4	15.91	71.38	5.13	2.1
1696112820.0	0.55		24.2	17.11	76.2	0	0	1015.91	21.43	15.93	71.38	4.88	2.08
1696112880.0	0.59		20.8	17.08	75.8	0	0	1015.9	21.45	15.95	70.5	4.63	2.05
1696112940.0	0.59		17.4	17.04	75.4	0	0	1015.89	21.48	15.98	70.5	4.38	2.03
1696113000.0	0.59		14.0	17.0	75.0	0	0	1015.89	21.5	16.0	70.5	4.13	2.0
1696113060.0	0.59		14.2	17.0	75.0	0	0	1015.88	21.48	16.0	70.5	4.1	2.0
1696113120.0	0.59		14.4	17.0	75.0	0	0	1015.88	21.45	16.0	70.5	4.08	2.0
1696113180.0	0.58		14.6	17.0	75.0	0	0	1015.87	21.43	16.0	71.63	4.05	2.0
1696113240.0	0.58		14.8	17.0	75.0	0	0	1015.87	21.4	16.0	71.63	4.03	2.0
1696113300.0	0.58		15.0	17.0	75.0	0	0	1015.86	21.38	16.0	71.63	4.0	2.0
1696113360.0	0.58		21.0	17.0	75.4	0	0	1015.86	21.34	16.0	71.63	3.98	2.0
1696113420.0	0.58		27.0	17.0	75.8	0	0	1015.85	21.3	16.0	71.63	3.95	2.0
1696113480.0	0.53		33.0	17.0	76.2	0	0	1015.84	21.26	16.0	78.0	3.93	2.0
1696113540.0	0.53		39.0	17.0	76.6	0	0	1015.84	21.23	16.0	78.0	3.9	2.0
1696113600.0	0.53		45.0	17.0	77.0	0	0	1015.83	21.19	16.0	78.0	3.88	2.0
1696113660.0	0.53		45.2	17.0	77.2	0	0	1015.83	21.18	16.0	78.0	3.86	2.0
1696113720.0	0.53		45.4	17.0	77.4	0	0	1015.82	21.16	16.0	78.0	3.85	2.0
1696113780.0	0.52		45.6	17.0	77.6	0	0	1015.82	21.15	16.0	79.13	3.84	2.0
1696113840.0	0.52		45.8	17.0	77.8	0	0	1015.81	21.14	16.0	79.13	3.83	2.0
1696113900.0	0.52		46.0	17.0	78.0	0	0	1015.81	21.13	16.0	79.13	3.81	2.0
1696113960.0	0.52		46.0	17.02	78.0	0	0	1015.8	21.1	16.0	79.13	3.79	1.98
1696114020.0	0.52		46.0	17.05	78.0	0	0	1015.79	21.08	16.0	79.13	3.76	1.95
1696114080.0	0.51		46.0	17.08	78.0	0	0	1015.79	21.05	16.0	80.31	3.74	1.93
1696114140.0	0.51		46.0	17.1	78.0	0	0	1015.78	21.03	16.0	80.31	3.71	1.9
1696114200.0	0.51		46.0	17.13	78.0	0	0	1015.78	21.0	16.0	80.31	3.69	1.88
1696114260.0	0.51		46.2	17.13	78.2	0	0	1015.77	21.0	16.0	80.31	3.68	1.88
1696114320.0	0.51		46.4	17.13	78.4	0	0	1015.77	21.0	16.0	80.31	3.66	1.88
1696114380.0	0.49		46.6	17.13	78.6	0	0	1015.76	21.0	16.0	81.38	3.65	1.88
1696114440.0	0.49		46.8	17.13	78.8	0	0	1015.76	21.0	16.0	81.38	3.64	1.88
1696114500.0	0.49		47.0	17.13	79.0	0	0	1015.75	21.0	16.0	81.38	3.63	1.88
1696114560.0	0.49		49.4	17.13	79.2	0	0	1015.74	20.93	16.0	81.38	3.6	1.88
1696114620.0	0.49		51.8	17.13	79.4	0	0	1015.74	20.85	16.0	81.38	3.58	1.88
1696114680.0	0.45	0.45	54.2	17.13	79.6	0	0	1015.73	20.78	16.0	85.88	3.55	1.88
1696114740.0	0.45	0.45	56.6	17.13	79.8	0	0	1015.73	20.7	16.0	85.88	3.53	1.88
1696114800.0	0.45	0.45	59.0	17.13	80.0	0	0	1015.72	20.63	16.0	85.88	3.5	1.88
1696114860.0	0.45	0.45	58.8	17.13	80.2	0	0	1015.73	20.6	15.99	85.88	3.5	1.88
1696114920.0	0.45	0.45	58.6	17.13	80.4	0	0	1015.74	20.58	15.98	85.88	3.5	1.88
1696114980.0	0.44	0.44	58.4	17.13	80.6	0	0	1015.75	20.55	15.98	85.13	3.5	1.88
1696115040.0	0.44	0.44	58.2	17.13	80.8	0	0	1015.76	20.53	15.97	85.13	3.5	1.88
1696115100.0	0.44	0.44	58.0	17.13	81.0	0	0	1015.77	20.5	15.96	85.13	3.5	1.88
1696115160.0	0.44	0.44	57.8	17.13	81.0	0	0	1015.79	20.48	15.94	85.13	3.5	1.88
1696115220.0	0.44	0.44	57.6	17.13	81.0	0	0	1015.8	20.45	15.93	85.13	3.5	1.88
1696115280.0	0.43	0.43	57.4	17.13	81.0	0	0	1015.81	20.43	15.91	85.31	3.5	1.88
1696115340.0	0.43	0.43	57.2	17.13	81.0	0	0	1015.82	20.4	15.89	85.31	3.5	1.88
1696115400.0	0.43	0.43	57.0	17.13	81.0	0	0	1015.83	20.38	15.88	85.31	3.5	1.88
1696115460.0	0.43	0.43	56.8	17.13	81.0	0	0	1015.84	20.38	15.86	85.31	3.5	1.88
1696115520.0	0.43	0.43	56.6	17.13	81.0	0	0	1015.85	20.38	15.84	85.31	3.5	1.88
1696115580.0	0.43	0.43	56.4	17.13	81.0	0	0	1015.86	20.38	15.83	84.38	3.5	1.88
1696115640.0	0.43	0.43	56.2	17.13	81.0	0	0	1015.87	20.38	15.81	84.38	3.5	1.88
1696115700.0	0.43	0.43	56.0	17.13	81.0	0	0	1015.88	20.38	15.8	84.38	3.5	1.88
1696115760.0	0.43	0.43	55.8	17.14	81.4	0	0	1015.89	20.33	15.78	84.38	3.5	1.68
1696115820.0	0.43	0.43	55.6	17.15	81.8	0	0	1015.9	20.27	15.76	84.38	3.5	1.48
1696115880.0	0.38	0.38	55.4	17.16	82.2	0	0	1015.91	20.23	15.75	43.81	3.5	1.27
1696115940.0	0.38	0.38	55.2	17.18	82.6	0	0	1015.92	20.18	15.73	43.81	3.5	1.08
1696116000.0	0.38	0.38	55.0	17.19	83.0	0	0	1015.93	20.13	15.71	43.81	3.5	0.88
1696116060.0	0.38	0.38	55.4	17.15	82.4	0	0	1015.94	20.18	15.75	43.81	3.4	0.83
1696116120.0	0.38	0.38	55.8	17.11	81.8	0	0	1015.95	20.23	15.79	43.81	3.3	0.78
1696116180.0	0.45	0.45	56.2	17.08	81.2	0	0	1015.96	20.27	15.83	45.5	3.2	0.73
1696116240.0	0.45	0.45	56.6	17.04	80.6	0	0	1015.98	20.33	15.87	45.5	3.1	0.68
1696116300.0	0.45	0.45	57.0	17.0	80.0	0	0	1015.99	20.38	15.92	45.5	3.0	0.63
1696116360.0	0.45	0.45	56.8	17.0	80.2	0	0	1016.0	20.36	15.91	45.5	3.04	0.63
1696116420.0	0.45	0.45	56.6	17.0	80.4	0	0	1016.01	20.35	15.91	45.5	3.08	0.63
1696116480.0	0.43	0.43	56.4	17.0	80.6	0	0	1016.02	20.34	15.9	46.88	3.11	0.63
1696116540.0	0.43	0.43	56.2	17.0	80.8	0	0	1016.03	20.33	15.9	46.88	3.15	0.63
1696116600.0	0.43	0.43	56.0	17.0	81.0	0	0	1016.04	20.31	15.89	46.88	3.19	0.63
1696116660.0	0.43	0.43	55.8	17.0	81.0	0	0	1016.05	20.29	15.88	46.88	3.21	0.64
1696116720.0	0.43	0.43	55.6	17.0	81.0	0	0	1016.06	20.26	15.88	46.88	3.24	0.65
1696116780.0	0.42	0.42	55.4	17.0	81.0	0	0	1016.07	20.24	15.87	48.19	3.26	0.66
1696116840.0	0.42	0.42	55.2	17.0	81.0	0	0	1016.08	20.21	15.87	48.19	3.29	0.68
1696116900.0	0.42	0.42	55.0	17.0	81.0	0	0	1016.09	20.19	15.86	48.19	3.31	0.69
1696116960.0	0.42	0.42	54.8	17.02	81.6	0	0	1016.1	20.13	15.86	48.19	3.33	0.83
1696117020.0	0.42	0.42	54.6	17.05	82.2	0	0	1016.11	20.06	15.85	48.19	3.34	0.96
1696117080.0	0.35	0.35	54.4	17.08	82.8	0	0	1016.12	20.0	15.85	88.13	3.35	1.1
1696117140.0	0.35	0.35	54.2	17.1	83.4	0	0	1016.13	19.94	15.84	88.13	3.36	1.24
1696117200.0	0.35	0.35	54.0	17.13	84.0	0	0	1016.14	19.88	15.84	88.13	3.38	1.38
1696117260.0	0.35	0.35	53.8	17.13	84.2	0	0	1016.15	19.86	15.83	88.13	3.43	1.38
1696117320.0	0.35	0.35	53.6	17.13	84.4	0	0	1016.17	19.85	15.83	88.13	3.48	1.38
1696117380.0	0.34	0.34	53.4	17.13	84.6	0	0	1016.18	19.84	15.82	89.19	3.53	1.38
1696117440.0	0.34	0.34	53.2	17.13	84.8	0	0	1016.19	19.83	15.82	89.19	3.58	1.38
1696117500.0	0.34	0.34	53.0	17.13	85.0	0	0	1016.2	19.81	15.81	89.19	3.63	1.38
1696117560.0	0.34	0.34	52.8	17.13	85.0	0	0	1016.21	19.79	15.81	89.19	3.66	1.4
1696117620.0	0.34	0.34	52.6	17.13	85.0	0	0	1016.22	19.76	15.8	89.19	3.7	1.43
1696117680.0	0.33	0.33	52.4	17.13	85.0	0	0	1016.23	19.74	15.8	90.13	3.74	1.45
1696117740.0	0.33	0.33	52.2	17.13	85.0	0	0	1016.24	19.71	15.79	90.13	3.78	1.48
1696117800.0	0.33	0.33	52.0	17.13	85.0	0	0	1016.25	19.69	15.79	90.13	3.81	1.5
1696117860.0	0.33	0.33	51.6	17.13	85.2	0	0	1016.26	19.68	15.78	90.13	3.83	1.5
1696117920.0	0.33	0.33	51.2	17.13	85.4	0	0	1016.27	19.66	15.78	90.13	3.84	1.5
1696117980.0	0.31	0.31	50.8	17.13	85.6	0	0	1016.28	19.65	15.77	91.0	3.85	1.5
1696118040.0	0.31	0.31	50.4	17.13	85.8	0	0	1016.29	19.64	15.77	91.0	3.86	1.5
1696118100.0	0.31	0.31	50.0	17.13	86.0	0	0	1016.3	19.63	15.76	91.0	3.88	1.5
1696118160.0	0.31	0.31	49.8	17.14	86.2	0	0	1016.31	19.58	15.76	91.0	3.9	1.38
1696118220.0	0.31	0.31	49.6	17.15	86.4	0	0	1016.32	19.52	15.75	91.0	3.93	1.25
1696118280.0	0.27		49.4	17.16	86.6	0	0	1016.33	19.48	15.75	52.13	3.95	1.13
1696118340.0	0.27		49.2	17.18	86.8	0	0	1016.35	19.43	15.74	52.13	3.98	1.0
1696118400.0	0.27		49.0	17.19	87.0	0	0	1016.36	19.38	15.74	52.13	4.0	0.88
1696118460.0	0.27		49.0	17.19	87.0	0	0	1016.37	19.38	15.74	52.13	3.98	0.88
1696118520.0	0.27		49.0	17.19	87.0	0	0	1016.37	19.38	15.74	52.13	3.95	0.88
1696118580.0	0.27		49.0	17.19	87.0	0	0	1016.38	19.38	15.74	50.19	3.93	0.88
1696118640.0	0.27		49.0	17.19	87.0	0	0	1016.39	19.38	15.74	50.19	3.9	0.88
1696118700.0	0.27		49.0	17.19	87.0	0	0	1016.4	19.38	15.74	50.19	3.88	0.88
1696118760.0	0.27		49.2	17.19	87.2	0	0	1016.41	19.38	15.74	50.19	3.86	0.86
1696118820.0	0.27		49.4	17.19	87.4	0	0	1016.42	19.38	15.73	50.19	3.85	0.85
1696118880.0	0.27		49.6	17.19	87.6	0	0	1016.43	19.38	15.73	48.13	3.84	0.84
1696118940.0	0.27		49.8	17.19	87.8	0	0	1016.44	19.38	15.73	48.13	3.83	0.83
1696119000.0	0.27		50.0	17.19	88.0	0	0	1016.45	19.38	15.73	48.13	3.81	0.81
1696119060.0	0.27		50.0	17.13	87.4	0	0	1016.46	19.4	15.73	48.13	3.79	0.95
1696119120.0	0.27		50.0	17.06	86.8	0	0	1016.47	19.43	15.73	48.13	3.76	1.09
1696119180.0	0.34		50.0	17.0	86.2	0	0	1016.48	19.45	15.73	76.69	3.74	1.23
1696119240.0	0.34		50.0	16.94	85.6	0	0	1016.49	19.48	15.73	76.69	3.71	1.36
1696119300.0	0.34		50.0	16.88	85.0	0	0	1016.5	19.5	15.73	76.69	3.69	1.5
1696119360.0	0.34		50.0	16.88	85.0	0	0	1016.51	19.5	15.73	76.69	3.68	1.5
1696119420.0	0.34		50.0	16.88	85.0	0	0	1016.52	19.5	15.73	76.69	3.66	1.5
1696119480.0	0.34		50.0	16.88	85.0	0	0	1016.53	19.5	15.73	73.31	3.65	1.5
1696119540.0	0.34		50.0	16.88	85.0	0	0	1016.54	19.5	15.73	73.31	3.64	1.5
1696119600.0	0.34		50.0	16.88	85.0	0	0	1016.55	19.5	15.73	73.31	3.63	1.5
1696119660.0	0.34		50.0	16.86	85.0	0	0	1016.56	19.48	15.73	73.31	3.6	1.5
1696119720.0	0.34		50.0	16.85	85.0	0	0	1016.57	19.45	15.73	73.31	3.58	1.5
1696119780.0	0.34		50.0	16.84	85.0	0	0	1016.58	19.43	15.73	70.5	3.55	1.5
1696119840.0	0.34		50.0	16.83	85.0	0	0	1016.59	19.4	15.73	70.5	3.53	1.5
1696119900.0	0.34		50.0	16.81	85.0	0	0	1016.6	19.38	15.73	70.5	3.5	1.5
1696119960.0	0.34		53.4	16.79	84.4	0	0	1016.61	19.46	15.78	70.5	3.44	1.5
1696120020.0	0.34		56.8	16.76	83.8	0	0	1016.62	19.55	15.84	70.5	3.38	1.5
1696120080.0	0.39	0.39	60.2	16.74	83.2	0	0	1016.63	19.64	15.89	80.81	3.31	1.5
1696120140.0	0.39	0.39	63.6	16.71	82.6	0	0	1016.63	19.73	15.95	80.81	3.25	1.5
1696120200.0	0.39	0.39	67.0	16.69	82.0	0	0	1016.64	19.81	16.0	80.81	3.19	1.5
1696120260.0	0.39	0.39	67.4	16.77	83.0	0	0	1016.65	19.75	16.0	80.81	3.18	1.5
1696120320.0	0.39	0.39	67.8	16.86	84.0	0	0	1016.66	19.69	16.0	80.81	3.16	1.5
1696120380.0	0.3	0.3	68.2	16.95	85.0	0	0	1016.67	19.63	16.0	64.63	3.15	1.5
1696120440.0	0.3	0.3	68.6	17.04	86.0	0	0	1016.68	19.56	16.0	64.63	3.14	1.5
1696120500.0	0.3	0.3	69.0	17.13	87.0	0	0	1016.69	19.5	16.0	64.63	3.13	1.5
1696120560.0	0.3	0.3	69.4	17.13	87.0	0	0	1016.7	19.5	16.0	64.63	3.1	1.5
1696120620.0	0.3	0.3	69.8	17.13	87.0	0	0	1016.71	19.5	16.0	64.63	3.08	1.5
1696120680.0	0.29	0.29	70.2	17.13	87.0	0	0	1016.72	19.5	16.0	63.19	3.05	1.5
1696120740.0	0.29	0.29	70.6	17.13	87.0	0	0	1016.73	19.5	16.0	63.19	3.03	1.5
1696120800.0	0.29	0.29	71.0	17.13	87.0	0	0	1016.74	19.5	16.0	63.19	3.0	1.5
1696120860.0	0.29	0.29	71.2	17.13	87.0	0	0	1016.75	19.5	16.0	63.19	2.98	1.5
1696120920.0	0.29	0.29	71.4	17.13	87.0	0	0	1016.76	19.5	16.0	63.19	2.95	1.5
1696120980.0	0.29	0.29	71.6	17.13	87.0	0	0	1016.77	19.5	16.0	61.81	2.93	1.5
1696121040.0	0.29	0.29	71.8	17.13	87.0	0	0	1016.78	19.5	16.0	61.81	2.9	1.5
1696121100.0	0.29	0.29	72.0	17.13	87.0	0	0	1016.79	19.5	16.0	61.81	2.88	1.5
1696121160.0	0.29	0.29	72.4	17.13	87.0	0	0	1016.8	19.5	16.0	61.81	2.84	1.5
1696121220.0	0.29	0.29	72.8	17.13	87.0	0	0	1016.81	19.5	16.0	61.81	2.8	1.5
1696121280.0	0.29	0.29	73.2	17.13	87.0	0	0	1016.82	19.5	16.0	62.0	2.76	1.5
1696121340.0	0.29	0.29	73.6	17.13	87.0	0	0	1016.83	19.5	16.0	62.0	2.73	1.5
1696121400.0	0.29	0.29	74.0	17.13	87.0	0	0	1016.84	19.5	16.0	62.0	2.69	1.5
1696121460.0	0.29	0.29	74.4	17.0	85.8	0	0	1016.85	19.54	16.0	62.0	2.68	1.5
1696121520.0	0.29	0.29	74.8	16.88	84.6	0	0	1016.86	19.58	16.0	62.0	2.66	1.5
1696121580.0	0.41	0.41	75.2	16.75	83.4	0	0	1016.87	19.61	16.0	64.88	2.65	1.5
1696121640.0	0.41	0.41	75.6	16.63	82.2	0	0	1016.88	19.65	16.0	64.88	2.64	1.5
1696121700.0	0.41	0.41	76.0	16.5	81.0	0	0	1016.88	19.69	16.0	64.88	2.63	1.5
1696121760.0	0.41	0.41	76.4	16.5	81.2	0	0	1016.89	19.69	16.0	64.88	2.6	1.5
1696121820.0	0.41	0.41	76.8	16.5	81.4	0	0	1016.9	19.69	16.0	64.88	2.58	1.5
1696121880.0	0.41	0.41	77.2	16.5	81.6	0	0	1016.91	19.69	16.0	63.38	2.55	1.5
1696121940.0	0.41	0.41	77.6	16.5	81.8	0	0	1016.92	19.69	16.0	63.38	2.53	1.5
1696122000.0	0.41	0.41	78.0	16.5	82.0	0	0	1016.93	19.69	16.0	63.38	2.5	1.5
1696122060.0	0.41	0.41	77.4	16.5	82.0	0	0	1016.95	19.68	16.0	63.38	2.48	1.48
1696122120.0	0.41	0.41	76.8	16.5	82.0	0	0	1016.96	19.66	16.0	63.38	2.45	1.45
1696122180.0	0.41	0.41	76.2	16.5	82.0	0	0	1016.97	19.65	16.0	62.0	2.42	1.43
1696122240.0	0.41	0.41	75.6	16.5	82.0	0	0	1016.99	19.64	16.0	62.0	2.4	1.4
1696122300.0	0.41	0.41	75.0	16.5	82.0	0	0	1017.0	19.63	16.0	62.0	2.38	1.38
1696122360.0	0.41	0.41	74.4	16.5	82.0	0	0	1017.01	19.63	16.0	62.0	2.38	1.38
1696122420.0	0.41	0.41	73.8	16.5	82.0	0	0	1017.03	19.63	16.0	62.0	2.38	1.38
1696122480.0	0.4	0.4	73.2	16.5	82.0	0	0	1017.04	19.63	16.0	58.81	2.38	1.38
1696122540.0	0.4	0.4	72.6	16.5	82.0	0	0	1017.05	19.63	16.0	58.81	2.38	1.38
1696122600.0	0.4	0.4	72.0	16.5	82.0	0	0	1017.07	19.63	16.0	58.81	2.38	1.38
1696122660.0	0.4	0.4	71.4	16.5	82.0	0	0	1017.08	19.6	16.0	58.81	2.36	1.38
1696122720.0	0.4	0.4	70.8	16.5	82.0	0	0	1017.09	19.58	16.0	58.81	2.35	1.38
1696122780.0	0.4	0.4	70.2	16.5	82.0	0	0	1017.11	19.55	16.0	57.13	2.34	1.38
1696122840.0	0.4	0.4	69.6	16.5	82.0	0	0	1017.12	19.52	16.0	57.13	2.33	1.38
1696122900.0	0.4	0.4	69.0	16.5	82.0	0	0	1017.13	19.5	16.0	57.13	2.31	1.38
1696122960.0	0.4	0.4	68.6	16.5	82.2	0	0	1017.15	19.48	16.0	57.13	2.31	1.24
1696123020.0	0.4	0.4	68.2	16.5	82.4	0	0	1017.16	19.45	16.0	57.13	2.31	1.1
1696123080.0	0.38	0.38	67.8	16.5	82.6	0	0	1017.17	19.43	16.0	34.19	2.31	0.96
1696123140.0	0.38	0.38	67.4	16.5	82.8	0	0	1017.19	19.4	16.0	34.19	2.31	0.83
1696123200.0	0.38	0.38	67.0	16.5	83.0	0	0	1017.2	19.38	16.0	34.19	2.31	0.69
1696123260.0	0.38	0.38	66.4	16.5	83.0	0	0	1017.22	19.36	16.0	34.19	2.29	0.69
1696123320.0	0.38	0.38	65.8	16.5	83.0	0	0	1017.23	19.35	16.0	34.19	2.26	0.69
1696123380.0	0.38	0.38	65.2	16.5	83.0	0	0	1017.24	19.34	16.0	32.31	2.24	0.69
1696123440.0	0.38	0.38	64.6	16.5	83.0	0	0	1017.26	19.33	16.0	32.31	2.21	0.69
1696123500.0	0.38	0.38	64.0	16.5	83.0	0	0	1017.27	19.31	16.0	32.31	2.19	0.69
1696123560.0	0.38	0.38	59.6	16.52	83.0	0	0	1017.28	19.33	16.0	32.31	2.03	0.63
1696123620.0	0.38	0.38	55.2	16.55	83.0	0	0	1017.3	19.34	16.0	32.31	1.86	0.56
1696123680.0	0.37		50.8	16.58	83.0	0	0	1017.31	19.35	16.0	56.5	1.7	0.5
1696123740.0	0.37		46.4	16.6	83.0	0	0	1017.32	19.36	16.0	56.5	1.54	0.44
1696123800.0	0.37		42.0	16.63	83.0	0	0	1017.34	19.38	16.0	56.5	1.38	0.38
1696123860.0	0.37		42.0	16.63	83.2	0	0	1017.35	19.36	16.0	56.5	1.36	0.38
1696123920.0	0.37		42.0	16.63	83.4	0	0	1017.36	19.35	16.0	56.5	1.35	0.38
1696123980.0	0.36		42.0	16.63	83.6	0	0	1017.38	19.34	16.0	54.38	1.34	0.38
1696124040.0	0.36		42.0	16.63	83.8	0	0	1017.39	19.33	16.0	54.38	1.33	0.38
1696124100.0	0.36		42.0	16.63	84.0	0	0	1017.4	19.31	16.0	54.38	1.31	0.38
1696124160.0	0.36		41.8	16.63	84.4	0	0	1017.42	19.27	16.0	54.38	1.31	0.38
1696124220.0	0.36		41.6	16.63	84.8	0	0	1017.43	19.24	16.0	54.38	1.31	0.38
1696124280.0	0.32		41.4	16.63	85.2	0	0	1017.44	19.2	16.0	53.31	1.31	0.38
1696124340.0	0.32		41.2	16.63	85.6	0	0	1017.46	19.16	16.0	53.31	1.31	0.38
1696124400.0	0.32		41.0	16.63	86.0	0	0	1017.47	19.13	16.0	53.31	1.31	0.38
1696124460.0	0.32		41.0	16.63	86.0	0	0	1017.48	19.1	16.0	53.31	1.31	0.38
1696124520.0	0.32		41.0	16.63	86.0	0	0	1017.5	19.08	16.0	53.31	1.31	0.38
1696124580.0	0.31		41.0	16.63	86.0	0	0	1017.51	19.05	16.0	51.63	1.31	0.38
1696124640.0	0.31		41.0	16.63	86.0	0	0	1017.52	19.02	16.0	51.63	1.31	0.38
1696124700.0	0.31		41.0	16.63	86.0	0	0	1017.54	19.0	16.0	51.63	1.31	0.38
1696124760.0	0.31		40.8	16.63	86.0	0	0	1017.55	19.0	16.0	51.63	1.29	0.38
1696124820.0	0.31		40.6	16.63	86.0	0	0	1017.56	19.0	16.0	51.63	1.26	0.38
1696124880.0	0.31		40.4	16.63	86.0	0	0	1017.58	19.0	16.0	50.81	1.24	0.38
1696124940.0	0.31		40.2	16.63	86.0	0	0	1017.59	19.0	16.0	50.81	1.21	0.38
1696125000.0	0.31		40.0	16.63	86.0	0	0	1017.61	19.0	16.0	50.81	1.19	0.38
1696125060.0	0.31		40.0	16.63	86.0	0	0	1017.62	19.0	16.0	50.81	1.18	0.38
1696125120.0	0.31		40.0	16.63	86.0	0	0	1017.63	19.0	16.0	50.81	1.16	0.38
1696125180.0	0.3		40.0	16.63	86.0	0	0	1017.65	19.0	16.0	49.31	1.15	0.38
1696125240.0	0.3		40.0	16.63	86.0	0	0	1017.66	19.0	16.0	49.31	1.14	0.38
1696125300.0	0.3		40.0	16.63	86.0	0	0	1017.67	19.0	16.0	49.31	1.13	0.38
1696125360.0	0.3		39.8	16.63	86.4	0	0	1017.69	18.94	16.0	49.31	1.13	0.4
1696125420.0	0.3		39.6	16.63	86.8	0	0	1017.7	18.88	16.0	49.31	1.13	0.43
1696125480.0	0.26		39.4	16.63	87.2	0	0	1017.71	18.81	16.0	47.88	1.13	0.45
1696125540.0	0.26		39.2	16.63	87.6	0	0	1017.73	18.75	16.0	47.88	1.13	0.48
1696125600.0	0.26		39.0	16.63	88.0	0	0	1017.74	18.69	16.0	47.88	1.13	0.5
1696125660.0	0.26		39.2	16.63	88.0	0	0	1017.73	18.68	16.0	47.88	1.13	0.5
1696125720.0	0.26		39.4	16.63	88.0	0	0	1017.73	18.66	16.0	47.88	1.13	0.5
1696125780.0	0.26		39.6	16.63	88.0	0	0	1017.72	18.65	16.0	45.38	1.13	0.5
1696125840.0	0.26		39.8	16.63	88.0	0	0	1017.71	18.64	16.0	45.38	1.13	0.5
1696125900.0	0.26		40.0	16.63	88.0	0	0	1017.71	18.63	16.0	45.38	1.13	0.5
1696125960.0	0.26		40.0	16.63	88.0	0	0	1017.7	18.63	16.0	45.38	1.13	0.5
1696126020.0	0.26		40.0	16.63	88.0	0	0	1017.69	18.63	16.0	45.38	1.13	0.5
1696126080.0	0.26		40.0	16.63	88.0	0	0	1017.69	18.63	16.0	41.31	1.13	0.5
1696126140.0	0.26		40.0	16.63	88.0	0	0	1017.68	18.63	16.0	41.31	1.13	0.5
1696126200.0	0.26		40.0	16.63	88.0	0	0	1017.67	18.63	16.0	41.31	1.13	0.5
1696126260.0	0.26		40.2	16.63	88.0	0	0	1017.66	18.63	16.0	41.31	1.14	0.5
1696126320.0	0.26		40.4	16.63	88.0	0	0	1017.66	18.63	16.0	41.31	1.15	0.5
1696126380.0	0.26		40.6	16.63	88.0	0	0	1017.65	18.63	16.0	33.63	1.16	0.5
1696126440.0	0.26		40.8	16.63	88.0	0	0	1017.64	18.63	16.0	33.63	1.18	0.5
1696126500.0	0.26		41.0	16.63	88.0	0	0	1017.64	18.63	16.0	33.63	1.19	0.5
1696126560.0	0.26		38.8	16.63	88.6	0	0	1017.63	18.54	16.0	33.63	1.19	0.53
1696126620.0	0.26		36.6	16.63	89.2	0	0	1017.62	18.45	16.0	33.63	1.19	0.55
1696126680.0	0.2		34.4	16.63	89.8	0	0	1017.62	18.36	16.0	18.38	1.19	0.57
1696126740.0	0.2		32.2	16.63	90.4	0	0	1017.61	18.27	16.0	18.38	1.19	0.6
1696126800.0	0.2		30.0	16.63	91.0	0	0	1017.6	18.19	16.0	18.38	1.19	0.63
1696126860.0	0.2		30.0	16.63	91.0	0	0	1017.6	18.19	16.0	18.38	1.19	0.63
1696126920.0	0.2		30.0	16.63	91.0	0	0	1017.59	18.19	16.0	18.38	1.19	0.63
1696126980.0	0.2		30.0	16.63	91.0	0	0	1017.58	18.19	16.0	355.0	1.19	0.63
1696127040.0	0.2		30.0	16.63	91.0	0	0	1017.58	18.19	16.0	355.0	1.19	0.63
1696127100.0	0.2		30.0	16.63	91.0	0	0	1017.57	18.19	16.0	355.0	1.19	0.63
1696127160.0	0.2		32.0	16.58	90.6	0	0	1017.56	18.21	16.0	355.0	1.11	0.6
1696127220.0	0.2		34.0	16.52	90.2	0	0	1017.56	18.24	16.0	355.0	1.04	0.57
1696127280.0	0.24		36.0	16.48	89.8	0	0	1017.55	18.26	16.0	341.88	0.96	0.55
1696127340.0	0.24		38.0	16.43	89.4	0	0	1017.54	18.29	16.0	341.88	0.89	0.53
1696127400.0	0.24		40.0	16.38	89.0	0	0	1017.54	18.31	16.0	341.88	0.81	0.5
1696127460.0	0.24		39.8	16.38	89.0	0	0	1017.53	18.31	16.0	341.88	0.81	0.5
1696127520.0	0.24		39.6	16.38	89.0	0	0	1017.52	18.31	16.0	341.88	0.81	0.5
1696127580.0	0.23		39.4	16.38	89.0	0	0	1017.52	18.31	16.0	341.31	0.81	0.5
1696127640.0	0.23		39.2	16.38	89.0	0	0	1017.51	18.31	16.0	341.31	0.81	0.5
1696127700.0	0.23		39.0	16.38	89.0	0	0	1017.5	18.31	16.0	341.31	0.81	0.5
1696127760.0	0.23		36.0	16.36	89.4	0	0	1017.5	18.23	16.0	341.31	0.83	0.5
1696127820.0	0.23		33.0	16.35	89.8	0	0	1017.49	18.14	16.0	341.31	0.84	0.5
1696127880.0	0.2		30.0	16.34	90.2	0	0	1017.48	18.05	16.0	340.81	0.85	0.5
1696127940.0	0.2		27.0	16.33	90.6	0	0	1017.48	17.96	16.0	340.81	0.86	0.5
1696128000.0	0.2		24.0	16.31	91.0	0	0	1017.47	17.88	16.0	340.81	0.88	0.5
1696128060.0	0.2		23.8	16.31	91.0	0	0	1017.46	17.86	16.0	340.81	0.88	0.5
1696128120.0	0.2		23.6	16.31	91.0	0	0	1017.45	17.85	16.0	340.81	0.88	0.5
1696128180.0	0.2		23.4	16.31	91.0	0	0	1017.45	17.84	16.0	340.19	0.88	0.5
1696128240.0	0.2		23.2	16.31	91.0	0	0	1017.44	17.83	16.0	340.19	0.88	0.5
1696128300.0	0.2		23.0	16.31	91.0	0	0	1017.43	17.81	16.0	340.19	0.88	0.5
1696128360.0	0.2		22.8	16.31	91.0	0	0	1017.43	17.81	16.0	340.19	0.9	0.53
1696128420.0	0.2		22.6	16.31	91.0	0	0	1017.42	17.81	16.0	340.19	0.93	0.55
1696128480.0	0.19		22.4	16.31	91.0	0	0	1017.41	17.81	16.0	339.69	0.95	0.57
1696128540.0	0.19		22.2	16.31	91.0	0	0	1017.41	17.81	16.0	339.69	0.98	0.6
1696128600.0	0.19		22.0	16.31	91.0	0	0	1017.4	17.81	16.0	339.69	1.0	0.63
1696128660.0	0.19		21.6	16.31	91.0	0	0	1017.39	17.81	16.0	339.69	1.0	0.63
1696128720.0	0.19		21.2	16.31	91.0	0	0	1017.39	17.81	16.0	339.69	1.0	0.63
1696128780.0	0.19		20.8	16.31	91.0	0	0	1017.38	17.81	16.0	339.31	1.0	0.63
1696128840.0	0.19		20.4	16.31	91.0	0	0	1017.37	17.81	16.0	339.31	1.0	0.63
1696128900.0	0.19		20.0	16.31	91.0	0	0	1017.37	17.81	16.0	339.31	1.0	0.63
1696128960.0	0.19		16.0	16.31	91.2	0	0	1017.36	17.77	16.0	339.31	1.02	0.63
1696129020.0	0.19		12.0	16.31	91.4	0	0	1017.35	17.74	16.0	339.31	1.05	0.63
1696129080.0			8.0	16.31	91.6	0	0	1017.35	17.7	16.0	338.88	1.08	0.63
1696129140.0			4.0	16.31	91.8	0	0	1017.34	17.66	16.0	338.88	1.1	0.63
1696129200.0			0.0	16.31	92.0	0	0	1017.33	17.63	16.0	338.88	1.13	0.63
1696129260.0			0.0	16.31	92.2	0	0	1017.33	17.63	16.0	338.88	1.14	0.63
1696129320.0			0.0	16.31	92.4	0	0	1017.33	17.63	16.0	338.88	1.15	0.63
1696129380.0			0.0	16.31	92.6	0	0	1017.32	17.63	16.0	336.31	1.16	0.63
1696129440.0			0.0	16.31	92.8	0	0	1017.32	17.63	16.0	336.31	1.18	0.63
1696129500.0			0.0	16.31	93.0	0	0	1017.31	17.63	16.0	336.31	1.19	0.63
1696129560.0			0.0	16.31	93.0	0	0	1017.31	17.63	16.0	336.31	1.19	0.64
1696129620.0			0.0	16.31	93.0	0	0	1017.31	17.63	16.0	336.31	1.19	0.65
1696129680.0			0.0	16.31	93.0	0	0	1017.3	17.63	16.0	333.88	1.19	0.66
1696129740.0			0.0	16.31	93.0	0	0	1017.3	17.63	16.0	333.88	1.19	0.68
1696129800.0			0.0	16.31	93.0	0	0	1017.29	17.63	16.0	333.88	1.19	0.69
1696129860.0			0.0	16.31	93.0	0	0	1017.29	17.63	16.0	333.88	1.21	0.69
1696129920.0			0.0	16.31	93.0	0	0	1017.29	17.63	16.0	333.88	1.24	0.69
1696129980.0			0.0	16.31	93.0	0	0	1017.28	17.63	16.0	331.81	1.26	0.69
1696130040.0			0.0	16.31	93.0	0	0	1017.28	17.63	16.0	331.81	1.29	0.69
1696130100.0			0.0	16.31	93.0	0	0	1017.27	17.63	16.0	331.81	1.31	0.69
1696130160.0			6.6	16.31	93.2	0	0	1017.27	17.6	15.98	331.81	1.33	0.71
1696130220.0			13.2	16.31	93.4	0	0	1017.27	17.58	15.97	331.81	1.34	0.74
1696130280.0	0.13		19.8	16.31	93.6	0	0	1017.26	17.55	15.96	329.81	1.35	0.76
1696130340.0	0.13		26.4	16.31	93.8	0	0	1017.26	17.52	15.94	329.81	1.36	0.79
1696130400.0	0.13		33.0	16.31	94.0	0	0	1017.26	17.5	15.93	329.81	1.38	0.81
1696130460.0	0.13		33.0	16.31	94.0	0	0	1017.25	17.5	15.91	329.81	1.4	0.81
1696130520.0	0.13		33.0	16.31	94.0	0	0	1017.25	17.5	15.9	329.81	1.43	0.81
1696130580.0	0.13		33.0	16.31	94.0	0	0	1017.24	17.5	15.88	328.13	1.45	0.81
1696130640.0	0.13		33.0	16.31	94.0	0	0	1017.24	17.5	15.87	328.13	1.48	0.81
1696130700.0	0.13		33.0	16.31	94.0	0	0	1017.24	17.5	15.86	328.13	1.5	0.81
1696130760.0	0.13		33.4	16.23	93.4	0	0	1017.23	17.5	15.88	328.13	1.5	0.81
1696130820.0	0.13		33.8	16.14	92.8	0	0	1017.23	17.5	15.91	328.13	1.5	0.81
1696130880.0	0.18		34.2	16.05	92.2	0	0	1017.22	17.5	15.94	329.69	1.5	0.81
1696130940.0	0.18		34.6	15.96	91.6	0	0	1017.22	17.5	15.97	329.69	1.5	0.81
1696131000.0	0.18		35.0	15.88	91.0	0	0	1017.22	17.5	16.0	329.69	1.5	0.81
1696131060.0	0.18		35.0	15.88	91.0	0	0	1017.21	17.5	16.0	329.69	1.54	0.81
1696131120.0	0.18		35.0	15.88	91.0	0	0	1017.21	17.5	16.0	329.69	1.58	0.81
1696131180.0	0.18		35.0	15.88	91.0	0	0	1017.2	17.5	16.0	327.88	1.61	0.81
1696131240.0	0.18		35.0	15.88	91.0	0	0	1017.2	17.5	16.0	327.88	1.65	0.81
1696131300.0	0.18		35.0	15.88	91.0	0	0	1017.2	17.5	16.0	327.88	1.69	0.81
1696131360.0	0.18		35.0	15.9	91.0	0	0	1017.19	17.48	16.0	327.88	1.71	0.83
1696131420.0	0.18		35.0	15.93	91.0	0	0	1017.19	17.45	16.0	327.88	1.74	0.84
1696131480.0	0.19		35.0	15.95	91.0	0	0	1017.18	17.43	16.0	326.31	1.76	0.85
1696131540.0	0.19		35.0	15.98	91.0	0	0	1017.18	17.4	16.0	326.31	1.79	0.86
1696131600.0	0.19		35.0	16.0	91.0	0	0	1017.18	17.38	16.0	326.31	1.81	0.88
1696131660.0	0.19		34.8	15.98	91.0	0	0	1017.17	17.38	16.0	326.31	1.85	0.88
1696131720.0	0.19		34.6	15.95	91.0	0	0	1017.17	17.38	16.0	326.31	1.89	0.88
1696131780.0	0.18		34.4	15.93	91.0	0	0	1017.17	17.38	16.0	325.0	1.93	0.88
1696131840.0	0.18		34.2	15.9	91.0	0	0	1017.16	17.38	16.0	325.0	1.96	0.88
1696131900.0	0.18		34.0	15.88	91.0	0	0	1017.16	17.38	16.0	325.0	2.0	0.88
1696131960.0	0.18		34.0	15.88	91.0	0	0	1017.15	17.36	16.0	325.0	2.03	0.9
1696132020.0	0.18		34.0	15.88	91.0	0	0	1017.15	17.35	16.0	325.0	2.05	0.93
1696132080.0	0.18		34.0	15.88	91.0	0	0	1017.15	17.34	16.0	323.88	2.08	0.95
1696132140.0	0.18		34.0	15.88	91.0	0	0	1017.14	17.33	16.0	323.88	2.1	0.98
1696132200.0	0.18		34.0	15.88	91.0	0	0	1017.14	17.31	16.0	323.88	2.13	1.0
1696132260.0	0.18		33.8	15.88	91.2	0	0	1017.13	17.31	16.0	323.88	2.16	1.0
1696132320.0	0.18		33.6	15.88	91.4	0	0	1017.13	17.31	16.0	323.88	2.2	1.0
1696132380.0	0.18		33.4	15.88	91.6	0	0	1017.13	17.31	16.0	322.81	2.24	1.0
1696132440.0	0.18		33.2	15.88	91.8	0	0	1017.12	17.31	16.0	322.81	2.28	1.0
1696132500.0	0.18		33.0	15.88	92.0	0	0	1017.12	17.31	16.0	322.81	2.31	1.0
1696132560.0	0.18		30.2	15.86	92.2	0	0	1017.11	17.27	16.0	322.81	2.33	1.02
1696132620.0	0.18		27.4	15.85	92.4	0	0	1017.11	17.24	16.0	322.81	2.34	1.05
1696132680.0	0.15		24.6	15.84	92.6	0	0	1017.11	17.2	16.0	321.88	2.35	1.08
1696132740.0	0.15		21.8	15.83	92.8	0	0	1017.1	17.16	16.0	321.88	2.36	1.1
1696132800.0	0.15		19.0	15.81	93.0	0	0	1017.1	17.13	16.0	321.88	2.38	1.13
1696132860.0	0.15		19.0	15.81	93.0	0	0	1017.1	17.13	16.0	321.88	2.38	1.13
1696132920.0	0.15		19.0	15.81	93.0	0	0	1017.11	17.13	16.0	321.88	2.38	1.13
1696132980.0	0.14		19.0	15.81	93.0	0	0	1017.12	17.13	16.0	323.69	2.38	1.13
1696133040.0	0.14		19.0	15.81	93.0	0	0	1017.12	17.13	16.0	323.69	2.38	1.13
1696133100.0	0.14		19.0	15.81	93.0	0	0	1017.13	17.13	16.0	323.69	2.38	1.13
1696133160.0	0.14		19.0	15.79	93.0	0	0	1017.13	17.08	16.0	323.69	2.38	1.13
1696133220.0	0.14		19.0	15.76	93.0	0	0	1017.14	17.02	16.0	323.69	2.38	1.13
1696133280.0	0.14		19.0	15.74	93.0	0	0	1017.14	16.98	16.0	325.5	2.38	1.13
1696133340.0	0.14		19.0	15.71	93.0	0	0	1017.15	16.93	16.0	325.5	2.38	1.13
1696133400.0	0.14		19.0	15.69	93.0	0	0	1017.16	16.88	16.0	325.5	2.38	1.13
1696133460.0	0.14		19.0	15.71	93.2	0	0	1017.16	16.9	15.98	325.5	2.38	1.13
1696133520.0	0.14		19.0	15.74	93.4	0	0	1017.17	16.93	15.96	325.5	2.38	1.13
1696133580.0	0.13		19.0	15.76	93.6	0	0	1017.17	16.95	15.95	327.5	2.38	1.13
1696133640.0	0.13		19.0	15.79	93.8	0	0	1017.18	16.98	15.93	327.5	2.38	1.13
1696133700.0	0.13		19.0	15.81	94.0	0	0	1017.18	17.0	15.91	327.5	2.38	1.13
1696133760.0	0.13		19.0	15.79	94.0	0	0	1017.19	16.96	15.89	327.5	2.38	1.1
1696133820.0	0.13		19.0	15.76	94.0	0	0	1017.2	16.93	15.87	327.5	2.38	1.08
1696133880.0	0.12		19.0	15.74	94.0	0	0	1017.2	16.89	15.85	329.5	2.38	1.05
1696133940.0	0.12		19.0	15.71	94.0	0	0	1017.21	16.85	15.83	329.5	2.38	1.02
1696134000.0	0.12		19.0	15.69	94.0	0	0	1017.21	16.81	15.81	329.5	2.38	1.0
1696134060.0	0.12		19.0	15.71	94.0	0	0	1017.22	16.81	15.79	329.5	2.36	1.0
1696134120.0	0.12		19.0	15.74	94.0	0	0	1017.22	16.81	15.77	329.5	2.35	1.0
1696134180.0	0.12		19.0	15.76	94.0	0	0	1017.23	16.81	15.75	331.69	2.34	1.0
1696134240.0	0.12		19.0	15.79	94.0	0	0	1017.24	16.81	15.73	331.69	2.33	1.0
1696134300.0	0.12		19.0	15.81	94.0	0	0	1017.24	16.81	15.71	331.69	2.31	1.0
1696134360.0	0.12		19.2	15.85	94.4	0	0	1017.25	16.81	15.59	331.69	2.48	1.02
1696134420.0	0.12		19.4	15.89	94.8	0	0	1017.25	16.81	15.46	331.69	2.64	1.05
1696134480.0	0.09		19.6	15.93	95.2	0	0	1017.26	16.81	15.34	322.88	2.8	1.08
1696134540.0	0.09		19.8	15.96	95.6	0	0	1017.26	16.81	15.22	322.88	2.96	1.1
1696134600.0	0.09		20.0	16.0	96.0	0	0	1017.27	16.81	15.09	322.88	3.13	1.13
1696134660.0	0.09		20.0	15.96	96.0	0	0	1017.27	16.75	14.38	322.88	3.14	1.13
1696134720.0	0.09		20.0	15.93	96.0	0	0	1017.28	16.69	13.67	322.88	3.15	1.13
1696134780.0	0.08		20.0	15.89	96.0	0	0	1017.29	16.63	12.96	323.69	3.16	1.13
1696134840.0	0.08		20.0	15.85	96.0	0	0	1017.29	16.56	12.25	323.69	3.18	1.13
1696134900.0	0.08		20.0	15.81	96.0	0	0	1017.3	16.5	11.54	323.69	3.19	1.13
1696134960.0	0.08		20.0	15.81	96.0	0	0	1017.3	16.5	11.53	323.69	3.21	1.13
1696135020.0	0.08		20.0	15.81	96.0	0	0	1017.31	16.5	11.53	323.69	3.24	1.13
1696135080.0	0.08		20.0	15.81	96.0	0	0	1017.31	16.5	11.53	324.63	3.26	1.13
1696135140.0	0.08		20.0	15.81	96.0	0	0	1017.32	16.5	11.53	324.63	3.29	1.13
1696135200.0	0.08		20.0	15.81	96.0	0	0	1017.33	16.5	11.53	324.63	3.31	1.13
1696135260.0	0.08		20.0	15.81	96.0	0	0	1017.33	16.5	11.52	324.63	3.31	1.13
1696135320.0	0.08		20.0	15.81	96.0	0	0	1017.34	16.5	11.52	324.63	3.31	1.13
1696135380.0	0.08		20.0	15.81	96.0	0	0	1017.34	16.5	11.52	325.5	3.31	1.13
1696135440.0	0.08		20.0	15.81	96.0	0	0	1017.35	16.5	11.52	325.5	3.31	1.13
1696135500.0	0.08		20.0	15.81	96.0	0	0	1017.35	16.5	11.52	325.5	3.31	1.13
1696135560.0	0.08		20.0	15.81	96.0	0	0	1017.36	16.5	11.51	325.5	3.33	1.13
1696135620.0	0.08		20.0	15.81	96.0	0	0	1017.37	16.5	11.51	325.5	3.34	1.13
1696135680.0	0.08		20.0	15.81	96.0	0	0	1017.37	16.5	11.51	326.31	3.35	1.13
1696135740.0	0.08		20.0	15.81	96.0	0	0	1017.38	16.5	11.51	326.31	3.36	1.13
1696135800.0	0.08		20.0	15.81	96.0	0	0	1017.38	16.5	11.51	326.31	3.38	1.13
1696135860.0	0.08		16.2	15.78	96.0	0	0	1017.39	16.46	11.51	326.31	3.4	1.13
1696135920.0	0.08		12.4	15.74	96.0	0	0	1017.39	16.43	11.5	326.31	3.43	1.13
1696135980.0			8.6	15.7	96.0	0	0	1017.4	16.39	11.5	327.19	3.45	1.13
1696136040.0			4.8	15.66	96.0	0	0	1017.41	16.35	11.5	327.19	3.48	1.13
1696136100.0			1.0	15.63	96.0	0	0	1017.41	16.31	11.5	327.19	3.5	1.13
1696136160.0			1.0	15.63	96.0	0	0	1017.42	16.31	11.5	327.19	3.53	1.13
1696136220.0			1.0	15.63	96.0	0	0	1017.42	16.31	11.49	327.19	3.55	1.13
1696136280.0			1.0	15.63	96.0	0	0	1017.43	16.31	11.49	328.13	3.58	1.13
1696136340.0			1.0	15.63	96.0	0	0	1017.43	16.31	11.49	328.13	3.6	1.13
1696136400.0			1.0	15.63	96.0	0	0	1017.44	16.31	11.49	328.13	3.63	1.13
1696136460.0			1.0	15.63	96.0	0	0	1017.44	16.31	11.5	328.13	3.63	1.13
1696136520.0			1.0	15.63	96.0	0	0	1017.44	16.31	11.52	328.13	3.63	1.13
1696136580.0			1.0	15.63	96.0	0	0	1017.45	16.31	11.54	328.38	3.63	1.13
1696136640.0			1.0	15.63	96.0	0	0	1017.45	16.31	11.55	328.38	3.63	1.13
1696136700.0			1.0	15.63	96.0	0	0	1017.45	16.31	11.57	328.38	3.63	1.13
1696136760.0			1.0	15.63	96.0	0	0	1017.45	16.31	11.59	328.38	3.64	1.14
1696136820.0			1.0	15.63	96.0	0	0	1017.46	16.31	11.6	328.38	3.65	1.15
1696136880.0			1.0	15.63	96.0	0	0	1017.46	16.31	11.62	333.13	3.66	1.16
1696136940.0			1.0	15.63	96.0	0	0	1017.46	16.31	11.64	333.13	3.68	1.18
1696137000.0			1.0	15.63	96.0	0	0	1017.46	16.31	11.65	333.13	3.69	1.19
1696137060.0			1.0	15.63	96.0	0	0	1017.46	16.31	11.95	333.13	3.71	1.19
1696137120.0			1.0	15.63	96.0	0	0	1017.47	16.31	12.25	333.13	3.74	1.19
1696137180.0			1.0	15.63	96.0	0	0	1017.47	16.31	12.55	333.38	3.76	1.19
1696137240.0			1.0	15.63	96.0	0	0	1017.47	16.31	12.85	333.38	3.79	1.19
1696137300.0			1.0	15.63	96.0	0	0	1017.47	16.31	13.16	333.38	3.81	1.19
1696137360.0			1.0	15.6	96.0	0	0	1017.48	16.31	13.17	333.38	3.81	1.19
1696137420.0			1.0	15.58	96.0	0	0	1017.48	16.31	13.19	333.38	3.81	1.19
1696137480.0			1.0	15.55	96.0	0	0	1017.48	16.31	13.2	329.31	3.81	1.19
1696137540.0			1.0	15.53	96.0	0	0	1017.48	16.31	13.22	329.31	3.81	1.19
1696137600.0			1.0	15.5	96.0	0	0	1017.48	16.31	13.24	329.31	3.81	1.19
1696137660.0			1.0	15.5	96.0	0	0	1017.49	16.31	13.25	329.31	3.83	1.19
1696137720.0			1.0	15.5	96.0	0	0	1017.49	16.31	13.27	329.31	3.84	1.19
1696137780.0			1.0	15.5	96.0	0	0	1017.49	16.31	13.29	329.63	3.85	1.19
1696137840.0			1.0	15.5	96.0	0	0	1017.49	16.31	13.3	329.63	3.86	1.19
1696137900.0			1.0	15.5	96.0	0	0	1017.5	16.31	13.32	329.63	3.88	1.19
1696137960.0			2.6	15.53	96.0	0	0	1017.5	16.31	13.27	329.63	3.8	1.18
1696138020.0			4.2	15.55	96.0	0	0	1017.5	16.31	13.23	329.63	3.73	1.16
1696138080.0			5.8	15.58	96.0	0	0	1017.5	16.31	13.18	323.19	3.65	1.15
1696138140.0			7.4	15.6	96.0	0	0	1017.5	16.31	13.13	323.19	3.58	1.14
1696138200.0			9.0	15.63	96.0	0	0	1017.51	16.31	13.09	323.19	3.5	1.13
1696138260.0			8.8	15.6	96.0	0	0	1017.51	16.29	13.52	323.19	3.53	1.13
1696138320.0			8.6	15.58	96.0	0	0	1017.51	16.26	13.94	323.19	3.55	1.13
1696138380.0			8.4	15.55	96.0	0	0	1017.51	16.24	14.37	323.69	3.58	1.13
1696138440.0			8.2	15.53	96.0	0	0	1017.52	16.21	14.8	323.69	3.6	1.13
1696138500.0			8.0	15.5	96.0	0	0	1017.52	16.19	15.23	323.69	3.63	1.13
1696138560.0			7.8	15.5	96.0	0	0	1017.52	16.19	15.23	323.69	3.64	1.13
1696138620.0			7.6	15.5	96.0	0	0	1017.52	16.19	15.23	323.69	3.65	1.13
1696138680.0			7.4	15.5	96.0	0	0	1017.52	16.19	15.24	324.19	3.66	1.13
1696138740.0			7.2	15.5	96.0	0	0	1017.53	16.19	15.24	324.19	3.68	1.13
1696138800.0			7.0	15.5	96.0	0	0	1017.53	16.19	15.24	324.19	3.69	1.13
1696138860.0			6.8	15.48	96.0	0	0	1017.53	16.18	15.24	324.19	3.71	1.14
1696138920.0			6.6	15.45	96.0	0	0	1017.53	16.16	15.25	324.19	3.74	1.15
1696138980.0			6.4	15.43	96.0	0	0	1017.54	16.15	15.25	324.81	3.76	1.16
1696139040.0			6.2	15.4	96.0	0	0	1017.54	16.14	15.25	324.81	3.79	1.18
1696139100.0			6.0	15.38	96.0	0	0	1017.54	16.13	15.26	324.81	3.81	1.19
1696139160.0			5.8	15.38	96.0	0	0	1017.54	16.13	15.26	324.81	3.83	1.19
1696139220.0			5.6	15.38	96.0	0	0	1017.54	16.13	15.26	324.81	3.84	1.19
1696139280.0			5.4	15.38	96.0	0	0	1017.55	16.13	15.26	325.31	3.85	1.19
1696139340.0			5.2	15.38	96.0	0	0	1017.55	16.13	15.27	325.31	3.86	1.19
1696139400.0			5.0	15.38	96.0	0	0	1017.55	16.13	15.27	325.31	3.88	1.19
1696139460.0			4.8	15.36	95.8	0	0	1017.55	16.13	14.85	325.31	3.93	1.19
1696139520.0			4.6	15.35	95.6	0	0	1017.56	16.13	14.42	325.31	3.98	1.19
1696139580.0			4.4	15.34	95.4	0	0	1017.56	16.13	14.0	325.81	4.03	1.19
1696139640.0			4.2	15.33	95.2	0	0	1017.56	16.13	13.58	325.81	4.08	1.19
1696139700.0			4.0	15.31	95.0	0	0	1017.56	16.13	13.15	325.81	4.13	1.19
1696139760.0			3.8	15.31	95.0	0	0	1017.56	16.1	13.16	325.81	4.14	1.21
1696139820.0			3.6	15.31	95.0	0	0	1017.57	16.08	13.16	325.81	4.15	1.24
1696139880.0			3.4	15.31	95.0	0	0	1017.57	16.05	13.16	326.31	4.16	1.26
1696139940.0			3.2	15.31	95.0	0	0	1017.57	16.02	13.16	326.31	4.18	1.29
1696140000.0			3.0	15.31	95.0	0	0	1017.57	16.0	13.17	326.31	4.19	1.31
1696140060.0			3.0	15.31	95.0	0	0	1017.56	16.0	13.17	326.31	4.19	1.29
1696140120.0			3.0	15.31	95.0	0	0	1017.54	16.0	13.17	326.31	4.19	1.26
1696140180.0			3.0	15.31	95.0	0	0	1017.52	16.0	13.17	326.69	4.19	1.24
1696140240.0			3.0	15.31	95.0	0	0	1017.51	16.0	13.17	326.69	4.19	1.21
1696140300.0			3.0	15.31	95.0	0	0	1017.49	16.0	13.17	326.69	4.19	1.19
1696140360.0			3.0	15.31	95.0	0	0	1017.48	16.0	13.17	326.69	4.19	1.19
1696140420.0			3.0	15.31	95.0	0	0	1017.46	16.0	13.17	326.69	4.19	1.19
1696140480.0			3.0	15.31	95.0	0	0	1017.44	16.0	13.17	327.0	4.19	1.19
1696140540.0			3.0	15.31	95.0	0	0	1017.43	16.0	13.17	327.0	4.19	1.19
1696140600.0			3.0	15.31	95.0	0	0	1017.41	16.0	13.17	327.0	4.19	1.19
1696140660.0			2.8	15.29	95.0	0	0	1017.39	16.0	13.17	327.0	4.19	1.19
1696140720.0			2.6	15.26	95.0	0	0	1017.38	16.0	13.17	327.0	4.19	1.19
1696140780.0			2.4	15.24	95.0	0	0	1017.36	16.0	13.17	327.31	4.19	1.19
1696140840.0			2.2	15.21	95.0	0	0	1017.35	16.0	13.17	327.31	4.19	1.19
1696140900.0			2.0	15.19	95.0	0	0	1017.33	16.0	13.17	327.31	4.19	1.19
1696140960.0			2.0	15.18	95.0	0	0	1017.31	15.98	12.88	327.31	4.19	1.19
1696141020.0			2.0	15.16	95.0	0	0	1017.3	15.95	12.6	327.31	4.19	1.19
1696141080.0			2.0	15.15	95.0	0	0	1017.28	15.93	12.32	327.69	4.19	1.19
1696141140.0			2.0	15.14	95.0	0	0	1017.26	15.9	12.03	327.69	4.19	1.19
1696141200.0			2.0	15.13	95.0	0	0	1017.25	15.88	11.75	327.69	4.19	1.19
1696141260.0			7.4	15.16	95.2	0	0	1017.23	15.9	11.69	327.69	4.25	1.21
1696141320.0			12.8	15.2	95.4	0	0	1017.22	15.93	11.63	327.69	4.31	1.24
1696141380.0	0.08		18.2	15.24	95.6	0	0	1017.2	15.95	11.57	328.38	4.38	1.26
1696141440.0	0.08		23.6	15.28	95.8	0	0	1017.18	15.98	11.51	328.38	4.44	1.29
1696141500.0	0.08		29.0	15.31	96.0	0	0	1017.17	16.0	11.45	328.38	4.5	1.31
1696141560.0	0.08		28.2	15.31	96.0	0	0	1017.15	16.0	11.47	328.38	4.5	1.33
1696141620.0	0.08		27.4	15.31	96.0	0	0	1017.13	16.0	11.49	328.38	4.5	1.34
1696141680.0	0.09		26.6	15.31	96.0	0	0	1017.12	16.0	11.51	328.88	4.5	1.35
1696141740.0	0.09		25.8	15.31	96.0	0	0	1017.1	16.0	11.53	328.88	4.5	1.36
1696141800.0	0.09		25.0	15.31	96.0	0	0	1017.09	16.0	11.55	328.88	4.5	1.38
1696141860.0	0.09		24.2	15.29	96.0	0	0	1017.07	15.98	12.28	328.88	4.53	1.38
1696141920.0	0.09		23.4	15.26	96.0	0	0	1017.05	15.95	13.01	328.88	4.55	1.38
1696141980.0	0.09		22.6	15.24	96.0	0	0	1017.04	15.93	13.74	329.38	4.58	1.38
1696142040.0	0.09		21.8	15.21	96.0	0	0	1017.02	15.9	14.47	329.38	4.6	1.38
1696142100.0	0.09		21.0	15.19	96.0	0	0	1017.01	15.88	15.2	329.38	4.63	1.38
1696142160.0	0.09		20.2	15.18	95.8	0	0	1016.99	15.88	15.22	329.38	4.63	1.38
1696142220.0	0.09		19.4	15.16	95.6	0	0	1016.97	15.88	15.24	329.38	4.63	1.38
1696142280.0	0.09		18.6	15.15	95.4	0	0	1016.96	15.88	15.26	329.88	4.63	1.38
1696142340.0	0.09		17.8	15.14	95.2	0	0	1016.94	15.88	15.28	329.88	4.63	1.38
1696142400.0	0.09		17.0	15.13	95.0	0	0	1016.92	15.88	15.3	329.88	4.63	1.38
1696142460.0	0.09		16.2	15.13	95.0	0	0	1016.91	15.88	15.32	329.88	4.64	1.4
1696142520.0	0.09		15.4	15.13	95.0	0	0	1016.89	15.88	15.34	329.88	4.65	1.43
1696142580.0	0.1		14.6	15.13	95.0	0	0	1016.88	15.88	15.36	330.38	4.66	1.45
1696142640.0	0.1		13.8	15.13	95.0	0	0	1016.86	15.88	15.38	330.38	4.68	1.48
1696142700.0	0.1		13.0	15.13	95.0	0	0	1016.84	15.88	15.4	330.38	4.69	1.5
1696142760.0	0.1		12.2	15.1	95.0	0	0	1016.83	15.88	15.42	330.38	4.71	1.5
1696142820.0	0.1		11.4	15.08	95.0	0	0	1016.81	15.88	15.44	330.38	4.74	1.5
1696142880.0			10.6	15.05	95.0	0	0	1016.79	15.88	15.46	330.88	4.76	1.5
1696142940.0			9.8	15.03	95.0	0	0	1016.78	15.88	15.48	330.88	4.79	1.5
1696143000.0			9.0	15.0	95.0	0	0	1016.76	15.88	15.5	330.88	4.81	1.5
1696143060.0			8.2	15.0	95.0	0	0	1016.75	15.86	15.52	330.88	4.81	1.5
1696143120.0			7.4	15.0	95.0	0	0	1016.73	15.85	15.54	330.88	4.81	1.5
1696143180.0			6.6	15.0	95.0	0	0	1016.71	15.84	15.56	331.31	4.81	1.5
1696143240.0			5.8	15.0	95.0	0	0	1016.7	15.83	15.58	331.31	4.81	1.5
1696143300.0			5.0	15.0	95.0	0	0	1016.68	15.81	15.6	331.31	4.81	1.5
1696143360.0			7.8	14.96	94.8	0	0	1016.66	15.81	14.77	331.31	4.83	1.5
1696143420.0			10.6	14.93	94.6	0	0	1016.65	15.81	13.94	331.31	4.84	1.5
1696143480.0	0.11		13.4	14.89	94.4	0	0	1016.63	15.81	13.11	331.69	4.85	1.5
1696143540.0	0.11		16.2	14.85	94.2	0	0	1016.62	15.81	12.28	331.69	4.86	1.5
1696143600.0	0.11		19.0	14.81	94.0	0	0	1016.6	15.81	11.45	331.69	4.88	1.5
1696143660.0	0.11		19.0	14.81	94.0	0	0	1016.6	15.81	11.45	331.69	4.88	1.5
1696143720.0	0.11		19.0	14.81	94.0	0	0	1016.61	15.81	11.45	331.69	4.88	1.5
1696143780.0	0.12		19.0	14.81	94.0	0	0	1016.61	15.81	11.46	332.13	4.88	1.5
1696143840.0	0.12		19.0	14.81	94.0	0	0	1016.62	15.81	11.46	332.13	4.88	1.5
1696143900.0	0.12		19.0	14.81	94.0	0	0	1016.62	15.81	11.47	332.13	4.88	1.5
1696143960.0	0.12		19.0	14.81	94.0	0	0	1016.63	15.79	11.47	332.13	4.88	1.5
1696144020.0	0.12		19.0	14.81	94.0	0	0	1016.63	15.76	11.48	332.13	4.88	1.5
1696144080.0	0.12		19.0	14.81	94.0	0	0	1016.64	15.74	11.48	332.38	4.88	1.5
1696144140.0	0.12		19.0	14.81	94.0	0	0	1016.64	15.71	11.49	332.38	4.88	1.5
1696144200.0	0.12		19.0	14.81	94.0	0	0	1016.65	15.69	11.49	332.38	4.88	1.5
1696144260.0	0.12		19.0	14.78	93.8	0	0	1016.65	15.69	11.6	332.38	4.88	1.5
1696144320.0	0.12		19.0	14.74	93.6	0	0	1016.66	15.69	11.71	332.38	4.88	1.5
1696144380.0	0.14		19.0	14.7	93.4	0	0	1016.66	15.69	11.82	330.5	4.88	1.5
1696144440.0	0.14		19.0	14.66	93.2	0	0	1016.67	15.69	11.93	330.5	4.88	1.5
1696144500.0	0.14		19.0	14.63	93.0	0	0	1016.67	15.69	12.04	330.5	4.88	1.5
1696144560.0	0.14		19.0	14.6	93.2	0	0	1016.68	15.68	12.46	330.5	4.88	1.53
1696144620.0	0.14		19.0	14.58	93.4	0	0	1016.68	15.66	12.89	330.5	4.88	1.55
1696144680.0	0.13		19.0	14.55	93.6	0	0	1016.69	15.65	13.32	330.88	4.88	1.58
1696144740.0	0.13		19.0	14.53	93.8	0	0	1016.69	15.64	13.74	330.88	4.88	1.6
1696144800.0	0.13		19.0	14.5	94.0	0	0	1016.7	15.63	14.17	330.88	4.88	1.63
1696144860.0	0.13		19.0	14.5	93.8	0	0	1016.7	15.63	14.17	330.88	4.93	1.64
1696144920.0	0.13		19.0	14.5	93.6	0	0	1016.71	15.63	14.17	330.88	4.97	1.65
1696144980.0	0.13		19.0	14.5	93.4	0	0	1016.71	15.63	14.17	331.31	5.03	1.66
1696145040.0	0.13		19.0	14.5	93.2	0	0	1016.72	15.63	14.17	331.31	5.08	1.68
1696145100.0	0.13		19.0	14.5	93.0	0	0	1016.72	15.63	14.17	331.31	5.13	1.69
1696145160.0	0.13		19.0	14.5	93.0	0	0	1016.73	15.63	14.17	331.31	5.14	1.69
1696145220.0	0.13		19.0	14.5	93.0	0	0	1016.73	15.63	14.17	331.31	5.15	1.69
1696145280.0	0.13		19.0	14.5	93.0	0	0	1016.74	15.63	14.17	331.63	5.16	1.69
1696145340.0	0.13		19.0	14.5	93.0	0	0	1016.74	15.63	14.17	331.63	5.18	1.69
1696145400.0	0.13		19.0	14.5	93.0	0	0	1016.75	15.63	14.17	331.63	5.19	1.69
1696145460.0	0.13		19.0	14.5	93.0	0	0	1016.75	15.6	14.17	331.63	5.19	1.69
1696145520.0	0.13		19.0	14.5	93.0	0	0	1016.76	15.58	14.17	331.63	5.19	1.69
1696145580.0	0.13		19.0	14.5	93.0	0	0	1016.76	15.55	14.18	332.0	5.19	1.69
1696145640.0	0.13		19.0	14.5	93.0	0	0	1016.77	15.53	14.18	332.0	5.19	1.69
1696145700.0	0.13		19.0	14.5	93.0	0	0	1016.77	15.5	14.18	332.0	5.19	1.69
1696145760.0	0.13		24.0	14.48	93.0	0	0	1016.78	15.5	14.47	332.0	5.21	1.69
1696145820.0	0.13		29.0	14.45	93.0	0	0	1016.78	15.5	14.77	332.0	5.24	1.69
1696145880.0	0.14		34.0	14.43	93.0	0	0	1016.79	15.5	15.07	332.31	5.26	1.69
1696145940.0	0.14		39.0	14.4	93.0	0	0	1016.79	15.5	15.37	332.31	5.29	1.69
1696146000.0	0.14		44.0	14.38	93.0	0	0	1016.8	15.5	15.67	332.31	5.31	1.69
1696146060.0	0.14		44.0	14.38	93.0	0	0	1016.8	15.5	15.68	332.31	5.31	1.69
1696146120.0	0.14		44.0	14.38	93.0	0	0	1016.81	15.5	15.69	332.31	5.31	1.69
1696146180.0	0.14		44.0	14.38	93.0	0	0	1016.81	15.5	15.7	332.63	5.31	1.69
1696146240.0	0.14		44.0	14.38	93.0	0	0	1016.82	15.5	15.71	332.63	5.31	1.69
1696146300.0	0.14		44.0	14.38	93.0	0	0	1016.82	15.5	15.72	332.63	5.31	1.69
1696146360.0	0.14		44.0	14.36	93.0	0	0	1016.83	15.48	15.72	332.63	5.33	1.71
1696146420.0	0.14		44.0	14.35	93.0	0	0	1016.83	15.45	15.73	332.63	5.34	1.74
1696146480.0	0.14		44.0	14.34	93.0	0	0	1016.84	15.43	15.74	333.0	5.35	1.76
1696146540.0	0.14		44.0	14.33	93.0	0	0	1016.84	15.4	15.75	333.0	5.36	1.79
1696146600.0	0.14		44.0	14.31	93.0	0	0	1016.85	15.38	15.76	333.0	5.38	1.81
1696146660.0	0.14		44.0	14.31	93.0	0	0	1016.85	15.38	15.77	333.0	5.38	1.81
1696146720.0	0.14		44.0	14.31	93.0	0	0	1016.86	15.38	15.78	333.0	5.38	1.81
1696146780.0	0.14		44.0	14.31	93.0	0	0	1016.86	15.38	15.79	333.31	5.38	1.81
1696146840.0	0.14		44.0	14.31	93.0	0	0	1016.87	15.38	15.8	333.31	5.38	1.81
1696146900.0	0.14		44.0	14.31	93.0	0	0	1016.87	15.38	15.81	333.31	5.38	1.81
1696146960.0	0.14		35.2	14.29	93.0	0	0	1016.88	15.36	15.85	333.31	5.38	1.81
1696147020.0	0.14		26.4	14.26	93.0	0	0	1016.88	15.35	15.89	333.31	5.38	1.81
1696147080.0			17.6	14.24	93.0	0	0	1016.89	15.34	15.92	333.63	5.38	1.81
1696147140.0			8.8	14.21	93.0	0	0	1016.89	15.33	15.96	333.63	5.38	1.81
1696147200.0			0.0	14.19	93.0	0	0	1016.9	15.31	16.0	333.63	5.38	1.81
1696147260.0			0.0	14.19	93.0	0	0	1016.9	15.31	16.0	333.63	5.38	1.81
1696147320.0			0.0	14.19	93.0	0	0	1016.9	15.31	16.0	333.63	5.38	1.81
1696147380.0			0.0	14.19	93.0	0	0	1016.91	15.31	16.0	334.81	5.38	1.81
1696147440.0			0.0	14.19	93.0	0	0	1016.91	15.31	16.0	334.81	5.38	1.81
1696147500.0			0.0	14.19	93.0	0	0	1016.91	15.31	16.0	334.81	5.38	1.81
1696147560.0			0.0	14.2	93.1	0	0	1016.92	15.31	16.0	334.81	5.38	1.81
1696147620.0			0.0	14.21	93.2	0	0	1016.92	15.31	16.0	334.81	5.38	1.81
1696147680.0			0.0	14.23	93.3	0	0	1016.92	15.31	16.0	334.81	5.38	1.81
1696147740.0			0.0	14.24	93.4	0	0	1016.93	15.31	16.0	334.81	5.38	1.81
1696147800.0			0.0	14.25	93.5	0	0	1016.93	15.31	16.0	337.19	5.38	1.81
1696147860.0			0.0	14.26	93.6	0	0	1016.93	15.31	16.0	337.19	5.38	1.81
1696147920.0			0.0	14.28	93.7	0	0	1016.93	15.31	16.0	337.19	5.38	1.81
1696147980.0			0.0	14.29	93.8	0	0	1016.94	15.31	16.0	337.19	5.38	1.81
1696148040.0			0.0	14.3	93.9	0	0	1016.94	15.31	16.0	337.19	5.38	1.81
1696148100.0			0.0	14.31	94.0	0	0	1016.94	15.31	16.0	337.19	5.38	1.81
1696148160.0			6.6	14.33	94.0	0	0	1016.95	15.31	15.99	337.19	5.38	1.79
1696148220.0			13.2	14.34	94.0	0	0	1016.95	15.31	15.98	337.19	5.38	1.76
1696148280.0	0.12		19.8	14.35	94.0	0	0	1016.95	15.31	15.98	338.5	5.38	1.74
1696148340.0	0.12		26.4	14.36	94.0	0	0	1016.95	15.31	15.97	338.5	5.38	1.71
1696148400.0	0.12		33.0	14.38	94.0	0	0	1016.96	15.31	15.96	338.5	5.38	1.69
1696148460.0	0.12		33.0	14.38	94.0	0	0	1016.96	15.31	15.94	338.5	5.38	1.69
1696148520.0	0.12		33.0	14.38	94.0	0	0	1016.96	15.31	15.92	338.5	5.38	1.69
1696148580.0	0.11		33.0	14.38	94.0	0	0	1016.97	15.31	15.91	339.81	5.38	1.69
1696148640.0	0.11		33.0	14.38	94.0	0	0	1016.97	15.31	15.89	339.81	5.38	1.69
1696148700.0	0.11		33.0	14.38	94.0	0	0	1016.97	15.31	15.87	339.81	5.38	1.69
1696148760.0	0.11		33.0	14.34	94.0	0	0	1016.97	15.29	15.9	339.81	5.36	1.68
1696148820.0	0.11		33.0	14.3	94.0	0	0	1016.98	15.26	15.92	339.81	5.35	1.66
1696148880.0	0.12		33.0	14.26	94.0	0	0	1016.98	15.24	15.95	346.63	5.34	1.65
1696148940.0	0.12		33.0	14.23	94.0	0	0	1016.98	15.21	15.97	346.63	5.33	1.64
1696149000.0	0.12		33.0	14.19	94.0	0	0	1016.99	15.19	16.0	346.63	5.31	1.63
1696149060.0	0.12		33.0	14.19	94.0	0	0	1016.99	15.19	16.0	346.63	5.33	1.6
1696149120.0	0.12		33.0	14.19	94.0	0	0	1016.99	15.19	16.0	346.63	5.34	1.58
1696149180.0	0.12		33.0	14.19	94.0	0	0	1016.99	15.19	16.0	348.0	5.35	1.55
1696149240.0	0.12		33.0	14.19	94.0	0	0	1017.0	15.19	16.0	348.0	5.36	1.53
1696149300.0	0.12		33.0	14.19	94.0	0	0	1017.0	15.19	16.0	348.0	5.38	1.5
1696149360.0	0.12		30.2	14.19	94.0	0	0	1017.0	15.19	15.6	348.0	5.38	1.5
1696149420.0	0.12		27.4	14.19	94.0	0	0	1017.01	15.19	15.19	348.0	5.38	1.5
1696149480.0	0.12		24.6	14.19	94.0	0	0	1017.01	15.19	14.79	349.38	5.38	1.5
1696149540.0	0.12		21.8	14.19	94.0	0	0	1017.01	15.19	14.39	349.38	5.38	1.5
1696149600.0	0.12		19.0	14.19	94.0	0	0	1017.02	15.19	13.98	349.38	5.38	1.5
1696149660.0	0.12		19.0	14.19	94.0	0	0	1017.02	15.19	13.97	349.38	5.38	1.5
1696149720.0	0.12		19.0	14.19	94.0	0	0	1017.02	15.19	13.96	349.38	5.38	1.5
1696149780.0	0.12		19.0	14.19	94.0	0	0	1017.02	15.19	13.96	350.81	5.38	1.5
1696149840.0	0.12		19.0	14.19	94.0	0	0	1017.03	15.19	13.95	350.81	5.38	1.5
1696149900.0	0.12		19.0	14.19	94.0	0	0	1017.03	15.19	13.94	350.81	5.38	1.5
1696149960.0	0.12		19.0	14.19	94.0	0	0	1017.03	15.19	13.93	350.81	5.38	1.5
1696150020.0	0.12		19.0	14.19	94.0	0	0	1017.04	15.19	13.92	350.81	5.38	1.5
1696150080.0	0.12		19.0	14.19	94.0	0	0	1017.04	15.19	13.91	352.19	5.38	1.5
1696150140.0	0.12		19.0	14.19	94.0	0	0	1017.04	15.19	13.9	352.19	5.38	1.5
1696150200.0	0.12		19.0	14.19	94.0	0	0	1017.04	15.19	13.89	352.19	5.38	1.5
1696150260.0	0.12		19.0	14.21	94.0	0	0	1017.05	15.19	13.88	352.19	5.38	1.5
1696150320.0	0.12		19.0	14.24	94.0	0	0	1017.05	15.19	13.87	352.19	5.38	1.5
1696150380.0	0.11		19.0	14.26	94.0	0	0	1017.05	15.19	13.86	353.63	5.38	1.5
1696150440.0	0.11		19.0	14.29	94.0	0	0	1017.06	15.19	13.85	353.63	5.38	1.5
1696150500.0	0.11		19.0	14.31	94.0	0	0	1017.06	15.19	13.85	353.63	5.38	1.5
1696150560.0	0.11		15.2	14.29	94.2	0	0	1017.06	15.15	14.13	353.63	5.38	1.5
1696150620.0	0.11		11.4	14.26	94.4	0	0	1017.06	15.11	14.41	353.63	5.38	1.5
1696150680.0			7.6	14.24	94.6	0	0	1017.07	15.08	14.69	355.0	5.38	1.5
1696150740.0			3.8	14.21	94.8	0	0	1017.07	15.04	14.97	355.0	5.38	1.5
1696150800.0			0.0	14.19	95.0	0	0	1017.07	15.0	15.25	355.0	5.38	1.5
1696150860.0			0.0	14.19	95.0	0	0	1017.08	15.0	15.25	355.0	5.4	1.5
1696150920.0			0.0	14.19	95.0	0	0	1017.09	15.0	15.26	355.0	5.43	1.5
1696150980.0			0.0	14.19	95.0	0	0	1017.1	15.0	15.27	355.0	5.45	1.5
1696151040.0			0.0	14.19	95.0	0	0	1017.11	15.0	15.28	355.0	5.48	1.5
1696151100.0			0.0	14.19	95.0	0	0	1017.13	15.0	15.29	355.0	5.5	1.5
1696151160.0			0.0	14.19	95.0	0	0	1017.14	15.0	15.29	355.0	5.53	1.53
1696151220.0			0.0	14.19	95.0	0	0	1017.15	15.0	15.3	355.0	5.55	1.55
1696151280.0			0.0	14.19	95.0	0	0	1017.16	15.0	15.31	355.0	5.58	1.58
1696151340.0			0.0	14.19	95.0	0	0	1017.17	15.0	15.32	355.0	5.6	1.6
1696151400.0			0.0	14.19	95.0	0	0	1017.18	15.0	15.33	355.0	5.63	1.63
1696151460.0			0.0	14.19	95.0	0	0	1017.19	15.0	15.33	355.0	5.64	1.63
1696151520.0			0.0	14.19	95.0	0	0	1017.2	15.0	15.34	355.0	5.65	1.63
1696151580.0			0.0	14.19	95.0	0	0	1017.21	15.0	15.35	355.0	5.66	1.63
1696151640.0			0.0	14.19	95.0	0	0	1017.22	15.0	15.36	355.0	5.68	1.63
1696151700.0			0.0	14.19	95.0	0	0	1017.23	15.0	15.37	355.0	5.69	1.63
1696151760.0			0.0	14.19	95.0	0	0	1017.24	15.03	15.49	355.0	5.71	1.63
1696151820.0			0.0	14.19	95.0	0	0	1017.25	15.05	15.62	355.0	5.74	1.63
1696151880.0			0.0	14.19	95.0	0	0	1017.26	15.08	15.75	355.0	5.76	1.63
1696151940.0			0.0	14.19	95.0	0	0	1017.27	15.1	15.87	355.0	5.79	1.63
1696152000.0			0.0	14.19	95.0	0	0	1017.28	15.13	16.0	355.0	5.81	1.63
1696152060.0			0.0	14.19	94.8	0	0	1017.29	15.13	16.0	355.0	5.83	1.64
1696152120.0			0.0	14.19	94.6	0	0	1017.3	15.13	16.0	355.0	5.84	1.65
1696152180.0			0.0	14.19	94.4	0	0	1017.31	15.13	16.0	354.88	5.85	1.66
1696152240.0			0.0	14.19	94.2	0	0	1017.32	15.13	16.0	354.88	5.86	1.68
1696152300.0			0.0	14.19	94.0	0	0	1017.33	15.13	16.0	354.88	5.88	1.69
1696152360.0			0.0	14.19	94.0	0	0	1017.34	15.13	16.0	354.88	5.9	1.75
1696152420.0			0.0	14.19	94.0	0	0	1017.35	15.13	16.0	354.88	5.93	1.81
1696152480.0			0.0	14.19	94.0	0	0	1017.37	15.13	16.0	349.81	5.95	1.88
1696152540.0			0.0	14.19	94.0	0	0	1017.38	15.13	16.0	349.81	5.98	1.94
1696152600.0			0.0	14.19	94.0	0	0	1017.39	15.13	16.0	349.81	6.0	2.0
1696152660.0			0.0	14.19	94.0	0	0	1017.4	15.13	16.0	349.81	6.0	2.0
1696152720.0			0.0	14.19	94.0	0	0	1017.41	15.13	16.0	349.81	6.0	2.0
1696152780.0			0.0	14.19	94.0	0	0	1017.42	15.13	16.0	350.31	6.0	2.0
1696152840.0			0.0	14.19	94.0	0	0	1017.43	15.13	16.0	350.31	6.0	2.0
1696152900.0			0.0	14.19	94.0	0	0	1017.44	15.13	16.0	350.31	6.0	2.0
1696152960.0			0.0	14.15	94.0	0	0	1017.45	15.1	15.87	350.31	6.03	2.0
1696153020.0			0.0	14.11	94.0	0	0	1017.46	15.08	15.74	350.31	6.05	2.0
1696153080.0			0.0	14.08	94.0	0	0	1017.47	15.05	15.61	350.81	6.08	2.0
1696153140.0			0.0	14.04	94.0	0	0	1017.48	15.03	15.49	350.81	6.1	2.0
1696153200.0			0.0	14.0	94.0	0	0	1017.49	15.0	15.36	350.81	6.13	2.0
1696153260.0			0.0	14.0	94.0	0	0	1017.5	15.0	15.37	350.81	6.13	2.0
1696153320.0			0.0	14.0	94.0	0	0	1017.51	15.0	15.38	350.81	6.13	2.0
1696153380.0			0.0	14.0	94.0	0	0	1017.52	15.0	15.39	351.38	6.13	2.0
1696153440.0			0.0	14.0	94.0	0	0	1017.53	15.0	15.4	351.38	6.13	2.0
1696153500.0			0.0	14.0	94.0	0	0	1017.54	15.0	15.41	351.38	6.13	2.0
1696153560.0			0.0	14.0	94.0	0	0	1017.55	15.0	15.42	351.38	6.13	2.0
1696153620.0			0.0	14.0	94.0	0	0	1017.56	15.0	15.43	351.38	6.13	2.0
1696153680.0			0.0	14.0	94.0	0	0	1017.57	15.0	15.44	351.88	6.13	2.0
1696153740.0			0.0	14.0	94.0	0	0	1017.58	15.0	15.46	351.88	6.13	2.0
1696153800.0			0.0	14.0	94.0	0	0	1017.59	15.0	15.47	351.88	6.13	2.0
1696153860.0			0.0	14.0	94.0	0	0	1017.61	15.0	15.48	351.88	6.14	2.0
1696153920.0			0.0	14.0	94.0	0	0	1017.62	15.0	15.49	351.88	6.15	2.0
1696153980.0			0.0	14.0	94.0	0	0	1017.63	15.0	15.5	352.38	6.16	2.0
1696154040.0			0.0	14.0	94.0	0	0	1017.64	15.0	15.51	352.38	6.18	2.0
1696154100.0			0.0	14.0	94.0	0	0	1017.65	15.0	15.52	352.38	6.19	2.0
1696154160.0			0.0	14.03	94.0	0	0	1017.66	15.03	15.62	352.38	6.19	2.0
1696154220.0			0.0	14.05	94.0	0	0	1017.67	15.05	15.71	352.38	6.19	2.0
1696154280.0			0.0	14.08	94.0	0	0	1017.68	15.08	15.81	353.0	6.19	2.0
1696154340.0			0.0	14.1	94.0	0	0	1017.69	15.1	15.9	353.0	6.19	2.0
1696154400.0			0.0	14.13	94.0	0	0	1017.7	15.13	16.0	353.0	6.19	2.0
1696154460.0			0.0	14.13	94.0	0	0	1017.69	15.13	16.0	353.0	6.21	2.0
1696154520.0			0.0	14.13	94.0	0	0	1017.69	15.13	16.0	353.0	6.24	2.0
1696154580.0			0.0	14.13	94.0	0	0	1017.68	15.13	16.0	352.69	6.26	2.0
1696154640.0			0.0	14.13	94.0	0	0	1017.67	15.13	16.0	352.69	6.29	2.0
1696154700.0			0.0	14.13	94.0	0	0	1017.66	15.13	16.0	352.69	6.31	2.0
1696154760.0			0.0	14.13	94.0	0	0	1017.66	15.13	16.0	352.69	6.31	2.0
1696154820.0			0.0	14.13	94.0	0	0	1017.65	15.13	16.0	352.69	6.31	2.0
1696154880.0			0.0	14.13	94.0	0	0	1017.64	15.13	16.0	352.38	6.31	2.0
1696154940.0			0.0	14.13	94.0	0	0	1017.64	15.13	16.0	352.38	6.31	2.0
1696155000.0			0.0	14.13	94.0	0	0	1017.63	15.13	16.0	352.38	6.31	2.0
1696155060.0			0.0	14.13	94.0	0	0	1017.62	15.13	16.0	352.38	6.33	2.03
1696155120.0			0.0	14.13	94.0	0	0	1017.62	15.13	16.0	352.38	6.34	2.05
1696155180.0			0.0	14.13	94.0	0	0	1017.61	15.13	16.0	352.19	6.35	2.08
1696155240.0			0.0	14.13	94.0	0	0	1017.6	15.13	16.0	352.19	6.36	2.1
1696155300.0			0.0	14.13	94.0	0	0	1017.59	15.13	16.0	352.19	6.38	2.13
1696155360.0			0.0	14.13	94.0	0	0	1017.59	15.13	15.63	352.19	6.4	2.13
1696155420.0			0.0	14.13	94.0	0	0	1017.58	15.13	15.26	352.19	6.43	2.13
1696155480.0			0.0	14.13	94.0	0	0	1017.57	15.13	14.88	352.0	6.45	2.13
1696155540.0			0.0	14.13	94.0	0	0	1017.57	15.13	14.51	352.0	6.48	2.13
1696155600.0			0.0	14.13	94.0	0	0	1017.56	15.13	14.14	352.0	6.5	2.13
1696155660.0			0.0	14.13	94.0	0	0	1017.55	15.13	14.14	352.0	6.53	2.13
1696155720.0			0.0	14.13	94.0	0	0	1017.55	15.13	14.14	352.0	6.55	2.13
1696155780.0			0.0	14.13	94.0	0	0	1017.54	15.13	14.14	351.88	6.58	2.13
1696155840.0			0.0	14.13	94.0	0	0	1017.53	15.13	14.14	351.88	6.6	2.13
1696155900.0			0.0	14.13	94.0	0	0	1017.53	15.13	14.13	351.88	6.63	2.13
1696155960.0			0.0	14.13	94.0	0	0	1017.52	15.13	14.13	351.88	6.64	2.13
1696156020.0			0.0	14.13	94.0	0	0	1017.51	15.13	14.13	351.88	6.65	2.13
1696156080.0			0.0	14.13	94.0	0	0	1017.5	15.13	14.13	351.81	6.66	2.13
1696156140.0			0.0	14.13	94.0	0	0	1017.5	15.13	14.13	351.81	6.68	2.13
1696156200.0			0.0	14.13	94.0	0	0	1017.49	15.13	14.13	351.81	6.69	2.13
1696156260.0			0.0	14.08	94.0	0	0	1017.48	15.06	14.5	351.81	6.68	2.13
1696156320.0			0.0	14.03	94.0	0	0	1017.48	15.0	14.88	351.81	6.66	2.13
1696156380.0			0.0	13.98	94.0	0	0	1017.47	14.94	15.25	348.31	6.65	2.13
1696156440.0			0.0	13.93	94.0	0	0	1017.46	14.88	15.63	348.31	6.64	2.13
1696156500.0			0.0	13.88	94.0	0	0	1017.46	14.81	16.0	348.31	6.63	2.13
1696156560.0			0.0	13.88	94.0	0	0	1017.45	14.81	16.0	348.31	6.64	2.13
1696156620.0			0.0	13.88	94.0	0	0	1017.44	14.81	16.0	348.31	6.65	2.13
1696156680.0			0.0	13.88	94.0	0	0	1017.43	14.81	16.0	348.69	6.66	2.13
1696156740.0			0.0	13.88	94.0	0	0	1017.43	14.81	16.0	348.69	6.68	2.13
1696156800.0			0.0	13.88	94.0	0	0	1017.42	14.81	16.0	348.69	6.69	2.13
1696156860.0			0.0	13.88	94.0	0	0	1017.41	14.83	16.0	348.69	6.69	2.14
1696156920.0			0.0	13.88	94.0	0	0	1017.41	14.84	16.0	348.69	6.69	2.15
1696156980.0			0.0	13.88	94.0	0	0	1017.4	14.85	16.0	349.13	6.69	2.16
1696157040.0			0.0	13.88	94.0	0	0	1017.39	14.86	16.0	349.13	6.69	2.17
1696157100.0			0.0	13.88	94.0	0	0	1017.39	14.88	16.0	349.13	6.69	2.19
1696157160.0			0.0	13.88	94.0	0	0	1017.38	14.88	16.0	349.13	6.71	2.19
1696157220.0			0.0	13.88	94.0	0	0	1017.37	14.88	16.0	349.13	6.74	2.19
1696157280.0			0.0	13.88	94.0	0	0	1017.36	14.88	16.0	349.38	6.76	2.19
1696157340.0			0.0	13.88	94.0	0	0	1017.36	14.88	16.0	349.38	6.79	2.19
1696157400.0			0.0	13.88	94.0	0	0	1017.35	14.88	16.0	349.38	6.81	2.19
1696157460.0			0.0	13.9	94.0	0	0	1017.34	14.88	16.0	349.38	6.83	2.19
1696157520.0			0.0	13.93	94.0	0	0	1017.34	14.88	16.0	349.38	6.84	2.19
1696157580.0			0.0	13.95	94.0	0	0	1017.33	14.88	16.0	349.81	6.85	2.19
1696157640.0			0.0	13.98	94.0	0	0	1017.32	14.88	16.0	349.81	6.86	2.19
1696157700.0			0.0	14.0	94.0	0	0	1017.32	14.88	16.0	349.81	6.88	2.19
1696157760.0			0.0	14.0	94.0	0	0	1017.31	14.88	16.0	349.81	6.88	2.19
1696157820.0			0.0	14.0	94.0	0	0	1017.3	14.88	16.0	349.81	6.88	2.19
1696157880.0			0.0	14.0	94.0	0	0	1017.3	14.88	16.0	349.81	6.88	2.19
1696157940.0			0.0	14.0	94.0	0	0	1017.29	14.88	16.0	349.81	6.88	2.19
1696158000.0			0.0	14.0	94.0	0	0	1017.28	14.88	16.0	349.81	6.88	2.19
