timestamp	cloud-base	cloud-ceiling	cloud-cover	dew-point	humidity	precipitation-intensity	precipitation-type	pressure-surface-level	temperature	visibility	wind-direction	wind-gust	wind-speed
1695985200.0	0.12	0.12	100.0	15.31	94.0	0	0	1014.72	16.31	12.14	0.81	6.63	2.69
1695985260.0	0.12	0.12	100.0	15.31	94.0	0	0	1014.73	16.31	12.14	0.81	6.64	2.69
1695985320.0	0.12	0.12	100.0	15.31	94.0	0	0	1014.75	16.31	12.15	0.81	6.65	2.69
1695985380.0	0.12	0.12	100.0	15.31	94.0	0	0	1014.76	16.31	12.15	0.88	6.66	2.69
1695985440.0	0.12	0.12	100.0	15.31	94.0	0	0	1014.77	16.31	12.16	0.88	6.68	2.69
1695985500.0	0.12	0.12	100.0	15.31	94.0	0	0	1014.78	16.31	12.16	0.88	6.69	2.69
1695985560.0	0.12	0.12	100.0	15.31	94.0	0	0	1014.79	16.31	12.59	0.88	6.69	2.61
1695985620.0	0.12	0.12	100.0	15.31	94.0	0	0	1014.8	16.31	13.02	0.88	6.69	2.54
1695985680.0	0.12	0.12	100.0	15.31	94.0	0	0	1014.82	16.31	13.45	352.31	6.69	2.46
1695985740.0	0.12	0.12	100.0	15.31	94.0	0	0	1014.83	16.31	13.88	352.31	6.69	2.39
1695985800.0	0.12	0.12	100.0	15.31	94.0	0	0	1014.84	16.31	14.31	352.31	6.69	2.31
1695985860.0	0.12	0.12	100.0	15.31	94.0	0	0	1014.85	16.31	14.31	352.31	6.71	2.31
1695985920.0	0.12	0.12	100.0	15.31	94.0	0	0	1014.86	16.31	14.31	352.31	6.74	2.31
1695985980.0	0.12	0.12	100.0	15.31	94.0	0	0	1014.87	16.31	14.32	352.38	6.76	2.31
1695986040.0	0.12	0.12	100.0	15.31	94.0	0	0	1014.89	16.31	14.32	352.38	6.79	2.31
1695986100.0	0.12	0.12	100.0	15.31	94.0	0	0	1014.9	16.31	14.33	352.38	6.81	2.31
1695986160.0	0.12	0.12	100.0	15.31	94.0	0	0	1014.91	16.31	14.33	352.38	6.81	2.31
1695986220.0	0.12	0.12	100.0	15.31	94.0	0	0	1014.92	16.31	14.33	352.38	6.81	2.31
1695986280.0	0.12	0.12	100.0	15.31	94.0	0	0	1014.93	16.31	14.34	352.5	6.81	2.31
1695986340.0	0.12	0.12	100.0	15.31	94.0	0	0	1014.94	16.31	14.34	352.5	6.81	2.31
1695986400.0	0.12	0.12	100.0	15.31	94.0	0	0	1014.96	16.31	14.35	352.5	6.81	2.31
1695986460.0	0.12	0.12	100.0	15.31	94.0	0	0	1014.97	16.31	14.35	352.5	6.83	2.31
1695986520.0	0.12	0.12	100.0	15.31	94.0	0	0	1014.98	16.31	14.35	352.5	6.84	2.31
1695986580.0	0.12	0.12	100.0	15.31	94.0	0	0	1014.99	16.31	14.36	352.69	6.85	2.31
1695986640.0	0.12	0.12	100.0	15.31	94.0	0	0	1015.0	16.31	14.36	352.69	6.86	2.31
1695986700.0	0.12	0.12	100.0	15.31	94.0	0	0	1015.01	16.31	14.36	352.69	6.88	2.31
1695986760.0	0.12	0.12	100.0	15.31	94.0	0	0	1015.03	16.31	14.37	352.69	6.88	2.31
1695986820.0	0.12	0.12	100.0	15.31	94.0	0	0	1015.04	16.31	14.37	352.69	6.88	2.31
1695986880.0	0.12	0.12	100.0	15.31	94.0	0	0	1015.05	16.31	14.38	352.81	6.88	2.31
1695986940.0	0.12	0.12	100.0	15.31	94.0	0	0	1015.06	16.31	14.38	352.81	6.88	2.31
1695987000.0	0.12	0.12	100.0	15.31	94.0	0	0	1015.07	16.31	14.38	352.81	6.88	2.31
1695987060.0	0.12	0.12	100.0	15.31	94.0	0	0	1015.08	16.31	14.39	352.81	6.88	2.33
1695987120.0	0.12	0.12	100.0	15.31	94.0	0	0	1015.1	16.31	14.39	352.81	6.88	2.34
1695987180.0	0.12	0.12	100.0	15.31	94.0	0	0	1015.11	16.31	14.39	352.88	6.88	2.35
1695987240.0	0.12	0.12	100.0	15.31	94.0	0	0	1015.12	16.31	14.4	352.88	6.88	2.36
1695987300.0	0.12	0.12	100.0	15.31	94.0	0	0	1015.13	16.31	14.4	352.88	6.88	2.38
1695987360.0	0.12	0.12	100.0	15.31	93.8	0	0	1015.14	16.33	14.41	352.88	6.9	2.42
1695987420.0	0.12	0.12	100.0	15.31	93.6	0	0	1015.15	16.34	14.41	352.88	6.93	2.48
1695987480.0	0.14	0.14	100.0	15.31	93.4	0	0	1015.17	16.35	14.41	1.88	6.95	2.53
1695987540.0	0.14	0.14	100.0	15.31	93.2	0	0	1015.18	16.36	14.42	1.88	6.98	2.58
1695987600.0	0.14	0.14	100.0	15.31	93.0	0	0	1015.19	16.38	14.42	1.88	7.0	2.63
1695987660.0	0.14	0.14	100.0	15.25	93.0	0	0	1015.2	16.34	14.45	1.88	7.03	2.64
1695987720.0	0.14	0.14	100.0	15.19	93.0	0	0	1015.21	16.3	14.48	1.88	7.05	2.65
1695987780.0	0.15	0.15	100.0	15.13	93.0	0	0	1015.22	16.26	14.52	353.38	7.08	2.66
1695987840.0	0.15	0.15	100.0	15.06	93.0	0	0	1015.24	16.23	14.55	353.38	7.1	2.68
1695987900.0	0.15	0.15	100.0	15.0	93.0	0	0	1015.25	16.19	14.58	353.38	7.13	2.69
1695987960.0	0.15	0.15	100.0	15.0	93.0	0	0	1015.26	16.21	14.58	353.38	7.14	2.69
1695988020.0	0.15	0.15	100.0	15.0	93.0	0	0	1015.27	16.24	14.59	353.38	7.15	2.69
1695988080.0	0.15	0.15	100.0	15.0	93.0	0	0	1015.28	16.26	14.6	353.5	7.16	2.69
1695988140.0	0.15	0.15	100.0	15.0	93.0	0	0	1015.29	16.29	14.6	353.5	7.18	2.69
1695988200.0	0.15	0.15	100.0	15.0	93.0	0	0	1015.31	16.31	14.61	353.5	7.19	2.69
1695988260.0	0.15	0.15	100.0	15.0	92.9	0	0	1015.32	16.31	14.61	353.5	7.2	2.72
1695988320.0	0.15	0.15	100.0	15.0	92.8	0	0	1015.33	16.31	14.62	353.5	7.21	2.75
1695988380.0	0.15	0.15	100.0	15.0	92.7	0	0	1015.34	16.31	14.62	353.5	7.23	2.78
1695988440.0	0.15	0.15	100.0	15.0	92.6	0	0	1015.35	16.31	14.63	353.5	7.24	2.81
1695988500.0	0.17	0.17	100.0	15.0	92.5	0	0	1015.36	16.31	14.64	353.69	7.25	2.84
1695988560.0	0.17	0.17	100.0	15.0	92.4	0	0	1015.38	16.31	14.64	353.69	7.26	2.88
1695988620.0	0.17	0.17	100.0	15.0	92.3	0	0	1015.39	16.31	14.65	353.69	7.28	2.91
1695988680.0	0.17	0.17	100.0	15.0	92.2	0	0	1015.4	16.31	14.65	353.69	7.29	2.94
1695988740.0	0.17	0.17	100.0	15.0	92.1	0	0	1015.41	16.31	14.66	353.69	7.3	2.97
1695988800.0	0.17	0.17	100.0	15.0	92.0	0	0	1015.42	16.31	14.66	353.69	7.31	3.0
1695988860.0	0.17	0.17	100.0	15.0	92.0	0	0	1015.43	16.31	14.67	353.69	7.31	3.0
1695988920.0	0.17	0.17	100.0	15.0	92.0	0	0	1015.44	16.31	14.68	353.69	7.31	3.0
1695988980.0	0.17	0.17	100.0	15.0	92.0	0	0	1015.45	16.31	14.68	354.31	7.31	3.0
1695989040.0	0.17	0.17	100.0	15.0	92.0	0	0	1015.46	16.31	14.69	354.31	7.31	3.0
1695989100.0	0.17	0.17	100.0	15.0	92.0	0	0	1015.47	16.31	14.7	354.31	7.31	3.0
1695989160.0	0.17	0.17	100.0	15.0	92.0	0	0	1015.48	16.31	14.71	354.31	7.31	3.0
1695989220.0	0.17	0.17	100.0	15.0	92.0	0	0	1015.49	16.31	14.71	354.31	7.31	3.0
1695989280.0	0.17	0.17	100.0	15.0	92.0	0	0	1015.5	16.31	14.72	355.0	7.31	3.0
1695989340.0	0.17	0.17	100.0	15.0	92.0	0	0	1015.51	16.31	14.73	355.0	7.31	3.0
1695989400.0	0.17	0.17	100.0	15.0	92.0	0	0	1015.52	16.31	14.73	355.0	7.31	3.0
1695989460.0	0.17	0.17	100.0	15.0	92.0	0	0	1015.53	16.33	14.74	355.0	7.31	3.0
1695989520.0	0.17	0.17	100.0	15.0	92.0	0	0	1015.54	16.34	14.75	355.0	7.31	3.0
1695989580.0	0.17	0.17	100.0	15.0	92.0	0	0	1015.55	16.35	14.75	355.69	7.31	3.0
1695989640.0	0.17	0.17	100.0	15.0	92.0	0	0	1015.56	16.36	14.76	355.69	7.31	3.0
1695989700.0	0.17	0.17	100.0	15.0	92.0	0	0	1015.57	16.38	14.77	355.69	7.31	3.0
1695989760.0	0.17	0.17	100.0	15.0	92.0	0	0	1015.58	16.36	14.78	355.69	7.31	3.0
1695989820.0	0.17	0.17	100.0	15.0	92.0	0	0	1015.59	16.35	14.78	355.69	7.31	3.0
1695989880.0	0.17	0.17	100.0	15.0	92.0	0	0	1015.6	16.34	14.79	356.31	7.31	3.0
1695989940.0	0.17	0.17	100.0	15.0	92.0	0	0	1015.6	16.33	14.8	356.31	7.31	3.0
1695990000.0	0.17	0.17	100.0	15.0	92.0	0	0	1015.61	16.31	14.8	356.31	7.31	3.0
1695990060.0	0.17	0.17	100.0	15.0	91.8	0	0	1015.62	16.31	14.81	356.31	7.28	3.0
1695990120.0	0.17	0.17	100.0	15.0	91.6	0	0	1015.63	16.31	14.82	356.31	7.24	3.0
1695990180.0	0.18	0.18	100.0	15.0	91.4	0	0	1015.64	16.31	14.82	357.69	7.2	3.0
1695990240.0	0.18	0.18	100.0	15.0	91.2	0	0	1015.65	16.31	14.83	357.69	7.16	3.0
1695990300.0	0.18	0.18	100.0	15.0	91.0	0	0	1015.66	16.31	14.84	357.69	7.13	3.0
1695990360.0	0.18	0.18	100.0	15.0	91.0	0	0	1015.67	16.33	14.85	357.69	7.13	3.0
1695990420.0	0.18	0.18	100.0	15.0	91.0	0	0	1015.68	16.34	14.85	357.69	7.13	3.0
1695990480.0	0.18	0.18	100.0	15.0	91.0	0	0	1015.69	16.35	14.86	358.31	7.13	3.0
1695990540.0	0.18	0.18	100.0	15.0	91.0	0	0	1015.7	16.36	14.87	358.31	7.13	3.0
1695990600.0	0.18	0.18	100.0	15.0	91.0	0	0	1015.71	16.38	14.87	358.31	7.13	3.0
1695990660.0	0.18	0.18	100.0	15.0	91.0	0	0	1015.72	16.38	14.88	358.31	7.13	3.0
1695990720.0	0.18	0.18	100.0	15.0	91.0	0	0	1015.73	16.38	14.89	358.31	7.13	3.0
1695990780.0	0.18	0.18	100.0	15.0	91.0	0	0	1015.74	16.38	14.89	358.88	7.13	3.0
1695990840.0	0.18	0.18	100.0	15.0	91.0	0	0	1015.75	16.38	14.9	358.88	7.13	3.0
1695990900.0	0.18	0.18	100.0	15.0	91.0	0	0	1015.76	16.38	14.91	358.88	7.13	3.0
1695990960.0	0.18	0.18	100.0	15.0	91.2	0	0	1015.77	16.34	14.86	358.88	7.16	3.04
1695991020.0	0.18	0.18	100.0	15.0	91.4	0	0	1015.78	16.3	14.82	358.88	7.2	3.08
1695991080.0	0.16	0.16	100.0	15.0	91.6	0	0	1015.79	16.26	14.77	0.13	7.24	3.11
1695991140.0	0.16	0.16	100.0	15.0	91.8	0	0	1015.8	16.23	14.73	0.13	7.28	3.15
1695991200.0	0.16	0.16	100.0	15.0	92.0	0	0	1015.81	16.19	14.68	0.13	7.31	3.19
1695991260.0	0.16	0.16	100.0	14.98	92.0	0	0	1015.82	16.19	14.69	0.13	7.31	3.19
1695991320.0	0.16	0.16	100.0	14.95	92.0	0	0	1015.83	16.19	14.7	0.13	7.31	3.19
1695991380.0	0.17	0.17	100.0	14.93	92.0	0	0	1015.84	16.19	14.7	0.63	7.31	3.19
1695991440.0	0.17	0.17	100.0	14.9	92.0	0	0	1015.85	16.19	14.71	0.63	7.31	3.19
1695991500.0	0.17	0.17	100.0	14.88	92.0	0	0	1015.85	16.19	14.72	0.63	7.31	3.19
1695991560.0	0.17	0.17	100.0	14.88	92.0	0	0	1015.86	16.19	14.73	0.63	7.33	3.19
1695991620.0	0.17	0.17	100.0	14.88	92.0	0	0	1015.87	16.19	14.74	0.63	7.34	3.19
1695991680.0	0.17	0.17	100.0	14.88	92.0	0	0	1015.88	16.19	14.75	1.19	7.35	3.19
1695991740.0	0.17	0.17	100.0	14.88	92.0	0	0	1015.89	16.19	14.75	1.19	7.36	3.19
1695991800.0	0.17	0.17	100.0	14.88	92.0	0	0	1015.9	16.19	14.76	1.19	7.38	3.19
1695991860.0	0.17	0.17	100.0	14.88	92.0	0	0	1015.91	16.19	14.77	1.19	7.38	3.19
1695991920.0	0.17	0.17	100.0	14.88	92.0	0	0	1015.92	16.19	14.78	1.19	7.38	3.19
1695991980.0	0.17	0.17	100.0	14.88	92.0	0	0	1015.93	16.19	14.79	1.69	7.38	3.19
1695992040.0	0.17	0.17	100.0	14.88	92.0	0	0	1015.94	16.19	14.79	1.69	7.38	3.19
1695992100.0	0.17	0.17	100.0	14.88	92.0	0	0	1015.95	16.19	14.8	1.69	7.38	3.19
1695992160.0	0.17	0.17	100.0	14.88	92.0	0	0	1015.96	16.21	14.81	1.69	7.4	3.19
1695992220.0	0.17	0.17	100.0	14.88	92.0	0	0	1015.97	16.24	14.82	1.69	7.43	3.19
1695992280.0	0.17	0.17	100.0	14.88	92.0	0	0	1015.98	16.26	14.83	2.19	7.45	3.19
1695992340.0	0.17	0.17	100.0	14.88	92.0	0	0	1015.99	16.29	14.83	2.19	7.48	3.19
1695992400.0	0.17	0.17	100.0	14.88	92.0	0	0	1016.0	16.31	14.84	2.19	7.5	3.19
1695992460.0	0.17	0.17	100.0	14.88	92.0	0	0	1015.99	16.31	14.85	2.19	7.48	3.21
1695992520.0	0.17	0.17	100.0	14.88	92.0	0	0	1015.99	16.31	14.85	2.19	7.45	3.24
1695992580.0	0.17	0.17	100.0	14.88	92.0	0	0	1015.98	16.31	14.86	3.38	7.43	3.26
1695992640.0	0.17	0.17	100.0	14.88	92.0	0	0	1015.97	16.31	14.87	3.38	7.4	3.29
1695992700.0	0.17	0.17	100.0	14.88	92.0	0	0	1015.96	16.31	14.87	3.38	7.38	3.31
1695992760.0	0.17	0.17	100.0	14.88	92.0	0	0	1015.96	16.31	14.88	3.38	7.38	3.31
1695992820.0	0.17	0.17	100.0	14.88	92.0	0	0	1015.95	16.31	14.88	3.38	7.38	3.31
1695992880.0	0.17	0.17	100.0	14.88	92.0	0	0	1015.94	16.31	14.89	3.81	7.38	3.31
1695992940.0	0.17	0.17	100.0	14.88	92.0	0	0	1015.94	16.31	14.9	3.81	7.38	3.31
1695993000.0	0.17	0.17	100.0	14.88	92.0	0	0	1015.93	16.31	14.9	3.81	7.38	3.31
1695993060.0	0.17	0.17	100.0	14.88	91.4	0	0	1015.92	16.39	14.91	3.81	7.36	3.35
1695993120.0	0.17	0.17	100.0	14.88	90.8	0	0	1015.91	16.46	14.91	3.81	7.35	3.39
1695993180.0	0.24	0.24	100.0	14.88	90.2	0	0	1015.91	16.54	14.92	17.38	7.34	3.43
1695993240.0	0.24	0.24	100.0	14.88	89.6	0	0	1015.9	16.61	14.92	17.38	7.33	3.46
1695993300.0	0.24	0.24	100.0	14.88	89.0	0	0	1015.89	16.69	14.93	17.38	7.31	3.5
1695993360.0	0.24	0.24	100.0	14.88	89.0	0	0	1015.89	16.69	14.94	17.38	7.29	3.5
1695993420.0	0.24	0.24	100.0	14.88	89.0	0	0	1015.88	16.69	14.94	17.38	7.26	3.5
1695993480.0	0.24	0.24	100.0	14.88	89.0	0	0	1015.87	16.69	14.95	16.88	7.24	3.5
1695993540.0	0.24	0.24	100.0	14.88	89.0	0	0	1015.86	16.69	14.95	16.88	7.21	3.5
1695993600.0	0.24	0.24	100.0	14.88	89.0	0	0	1015.86	16.69	14.96	16.88	7.19	3.5
1695993660.0	0.24	0.24	100.0	14.88	89.0	0	0	1015.85	16.69	14.97	16.88	7.18	3.5
1695993720.0	0.24	0.24	100.0	14.88	89.0	0	0	1015.84	16.69	14.97	16.88	7.16	3.5
1695993780.0	0.24	0.24	100.0	14.88	89.0	0	0	1015.84	16.69	14.98	18.13	7.15	3.5
1695993840.0	0.24	0.24	100.0	14.88	89.0	0	0	1015.83	16.69	14.98	18.13	7.14	3.5
1695993900.0	0.24	0.24	100.0	14.88	89.0	0	0	1015.82	16.69	14.99	18.13	7.13	3.5
1695993960.0	0.24	0.24	100.0	14.88	88.8	0	0	1015.81	16.69	14.99	18.13	7.1	3.5
1695994020.0	0.24	0.24	100.0	14.88	88.6	0	0	1015.81	16.69	15.0	18.13	7.08	3.5
1695994080.0	0.24	0.24	100.0	14.88	88.4	0	0	1015.8	16.69	15.01	18.5	7.05	3.5
1695994140.0	0.24	0.24	100.0	14.88	88.2	0	0	1015.79	16.69	15.01	18.5	7.03	3.5
1695994200.0	0.24	0.24	100.0	14.88	88.0	0	0	1015.79	16.69	15.02	18.5	7.0	3.5
1695994260.0	0.24	0.24	100.0	14.88	88.0	0	0	1015.78	16.71	15.02	18.5	7.0	3.5
1695994320.0	0.24	0.24	100.0	14.88	88.0	0	0	1015.77	16.74	15.03	18.5	7.0	3.5
1695994380.0	0.25	0.25	100.0	14.88	88.0	0	0	1015.76	16.76	15.04	18.81	7.0	3.5
1695994440.0	0.25	0.25	100.0	14.88	88.0	0	0	1015.76	16.79	15.04	18.81	7.0	3.5
1695994500.0	0.25	0.25	100.0	14.88	88.0	0	0	1015.75	16.81	15.05	18.81	7.0	3.5
1695994560.0	0.25	0.25	100.0	14.86	88.2	0	0	1015.74	16.77	15.0	18.81	6.94	3.44
1695994620.0	0.25	0.25	100.0	14.85	88.4	0	0	1015.74	16.74	14.95	18.81	6.88	3.38
1695994680.0	0.22	0.22	100.0	14.84	88.6	0	0	1015.73	16.7	14.9	6.38	6.81	3.31
1695994740.0	0.22	0.22	100.0	14.83	88.8	0	0	1015.72	16.66	14.85	6.38	6.75	3.25
1695994800.0	0.22	0.22	100.0	14.81	89.0	0	0	1015.72	16.63	14.81	6.38	6.69	3.19
1695994860.0	0.22	0.22	100.0	14.81	89.0	0	0	1015.71	16.63	14.81	6.38	6.69	3.19
1695994920.0	0.22	0.22	100.0	14.81	89.0	0	0	1015.7	16.63	14.81	6.38	6.69	3.19
1695994980.0	0.22	0.22	100.0	14.81	89.0	0	0	1015.69	16.63	14.82	7.0	6.69	3.19
1695995040.0	0.22	0.22	100.0	14.81	89.0	0	0	1015.69	16.63	14.82	7.0	6.69	3.19
1695995100.0	0.22	0.22	100.0	14.81	89.0	0	0	1015.68	16.63	14.83	7.0	6.69	3.19
1695995160.0	0.22	0.22	100.0	14.83	88.8	0	0	1015.67	16.64	14.83	7.0	6.68	3.23
1695995220.0	0.22	0.22	100.0	14.84	88.6	0	0	1015.67	16.65	14.83	7.0	6.66	3.26
1695995280.0	0.25	0.25	100.0	14.85	88.4	0	0	1015.66	16.66	14.84	4.0	6.65	3.3
1695995340.0	0.25	0.25	100.0	14.86	88.2	0	0	1015.65	16.68	14.84	4.0	6.64	3.34
1695995400.0	0.25	0.25	100.0	14.88	88.0	0	0	1015.64	16.69	14.85	4.0	6.63	3.38
1695995460.0	0.25	0.25	100.0	14.88	88.2	0	0	1015.64	16.69	14.85	4.0	6.6	3.33
1695995520.0	0.25	0.25	100.0	14.88	88.4	0	0	1015.63	16.69	14.85	4.0	6.58	3.28
1695995580.0	0.23	0.23	100.0	14.88	88.6	0	0	1015.62	16.69	14.86	9.0	6.55	3.23
1695995640.0	0.23	0.23	100.0	14.88	88.8	0	0	1015.62	16.69	14.86	9.0	6.53	3.18
1695995700.0	0.23	0.23	100.0	14.88	89.0	0	0	1015.61	16.69	14.87	9.0	6.5	3.13
1695995760.0	0.23	0.23	100.0	14.88	88.8	0	0	1015.6	16.71	14.87	9.0	6.5	3.18
1695995820.0	0.23	0.23	100.0	14.88	88.6	0	0	1015.59	16.74	14.87	9.0	6.5	3.23
1695995880.0	0.25	0.25	100.0	14.88	88.4	0	0	1015.59	16.76	14.88	5.13	6.5	3.28
1695995940.0	0.25	0.25	100.0	14.88	88.2	0	0	1015.58	16.79	14.88	5.13	6.5	3.33
1695996000.0	0.25	0.25	100.0	14.88	88.0	0	0	1015.57	16.81	14.88	5.13	6.5	3.38
1695996060.0	0.25	0.25	100.0	14.88	88.0	0	0	1015.58	16.81	14.9	5.13	6.5	3.38
1695996120.0	0.25	0.25	100.0	14.88	88.0	0	0	1015.58	16.81	14.91	5.13	6.5	3.38
1695996180.0	0.25	0.25	100.0	14.88	88.0	0	0	1015.58	16.81	14.92	5.13	6.5	3.38
1695996240.0	0.25	0.25	100.0	14.88	88.0	0	0	1015.58	16.81	14.93	5.13	6.5	3.38
1695996300.0	0.25	0.25	100.0	14.88	88.0	0	0	1015.59	16.81	14.94	5.13	6.5	3.38
1695996360.0	0.25	0.25	100.0	14.88	88.0	0	0	1015.59	16.83	14.95	5.13	6.5	3.38
1695996420.0	0.25	0.25	100.0	14.88	88.0	0	0	1015.59	16.84	14.97	5.13	6.5	3.38
1695996480.0	0.26	0.26	100.0	14.88	88.0	0	0	1015.59	16.85	14.98	5.0	6.5	3.38
1695996540.0	0.26	0.26	100.0	14.88	88.0	0	0	1015.6	16.86	14.99	5.0	6.5	3.38
1695996600.0	0.26	0.26	100.0	14.88	88.0	0	0	1015.6	16.88	15.0	5.0	6.5	3.38
1695996660.0	0.26	0.26	100.0	14.88	87.8	0	0	1015.6	16.9	15.01	5.0	6.5	3.34
1695996720.0	0.26	0.26	100.0	14.88	87.6	0	0	1015.6	16.93	15.03	5.0	6.5	3.3
1695996780.0	0.28	0.28	100.0	14.88	87.4	0	0	1015.61	16.95	15.04	18.19	6.5	3.26
1695996840.0	0.28	0.28	100.0	14.88	87.2	0	0	1015.61	16.98	15.05	18.19	6.5	3.23
1695996900.0	0.28	0.28	100.0	14.88	87.0	0	0	1015.61	17.0	15.06	18.19	6.5	3.19
1695996960.0	0.28	0.28	100.0	14.93	87.0	0	0	1015.61	17.04	15.03	18.19	6.5	3.19
1695997020.0	0.28	0.28	100.0	14.98	87.0	0	0	1015.62	17.08	15.0	18.19	6.5	3.19
1695997080.0	0.27	0.27	100.0	15.03	87.0	0	0	1015.62	17.11	14.97	8.38	6.5	3.19
1695997140.0	0.27	0.27	100.0	15.08	87.0	0	0	1015.62	17.15	14.94	8.38	6.5	3.19
1695997200.0	0.27	0.27	100.0	15.13	87.0	0	0	1015.62	17.19	14.91	8.38	6.5	3.19
1695997260.0	0.27	0.27	100.0	15.13	87.0	0	0	1015.63	17.19	14.92	8.38	6.5	3.19
1695997320.0	0.27	0.27	100.0	15.13	87.0	0	0	1015.63	17.19	14.94	8.38	6.5	3.19
1695997380.0	0.28	0.28	100.0	15.13	87.0	0	0	1015.63	17.19	14.95	7.88	6.5	3.19
1695997440.0	0.28	0.28	100.0	15.13	87.0	0	0	1015.63	17.19	14.97	7.88	6.5	3.19
1695997500.0	0.28	0.28	100.0	15.13	87.0	0	0	1015.64	17.19	14.98	7.88	6.5	3.19
1695997560.0	0.28	0.28	100.0	15.13	87.0	0	0	1015.64	17.21	15.0	7.88	6.5	3.19
1695997620.0	0.28	0.28	100.0	15.13	87.0	0	0	1015.64	17.24	15.01	7.88	6.5	3.19
1695997680.0	0.28	0.28	100.0	15.13	87.0	0	0	1015.64	17.26	15.03	6.63	6.5	3.19
1695997740.0	0.28	0.28	100.0	15.13	87.0	0	0	1015.65	17.29	15.04	6.63	6.5	3.19
1695997800.0	0.28	0.28	100.0	15.13	87.0	0	0	1015.65	17.31	15.06	6.63	6.5	3.19
1695997860.0	0.28	0.28	100.0	15.14	87.0	0	0	1015.65	17.33	15.07	6.63	6.5	3.19
1695997920.0	0.28	0.28	100.0	15.15	87.0	0	0	1015.65	17.34	15.09	6.63	6.5	3.19
1695997980.0	0.27	0.27	100.0	15.16	87.0	0	0	1015.65	17.35	15.1	6.13	6.5	3.19
1695998040.0	0.27	0.27	100.0	15.18	87.0	0	0	1015.66	17.36	15.12	6.13	6.5	3.19
1695998100.0	0.27	0.27	100.0	15.19	87.0	0	0	1015.66	17.38	15.13	6.13	6.5	3.19
1695998160.0	0.27	0.27	100.0	15.19	87.0	0	0	1015.66	17.38	15.15	6.13	6.48	3.19
1695998220.0	0.27	0.27	100.0	15.19	87.0	0	0	1015.66	17.38	15.16	6.13	6.45	3.19
1695998280.0	0.27	0.27	100.0	15.19	87.0	0	0	1015.67	17.38	15.18	5.63	6.43	3.19
1695998340.0	0.27	0.27	100.0	15.19	87.0	0	0	1015.67	17.38	15.19	5.63	6.4	3.19
1695998400.0	0.27	0.27	100.0	15.19	87.0	0	0	1015.67	17.38	15.21	5.63	6.38	3.19
1695998460.0	0.27	0.27	100.0	15.21	87.0	0	0	1015.67	17.4	15.22	5.63	6.38	3.19
1695998520.0	0.27	0.27	100.0	15.24	87.0	0	0	1015.68	17.43	15.23	5.63	6.38	3.19
1695998580.0	0.28	0.28	100.0	15.26	87.0	0	0	1015.68	17.45	15.25	5.0	6.38	3.19
1695998640.0	0.28	0.28	100.0	15.29	87.0	0	0	1015.68	17.48	15.26	5.0	6.38	3.19
1695998700.0	0.28	0.28	100.0	15.31	87.0	0	0	1015.68	17.5	15.28	5.0	6.38	3.19
1695998760.0	0.28	0.28	100.0	15.31	87.0	0	0	1015.69	17.5	15.29	5.0	6.38	3.19
1695998820.0	0.28	0.28	100.0	15.31	87.0	0	0	1015.69	17.5	15.31	5.0	6.38	3.19
1695998880.0	0.28	0.28	100.0	15.31	87.0	0	0	1015.69	17.5	15.32	5.38	6.38	3.19
1695998940.0	0.28	0.28	100.0	15.31	87.0	0	0	1015.69	17.5	15.34	5.38	6.38	3.19
1695999000.0	0.28	0.28	100.0	15.31	87.0	0	0	1015.7	17.5	15.35	5.38	6.38	3.19
1695999060.0	0.28	0.28	100.0	15.31	87.0	0	0	1015.7	17.5	15.37	5.38	6.36	3.19
1695999120.0	0.28	0.28	100.0	15.31	87.0	0	0	1015.7	17.5	15.38	5.38	6.35	3.19
1695999180.0	0.29	0.29	100.0	15.31	87.0	0	0	1015.7	17.5	15.4	4.81	6.34	3.19
1695999240.0	0.29	0.29	100.0	15.31	87.0	0	0	1015.71	17.5	15.41	4.81	6.33	3.19
1695999300.0	0.29	0.29	100.0	15.31	87.0	0	0	1015.71	17.5	15.43	4.81	6.31	3.19
1695999360.0	0.29	0.29	100.0	15.31	86.6	0	0	1015.71	17.54	15.44	4.81	6.31	3.19
1695999420.0	0.29	0.29	100.0	15.31	86.2	0	0	1015.71	17.58	15.46	4.81	6.31	3.19
1695999480.0	0.32	0.32	100.0	15.31	85.8	0	0	1015.72	17.61	15.47	13.13	6.31	3.19
1695999540.0	0.32	0.32	100.0	15.31	85.4	0	0	1015.72	17.65	15.49	13.13	6.31	3.19
1695999600.0	0.32	0.32	100.0	15.31	85.0	0	0	1015.72	17.69	15.5	13.13	6.31	3.19
1695999660.0	0.32	0.32	100.0	15.31	85.0	0	0	1015.71	17.69	15.51	13.13	6.33	3.19
1695999720.0	0.32	0.32	100.0	15.31	85.0	0	0	1015.69	17.69	15.53	13.13	6.34	3.19
1695999780.0	0.32	0.32	100.0	15.31	85.0	0	0	1015.67	17.69	15.54	13.81	6.35	3.19
1695999840.0	0.32	0.32	100.0	15.31	85.0	0	0	1015.66	17.69	15.55	13.81	6.36	3.19
1695999900.0	0.32	0.32	100.0	15.31	85.0	0	0	1015.64	17.69	15.56	13.81	6.38	3.19
1695999960.0	0.32	0.32	100.0	15.33	85.0	0	0	1015.62	17.71	15.57	13.81	6.38	3.19
1696000020.0	0.32	0.32	100.0	15.34	85.0	0	0	1015.61	17.74	15.58	13.81	6.38	3.19
1696000080.0	0.33	0.33	100.0	15.35	85.0	0	0	1015.59	17.76	15.59	13.69	6.38	3.19
1696000140.0	0.33	0.33	100.0	15.36	85.0	0	0	1015.57	17.79	15.6	13.69	6.38	3.19
1696000200.0	0.33	0.33	100.0	15.38	85.0	0	0	1015.56	17.81	15.62	13.69	6.38	3.19
1696000260.0	0.33	0.33	100.0	15.4	84.8	0	0	1015.54	17.88	15.63	13.69	6.4	3.15
1696000320.0	0.33	0.33	100.0	15.43	84.6	0	0	1015.52	17.94	15.64	13.69	6.43	3.11
1696000380.0	0.34	0.34	100.0	15.45	84.4	0	0	1015.51	18.0	15.65	10.81	6.45	3.08
1696000440.0	0.34	0.34	100.0	15.48	84.2	0	0	1015.49	18.06	15.66	10.81	6.48	3.04
1696000500.0	0.34	0.34	100.0	15.5	84.0	0	0	1015.47	18.13	15.67	10.81	6.5	3.0
1696000560.0	0.34	0.34	100.0	15.53	84.0	0	0	1015.46	18.13	15.68	10.81	6.53	3.0
1696000620.0	0.34	0.34	100.0	15.55	84.0	0	0	1015.44	18.13	15.7	10.81	6.55	3.0
1696000680.0	0.35	0.35	100.0	15.58	84.0	0	0	1015.42	18.13	15.71	11.38	6.58	3.0
1696000740.0	0.35	0.35	100.0	15.6	84.0	0	0	1015.41	18.13	15.72	11.38	6.6	3.0
1696000800.0	0.35	0.35	100.0	15.63	84.0	0	0	1015.39	18.13	15.73	11.38	6.63	3.0
1696000860.0	0.35	0.35	100.0	15.63	84.0	0	0	1015.37	18.14	15.74	11.38	6.63	3.0
1696000920.0	0.35	0.35	100.0	15.63	84.0	0	0	1015.36	18.15	15.75	11.38	6.63	3.0
1696000980.0	0.35	0.35	100.0	15.63	84.0	0	0	1015.34	18.16	15.76	12.13	6.63	3.0
1696001040.0	0.35	0.35	100.0	15.63	84.0	0	0	1015.32	18.18	15.77	12.13	6.63	3.0
1696001100.0	0.35	0.35	100.0	15.63	84.0	0	0	1015.31	18.19	15.79	12.13	6.63	3.0
1696001160.0	0.35	0.35	100.0	15.63	84.4	0	0	1015.29	18.18	15.75	12.13	6.36	2.96
1696001220.0	0.35	0.35	100.0	15.63	84.8	0	0	1015.27	18.16	15.71	12.13	6.1	2.93
1696001280.0	0.31	0.31	100.0	15.63	85.2	0	0	1015.26	18.15	15.66	11.31	5.84	2.89
1696001340.0	0.31	0.31	100.0	15.63	85.6	0	0	1015.24	18.14	15.62	11.31	5.58	2.85
1696001400.0	0.31	0.31	100.0	15.63	86.0	0	0	1015.22	18.13	15.58	11.31	5.31	2.81
1696001460.0	0.31	0.31	100.0	15.64	85.6	0	0	1015.21	18.14	15.6	11.31	5.33	2.83
1696001520.0	0.31	0.31	100.0	15.65	85.2	0	0	1015.19	18.15	15.62	11.31	5.34	2.84
1696001580.0	0.34	0.34	100.0	15.66	84.8	0	0	1015.17	18.16	15.64	12.38	5.35	2.85
1696001640.0	0.34	0.34	100.0	15.68	84.4	0	0	1015.16	18.18	15.66	12.38	5.36	2.86
1696001700.0	0.34	0.34	100.0	15.69	84.0	0	0	1015.14	18.19	15.68	12.38	5.38	2.88
1696001760.0	0.34	0.34	100.0	15.69	84.2	0	0	1015.12	18.19	15.69	12.38	5.38	2.86
1696001820.0	0.34	0.34	100.0	15.69	84.4	0	0	1015.11	18.19	15.71	12.38	5.38	2.85
1696001880.0	0.32	0.32	100.0	15.69	84.6	0	0	1015.09	18.19	15.73	13.5	5.38	2.84
1696001940.0	0.32	0.32	100.0	15.69	84.8	0	0	1015.07	18.19	15.75	13.5	5.38	2.83
1696002000.0	0.32	0.32	100.0	15.69	85.0	0	0	1015.06	18.19	15.77	13.5	5.38	2.81
1696002060.0	0.32	0.32	100.0	15.69	85.0	0	0	1015.04	18.21	15.79	13.5	5.4	2.83
1696002120.0	0.32	0.32	100.0	15.69	85.0	0	0	1015.02	18.24	15.8	13.5	5.43	2.84
1696002180.0	0.32	0.32	100.0	15.69	85.0	0	0	1015.01	18.26	15.82	14.63	5.45	2.85
1696002240.0	0.32	0.32	100.0	15.69	85.0	0	0	1014.99	18.29	15.84	14.63	5.48	2.86
1696002300.0	0.32	0.32	100.0	15.69	85.0	0	0	1014.97	18.31	15.86	14.63	5.5	2.88
1696002360.0	0.32	0.32	100.0	15.69	85.0	0	0	1014.96	18.31	15.88	14.63	5.53	2.88
1696002420.0	0.32	0.32	100.0	15.69	85.0	0	0	1014.94	18.31	15.9	14.63	5.55	2.88
1696002480.0	0.33	0.33	100.0	15.69	85.0	0	0	1014.92	18.31	15.91	15.63	5.58	2.88
1696002540.0	0.33	0.33	100.0	15.69	85.0	0	0	1014.91	18.31	15.93	15.63	5.6	2.88
1696002600.0	0.33	0.33	100.0	15.69	85.0	0	0	1014.89	18.31	15.95	15.63	5.63	2.88
1696002660.0	0.33	0.33	100.0	15.69	85.0	0	0	1014.87	18.33	15.96	15.63	5.64	2.88
1696002720.0	0.33	0.33	100.0	15.69	85.0	0	0	1014.86	18.34	15.97	15.63	5.65	2.88
1696002780.0	0.33	0.33	100.0	15.69	85.0	0	0	1014.84	18.35	15.98	16.69	5.66	2.88
1696002840.0	0.33	0.33	100.0	15.69	85.0	0	0	1014.82	18.36	15.99	16.69	5.68	2.88
1696002900.0	0.33	0.33	100.0	15.69	85.0	0	0	1014.81	18.38	16.0	16.69	5.69	2.88
1696002960.0	0.33	0.33	100.0	15.71	84.6	0	0	1014.79	18.4	16.0	16.69	5.69	2.96
1696003020.0	0.33	0.33	100.0	15.74	84.2	0	0	1014.77	18.43	16.0	16.69	5.69	3.05
1696003080.0	0.36	0.36	100.0	15.76	83.8	0	0	1014.76	18.45	16.0	26.5	5.69	3.14
1696003140.0	0.36	0.36	100.0	15.79	83.4	0	0	1014.74	18.48	16.0	26.5	5.69	3.23
1696003200.0	0.36	0.36	100.0	15.81	83.0	0	0	1014.72	18.5	16.0	26.5	5.69	3.31
1696003260.0	0.36	0.36	100.0	15.81	83.0	0	0	1014.73	18.5	16.0	26.5	5.71	3.31
1696003320.0	0.36	0.36	100.0	15.81	83.0	0	0	1014.74	18.5	16.0	26.5	5.74	3.31
1696003380.0	0.36	0.36	100.0	15.81	83.0	0	0	1014.76	18.5	16.0	27.63	5.76	3.31
1696003440.0	0.36	0.36	100.0	15.81	83.0	0	0	1014.77	18.5	16.0	27.63	5.79	3.31
1696003500.0	0.36	0.36	100.0	15.81	83.0	0	0	1014.78	18.5	16.0	27.63	5.81	3.31
1696003560.0	0.36	0.36	100.0	15.81	83.2	0	0	1014.79	18.5	16.0	27.63	5.83	3.31
1696003620.0	0.36	0.36	100.0	15.81	83.4	0	0	1014.8	18.5	16.0	27.63	5.84	3.31
1696003680.0	0.36	0.36	100.0	15.81	83.6	0	0	1014.81	18.5	16.0	28.81	5.85	3.31
1696003740.0	0.36	0.36	100.0	15.81	83.8	0	0	1014.82	18.5	16.0	28.81	5.86	3.31
1696003800.0	0.36	0.36	100.0	15.81	84.0	0	0	1014.83	18.5	16.0	28.81	5.88	3.31
1696003860.0	0.36	0.36	100.0	15.88	83.8	0	0	1014.85	18.56	16.0	28.81	5.9	3.23
1696003920.0	0.36	0.36	100.0	15.94	83.6	0	0	1014.86	18.63	16.0	28.81	5.93	3.14
1696003980.0	0.37	0.37	100.0	16.0	83.4	0	0	1014.87	18.69	16.0	15.88	5.95	3.05
1696004040.0	0.37	0.37	100.0	16.06	83.2	0	0	1014.88	18.75	16.0	15.88	5.98	2.96
1696004100.0	0.37	0.37	100.0	16.13	83.0	0	0	1014.89	18.81	16.0	15.88	6.0	2.88
1696004160.0	0.37	0.37	100.0	16.13	83.0	0	0	1014.9	18.81	16.0	15.88	6.03	2.88
1696004220.0	0.37	0.37	100.0	16.13	83.0	0	0	1014.91	18.81	16.0	15.88	6.05	2.88
1696004280.0	0.37	0.37	100.0	16.13	83.0	0	0	1014.93	18.81	16.0	17.0	6.08	2.88
1696004340.0	0.37	0.37	100.0	16.13	83.0	0	0	1014.94	18.81	16.0	17.0	6.1	2.88
1696004400.0	0.37	0.37	100.0	16.13	83.0	0	0	1014.95	18.81	16.0	17.0	6.13	2.88
1696004460.0	0.37	0.37	100.0	16.13	83.0	0	0	1014.96	18.81	16.0	17.0	6.16	2.88
1696004520.0	0.37	0.37	100.0	16.13	83.0	0	0	1014.97	18.81	16.0	17.0	6.2	2.88
1696004580.0	0.37	0.37	100.0	16.13	83.0	0	0	1014.98	18.81	16.0	18.19	6.24	2.88
1696004640.0	0.37	0.37	100.0	16.13	83.0	0	0	1014.99	18.81	16.0	18.19	6.28	2.88
1696004700.0	0.37	0.37	100.0	16.13	83.0	0	0	1015.0	18.81	16.0	18.19	6.31	2.88
1696004760.0	0.37	0.37	100.0	16.13	83.0	0	0	1015.02	18.81	16.0	18.19	6.33	2.88
1696004820.0	0.37	0.37	100.0	16.13	83.0	0	0	1015.03	18.81	16.0	18.19	6.34	2.88
1696004880.0	0.37	0.37	100.0	16.13	83.0	0	0	1015.04	18.81	16.0	18.5	6.35	2.88
1696004940.0	0.37	0.37	100.0	16.13	83.0	0	0	1015.05	18.81	16.0	18.5	6.36	2.88
1696005000.0	0.37	0.37	100.0	16.13	83.0	0	0	1015.06	18.81	16.0	18.5	6.38	2.88
1696005060.0	0.37	0.37	100.0	16.14	83.2	0	0	1015.07	18.83	15.96	18.5	6.23	2.83
1696005120.0	0.37	0.37	100.0	16.15	83.4	0	0	1015.08	18.84	15.93	18.5	6.08	2.78
1696005180.0	0.36	0.36	100.0	16.16	83.6	0	0	1015.09	18.85	15.89	20.19	5.93	2.73
1696005240.0	0.36	0.36	100.0	16.18	83.8	0	0	1015.11	18.86	15.85	20.19	5.78	2.68
1696005300.0	0.36	0.36	100.0	16.19	84.0	0	0	1015.12	18.88	15.81	20.19	5.63	2.63
1696005360.0	0.36	0.36	100.0	16.19	83.8	0	0	1015.13	18.9	15.81	20.19	5.64	2.63
1696005420.0	0.36	0.36	100.0	16.19	83.6	0	0	1015.14	18.93	15.82	20.19	5.65	2.63
1696005480.0	0.38	0.38	100.0	16.19	83.4	0	0	1015.15	18.95	15.82	26.69	5.66	2.63
1696005540.0	0.38	0.38	100.0	16.19	83.2	0	0	1015.16	18.98	15.82	26.69	5.68	2.63
1696005600.0	0.38	0.38	100.0	16.19	83.0	0	0	1015.17	19.0	15.82	26.69	5.69	2.63
1696005660.0	0.38	0.38	100.0	16.19	83.0	0	0	1015.18	19.0	15.82	26.69	5.71	2.63
1696005720.0	0.38	0.38	100.0	16.19	83.0	0	0	1015.2	19.0	15.82	26.69	5.74	2.63
1696005780.0	0.38	0.38	100.0	16.19	83.0	0	0	1015.21	19.0	15.82	26.88	5.76	2.63
1696005840.0	0.38	0.38	100.0	16.19	83.0	0	0	1015.22	19.0	15.83	26.88	5.79	2.63
1696005900.0	0.38	0.38	100.0	16.19	83.0	0	0	1015.23	19.0	15.83	26.88	5.81	2.63
1696005960.0	0.38	0.38	100.0	16.19	83.0	0	0	1015.24	19.02	15.83	26.88	5.85	2.64
1696006020.0	0.38	0.38	100.0	16.19	83.0	0	0	1015.25	19.05	15.83	26.88	5.89	2.65
1696006080.0	0.38	0.38	100.0	16.19	83.0	0	0	1015.26	19.08	15.83	28.81	5.93	2.66
1696006140.0	0.38	0.38	100.0	16.19	83.0	0	0	1015.28	19.1	15.83	28.81	5.96	2.68
1696006200.0	0.38	0.38	100.0	16.19	83.0	0	0	1015.29	19.13	15.83	28.81	6.0	2.69
1696006260.0	0.38	0.38	100.0	16.21	83.1	0	0	1015.3	19.11	15.83	28.81	6.03	2.67
1696006320.0	0.38	0.38	100.0	16.23	83.2	0	0	1015.31	19.1	15.84	28.81	6.06	2.65
1696006380.0	0.38	0.38	100.0	16.24	83.3	0	0	1015.32	19.09	15.84	28.81	6.09	2.63
1696006440.0	0.38	0.38	100.0	16.26	83.4	0	0	1015.33	19.08	15.84	28.81	6.13	2.61
1696006500.0	0.36	0.36	100.0	16.28	83.5	0	0	1015.34	19.06	15.84	17.63	6.16	2.59
1696006560.0	0.36	0.36	100.0	16.3	83.6	0	0	1015.35	19.05	15.84	17.63	6.19	2.58
1696006620.0	0.36	0.36	100.0	16.32	83.7	0	0	1015.37	19.04	15.84	17.63	6.22	2.56
1696006680.0	0.36	0.36	100.0	16.34	83.8	0	0	1015.38	19.02	15.84	17.63	6.25	2.54
1696006740.0	0.36	0.36	100.0	16.36	83.9	0	0	1015.39	19.01	15.85	17.63	6.28	2.52
1696006800.0	0.36	0.36	100.0	16.38	84.0	0	0	1015.4	19.0	15.85	17.63	6.31	2.5
1696006860.0	0.36	0.36	100.0	16.38	84.0	0	0	1015.39	19.0	15.83	17.63	6.31	2.5
1696006920.0	0.36	0.36	100.0	16.38	84.0	0	0	1015.38	19.0	15.81	17.63	6.31	2.5
1696006980.0	0.35	0.35	100.0	16.38	84.0	0	0	1015.37	19.0	15.8	17.81	6.31	2.5
1696007040.0	0.35	0.35	100.0	16.38	84.0	0	0	1015.36	19.0	15.78	17.81	6.31	2.5
1696007100.0	0.35	0.35	100.0	16.38	84.0	0	0	1015.35	19.0	15.77	17.81	6.31	2.5
1696007160.0	0.35	0.35	100.0	16.37	84.0	0	0	1015.34	18.99	15.75	17.81	6.31	2.55
1696007220.0	0.35	0.35	100.0	16.36	84.0	0	0	1015.33	18.98	15.73	17.81	6.31	2.6
1696007280.0	0.35	0.35	100.0	16.36	84.0	0	0	1015.32	18.96	15.72	17.81	6.31	2.65
1696007340.0	0.35	0.35	100.0	16.35	84.0	0	0	1015.31	18.95	15.7	17.81	6.31	2.7
1696007400.0	0.35	0.35	100.0	16.34	84.0	0	0	1015.29	18.94	15.68	26.13	6.31	2.75
1696007460.0	0.35	0.35	100.0	16.34	84.0	0	0	1015.28	18.93	15.67	26.13	6.31	2.8
1696007520.0	0.35	0.35	100.0	16.33	84.0	0	0	1015.27	18.91	15.65	26.13	6.31	2.85
1696007580.0	0.35	0.35	100.0	16.33	84.0	0	0	1015.26	18.9	15.64	26.13	6.31	2.9
1696007640.0	0.35	0.35	100.0	16.32	84.0	0	0	1015.25	18.89	15.62	26.13	6.31	2.95
1696007700.0	0.35	0.35	100.0	16.31	84.0	0	0	1015.24	18.88	15.6	26.13	6.31	3.0
1696007760.0	0.35	0.35	100.0	16.31	84.0	0	0	1015.23	18.88	15.59	26.13	6.31	3.0
1696007820.0	0.35	0.35	100.0	16.31	84.0	0	0	1015.22	18.88	15.57	26.13	6.31	3.0
1696007880.0	0.35	0.35	100.0	16.31	84.0	0	0	1015.21	18.88	15.55	26.31	6.31	3.0
1696007940.0	0.35	0.35	100.0	16.31	84.0	0	0	1015.2	18.88	15.54	26.31	6.31	3.0
1696008000.0	0.35	0.35	100.0	16.31	84.0	0	0	1015.19	18.88	15.52	26.31	6.31	3.0
1696008060.0	0.35	0.35	100.0	16.31	84.0	0	0	1015.18	18.86	15.51	26.31	6.31	3.0
1696008120.0	0.35	0.35	100.0	16.31	84.0	0	0	1015.17	18.85	15.49	26.31	6.31	3.0
1696008180.0	0.35	0.35	100.0	16.31	84.0	0	0	1015.16	18.84	15.47	26.5	6.31	3.0
1696008240.0	0.35	0.35	100.0	16.31	84.0	0	0	1015.15	18.83	15.46	26.5	6.31	3.0
1696008300.0	0.35	0.35	100.0	16.31	84.0	0	0	1015.14	18.81	15.44	26.5	6.31	3.0
1696008360.0	0.35	0.35	100.0	16.29	84.0	0	0	1015.13	18.81	15.43	26.5	6.03	2.96
1696008420.0	0.35	0.35	100.0	16.26	84.0	0	0	1015.12	18.81	15.42	26.5	5.74	2.93
1696008480.0	0.35	0.35	100.0	16.24	84.0	0	0	1015.11	18.81	15.41	31.31	5.45	2.89
1696008540.0	0.35	0.35	100.0	16.21	84.0	0	0	1015.1	18.81	15.41	31.31	5.16	2.85
1696008600.0	0.35	0.35	100.0	16.19	84.0	0	0	1015.09	18.81	15.4	31.31	4.88	2.81
1696008660.0	0.35	0.35	100.0	16.19	84.0	0	0	1015.08	18.81	15.39	31.31	4.88	2.81
1696008720.0	0.35	0.35	100.0	16.19	84.0	0	0	1015.07	18.81	15.39	31.31	4.88	2.81
1696008780.0	0.35	0.35	100.0	16.19	84.0	0	0	1015.05	18.81	15.39	31.19	4.88	2.81
1696008840.0	0.35	0.35	100.0	16.19	84.0	0	0	1015.04	18.81	15.39	31.19	4.88	2.81
1696008900.0	0.35	0.35	100.0	16.19	84.0	0	0	1015.03	18.81	15.39	31.19	4.88	2.81
1696008960.0	0.35	0.35	100.0	16.23	82.8	0	0	1015.02	19.08	15.38	31.19	4.6	2.71
1696009020.0	0.35	0.35	100.0	16.26	81.6	0	0	1015.01	19.34	15.38	31.19	4.33	2.61
1696009080.0	0.5	0.5	100.0	16.3	80.4	0	0	1015.0	19.6	15.38	341.69	4.05	2.51
1696009140.0	0.5	0.5	100.0	16.34	79.2	0	0	1014.99	19.86	15.38	341.69	3.78	2.41
1696009200.0	0.5	0.5	100.0	16.38	78.0	0	0	1014.98	20.13	15.37	341.69	3.5	2.31
1696009260.0	0.5	0.5	100.0	16.38	78.0	0	0	1014.97	20.13	15.37	341.69	3.5	2.31
1696009320.0	0.5	0.5	100.0	16.38	78.0	0	0	1014.96	20.13	15.37	341.69	3.5	2.31
1696009380.0	0.5	0.5	100.0	16.38	78.0	0	0	1014.95	20.13	15.37	341.81	3.5	2.31
1696009440.0	0.5	0.5	100.0	16.38	78.0	0	0	1014.94	20.13	15.37	341.81	3.5	2.31
1696009500.0	0.5	0.5	100.0	16.38	78.0	0	0	1014.93	20.13	15.36	341.81	3.5	2.31
1696009560.0	0.5	0.5	100.0	16.38	78.0	0	0	1014.92	20.13	15.36	341.81	3.53	2.31
1696009620.0	0.5	0.5	100.0	16.38	78.0	0	0	1014.91	20.13	15.36	341.81	3.55	2.31
1696009680.0	0.5	0.5	100.0	16.38	78.0	0	0	1014.9	20.13	15.36	341.31	3.58	2.31
1696009740.0	0.5	0.5	100.0	16.38	78.0	0	0	1014.89	20.13	15.35	341.31	3.6	2.31
1696009800.0	0.5	0.5	100.0	16.38	78.0	0	0	1014.88	20.13	15.35	341.31	3.63	2.31
1696009860.0	0.5	0.5	100.0	16.4	78.0	0	0	1014.87	20.14	15.35	341.31	3.63	2.31
1696009920.0	0.5	0.5	100.0	16.43	78.0	0	0	1014.86	20.15	15.35	341.31	3.63	2.31
1696009980.0	0.51	0.51	100.0	16.45	78.0	0	0	1014.85	20.16	15.35	326.31	3.63	2.31
1696010040.0	0.51	0.51	100.0	16.48	78.0	0	0	1014.84	20.18	15.34	326.31	3.63	2.31
1696010100.0	0.51	0.51	100.0	16.5	78.0	0	0	1014.83	20.19	15.34	326.31	3.63	2.31
1696010160.0	0.51	0.51	100.0	16.5	78.0	0	0	1014.81	20.19	15.34	326.31	3.63	2.33
1696010220.0	0.51	0.51	100.0	16.5	78.0	0	0	1014.8	20.19	15.34	326.31	3.63	2.34
1696010280.0	0.49	0.49	100.0	16.5	78.0	0	0	1014.79	20.19	15.33	338.38	3.63	2.35
1696010340.0	0.49	0.49	100.0	16.5	78.0	0	0	1014.78	20.19	15.33	338.38	3.63	2.36
1696010400.0	0.49	0.49	100.0	16.5	78.0	0	0	1014.77	20.19	15.33	338.38	3.63	2.38
1696010460.0	0.49	0.49	100.0	16.5	78.0	0	0	1014.78	20.19	15.32	338.38	3.63	2.38
1696010520.0	0.49	0.49	100.0	16.5	78.0	0	0	1014.78	20.19	15.31	338.38	3.63	2.38
1696010580.0	0.49	0.49	100.0	16.5	78.0	0	0	1014.79	20.19	15.29	338.63	3.63	2.38
1696010640.0	0.49	0.49	100.0	16.5	78.0	0	0	1014.79	20.19	15.28	338.63	3.63	2.38
1696010700.0	0.49	0.49	100.0	16.5	78.0	0	0	1014.8	20.19	15.27	338.63	3.63	2.38
1696010760.0	0.49	0.49	100.0	16.48	78.0	0	0	1014.8	20.18	15.26	338.63	3.6	2.38
1696010820.0	0.49	0.49	100.0	16.45	78.0	0	0	1014.81	20.16	15.24	338.63	3.58	2.38
1696010880.0	0.49	0.49	100.0	16.43	78.0	0	0	1014.81	20.15	15.23	339.5	3.55	2.38
1696010940.0	0.49	0.49	100.0	16.4	78.0	0	0	1014.82	20.14	15.22	339.5	3.53	2.38
1696011000.0	0.49	0.49	100.0	16.38	78.0	0	0	1014.82	20.13	15.21	339.5	3.5	2.38
1696011060.0	0.49	0.49	100.0	16.4	78.0	0	0	1014.82	20.14	15.19	339.5	3.5	2.38
1696011120.0	0.49	0.49	100.0	16.43	78.0	0	0	1014.83	20.15	15.18	339.5	3.5	2.38
1696011180.0	0.49	0.49	100.0	16.45	78.0	0	0	1014.83	20.16	15.17	324.69	3.5	2.38
1696011240.0	0.49	0.49	100.0	16.48	78.0	0	0	1014.84	20.18	15.16	324.69	3.5	2.38
1696011300.0	0.49	0.49	100.0	16.5	78.0	0	0	1014.84	20.19	15.15	324.69	3.5	2.38
1696011360.0	0.49	0.49	100.0	16.5	78.0	0	0	1014.85	20.19	15.13	324.69	3.5	2.38
1696011420.0	0.49	0.49	100.0	16.5	78.0	0	0	1014.85	20.19	15.12	324.69	3.5	2.38
1696011480.0	0.49	0.49	100.0	16.5	78.0	0	0	1014.86	20.19	15.11	324.88	3.5	2.38
1696011540.0	0.49	0.49	100.0	16.5	78.0	0	0	1014.86	20.19	15.1	324.88	3.5	2.38
1696011600.0	0.49	0.49	100.0	16.5	78.0	0	0	1014.87	20.19	15.08	324.88	3.5	2.38
1696011660.0	0.49	0.49	100.0	16.5	78.0	0	0	1014.87	20.19	15.21	324.88	3.53	2.36
1696011720.0	0.49	0.49	100.0	16.5	78.0	0	0	1014.88	20.19	15.33	324.88	3.55	2.35
1696011780.0	0.5	0.5	100.0	16.5	78.0	0	0	1014.88	20.19	15.46	321.0	3.58	2.34
1696011840.0	0.5	0.5	100.0	16.5	78.0	0	0	1014.89	20.19	15.59	321.0	3.6	2.33
1696011900.0	0.5	0.5	100.0	16.5	78.0	0	0	1014.89	20.19	15.71	321.0	3.63	2.31
1696011960.0	0.5	0.5	100.0	16.5	78.0	0	0	1014.9	20.19	15.72	321.0	3.63	2.31
1696012020.0	0.5	0.5	100.0	16.5	78.0	0	0	1014.9	20.19	15.73	321.0	3.63	2.31
1696012080.0	0.5	0.5	100.0	16.5	78.0	0	0	1014.91	20.19	15.74	321.13	3.63	2.31
1696012140.0	0.5	0.5	100.0	16.5	78.0	0	0	1014.91	20.19	15.74	321.13	3.63	2.31
1696012200.0	0.5	0.5	100.0	16.5	78.0	0	0	1014.91	20.19	15.75	321.13	3.63	2.31
1696012260.0	0.5	0.5	100.0	16.5	78.0	0	0	1014.92	20.19	15.76	321.13	3.63	2.31
1696012320.0	0.5	0.5	100.0	16.5	78.0	0	0	1014.92	20.19	15.77	321.13	3.63	2.31
1696012380.0	0.5	0.5	100.0	16.5	78.0	0	0	1014.93	20.19	15.77	321.19	3.63	2.31
1696012440.0	0.5	0.5	100.0	16.5	78.0	0	0	1014.93	20.19	15.78	321.19	3.63	2.31
1696012500.0	0.5	0.5	100.0	16.5	78.0	0	0	1014.94	20.19	15.79	321.19	3.63	2.31
1696012560.0	0.5	0.5	100.0	16.49	78.6	0	0	1014.94	20.08	15.8	321.19	3.74	2.35
1696012620.0	0.5	0.5	100.0	16.48	79.2	0	0	1014.95	19.98	15.81	321.19	3.86	2.39
1696012680.0	0.5	0.5	100.0	16.46	79.8	0	0	1014.95	19.87	15.81	321.19	3.98	2.42
1696012740.0	0.5	0.5	100.0	16.45	80.4	0	0	1014.96	19.76	15.82	321.19	4.1	2.46
1696012800.0	0.34	0.34	100.0	16.44	81.0	0	0	1014.96	19.66	15.83	356.69	4.22	2.5
1696012860.0	0.34	0.34	100.0	16.43	81.6	0	0	1014.97	19.55	15.84	356.69	4.34	2.54
1696012920.0	0.34	0.34	100.0	16.41	82.2	0	0	1014.97	19.44	15.84	356.69	4.46	2.58
1696012980.0	0.34	0.34	100.0	16.4	82.8	0	0	1014.98	19.34	15.85	356.69	4.58	2.61
1696013040.0	0.34	0.34	100.0	16.39	83.4	0	0	1014.98	19.23	15.86	356.69	4.69	2.65
1696013100.0	0.34	0.34	100.0	16.38	84.0	0	0	1014.99	19.13	15.87	356.69	4.81	2.69
1696013160.0	0.34	0.34	100.0	16.38	84.0	0	0	1014.99	19.13	15.87	356.69	4.81	2.69
1696013220.0	0.34	0.34	100.0	16.38	84.0	0	0	1014.99	19.13	15.88	356.69	4.81	2.69
1696013280.0	0.34	0.34	100.0	16.38	84.0	0	0	1015.0	19.13	15.89	357.13	4.81	2.69
1696013340.0	0.34	0.34	100.0	16.38	84.0	0	0	1015.0	19.13	15.9	357.13	4.81	2.69
1696013400.0	0.34	0.34	100.0	16.38	84.0	0	0	1015.01	19.13	15.91	357.13	4.81	2.69
1696013460.0	0.34	0.34	100.0	16.38	84.0	0	0	1015.01	19.13	15.91	357.13	4.83	2.69
1696013520.0	0.34	0.34	100.0	16.38	84.0	0	0	1015.02	19.13	15.92	357.13	4.84	2.69
1696013580.0	0.34	0.34	100.0	16.38	84.0	0	0	1015.02	19.13	15.93	357.63	4.85	2.69
1696013640.0	0.34	0.34	100.0	16.38	84.0	0	0	1015.03	19.13	15.94	357.63	4.86	2.69
1696013700.0	0.34	0.34	100.0	16.38	84.0	0	0	1015.03	19.13	15.95	357.63	4.88	2.69
1696013760.0	0.34	0.34	100.0	16.36	84.0	0	0	1015.04	19.1	15.95	357.63	4.88	2.79
1696013820.0	0.34	0.34	100.0	16.35	84.0	0	0	1015.04	19.08	15.96	357.63	4.88	2.89
1696013880.0	0.36	0.36	100.0	16.34	84.0	0	0	1015.05	19.05	15.97	2.38	4.88	2.99
1696013940.0	0.36	0.36	100.0	16.33	84.0	0	0	1015.05	19.02	15.98	2.38	4.88	3.09
1696014000.0	0.36	0.36	100.0	16.31	84.0	0	0	1015.06	19.0	15.98	2.38	4.88	3.19
1696014060.0	0.36	0.36	100.0	16.31	84.0	0	0	1015.03	19.0	15.98	2.38	4.9	3.19
1696014120.0	0.36	0.36	100.0	16.31	84.0	0	0	1015.0	19.0	15.99	2.38	4.93	3.19
1696014180.0	0.36	0.36	100.0	16.31	84.0	0	0	1014.98	19.0	15.99	1.69	4.95	3.19
1696014240.0	0.36	0.36	100.0	16.31	84.0	0	0	1014.95	19.0	15.99	1.69	4.97	3.19
1696014300.0	0.36	0.36	100.0	16.31	84.0	0	0	1014.93	19.0	15.99	1.69	5.0	3.19
1696014360.0	0.36	0.36	100.0	16.33	83.8	0	0	1014.9	19.02	15.99	1.69	5.03	3.21
1696014420.0	0.36	0.36	100.0	16.34	83.6	0	0	1014.88	19.05	15.99	1.69	5.05	3.24
1696014480.0	0.37	0.37	100.0	16.35	83.4	0	0	1014.85	19.08	15.99	0.88	5.08	3.26
1696014540.0	0.37	0.37	100.0	16.36	83.2	0	0	1014.83	19.1	15.99	0.88	5.1	3.29
1696014600.0	0.37	0.37	100.0	16.38	83.0	0	0	1014.8	19.13	15.99	0.88	5.13	3.31
1696014660.0	0.37	0.37	100.0	16.38	83.2	0	0	1014.77	19.1	15.99	0.88	5.14	3.31
1696014720.0	0.37	0.37	100.0	16.38	83.4	0	0	1014.75	19.08	16.0	0.88	5.15	3.31
1696014780.0	0.35	0.35	100.0	16.38	83.6	0	0	1014.72	19.05	16.0	351.38	5.16	3.31
1696014840.0	0.35	0.35	100.0	16.38	83.8	0	0	1014.7	19.02	16.0	351.38	5.18	3.31
1696014900.0	0.35	0.35	100.0	16.38	84.0	0	0	1014.67	19.0	16.0	351.38	5.19	3.31
1696014960.0	0.35	0.35	100.0	16.38	84.0	0	0	1014.65	19.0	16.0	351.38	5.21	3.33
1696015020.0	0.35	0.35	100.0	16.38	84.0	0	0	1014.62	19.0	16.0	351.38	5.24	3.34
1696015080.0	0.35	0.35	100.0	16.38	84.0	0	0	1014.6	19.0	16.0	350.81	5.26	3.35
1696015140.0	0.35	0.35	100.0	16.38	84.0	0	0	1014.57	19.0	16.0	350.81	5.29	3.36
1696015200.0	0.35	0.35	100.0	16.38	84.0	0	0	1014.54	19.0	16.0	350.81	5.31	3.38
1696015260.0	0.35	0.35	98.2	16.36	84.0	0	0	1014.52	18.98	15.93	350.81	5.48	3.46
1696015320.0	0.35	0.35	96.4	16.35	84.0	0	0	1014.49	18.95	15.87	350.81	5.64	3.55
1696015380.0	0.36	0.36	94.6	16.34	84.0	0	0	1014.47	18.93	15.8	343.19	5.8	3.64
1696015440.0	0.36	0.36	92.8	16.33	84.0	0	0	1014.44	18.9	15.74	343.19	5.96	3.73
1696015500.0	0.36	0.36	91.0	16.31	84.0	0	0	1014.42	18.88	15.67	343.19	6.13	3.81
1696015560.0	0.36	0.36	90.6	16.31	84.0	0	0	1014.39	18.9	15.68	343.19	6.13	3.83
1696015620.0	0.36	0.36	90.2	16.31	84.0	0	0	1014.37	18.93	15.69	343.19	6.13	3.84
1696015680.0	0.36	0.36	89.8	16.31	84.0	0	0	1014.34	18.95	15.7	343.19	6.13	3.85
1696015740.0	0.36	0.36	89.4	16.31	84.0	0	0	1014.31	18.98	15.71	343.19	6.13	3.86
1696015800.0	0.36	0.36	89.0	16.31	84.0	0	0	1014.29	19.0	15.73	343.19	6.13	3.88
1696015860.0	0.36	0.36	88.6	16.31	83.8	0	0	1014.26	19.02	15.74	343.19	6.14	3.88
1696015920.0	0.36	0.36	88.2	16.31	83.6	0	0	1014.24	19.05	15.75	343.19	6.15	3.88
1696015980.0	0.37	0.37	87.8	16.31	83.4	0	0	1014.21	19.08	15.76	343.19	6.16	3.88
1696016040.0	0.37	0.37	87.4	16.31	83.2	0	0	1014.19	19.1	15.77	343.19	6.18	3.88
1696016100.0	0.37	0.37	87.0	16.31	83.0	0	0	1014.16	19.13	15.78	343.19	6.19	3.88
1696016160.0	0.37	0.37	86.6	16.33	83.0	0	0	1014.14	19.16	15.79	343.19	6.18	3.83
1696016220.0	0.37	0.37	86.2	16.34	83.0	0	0	1014.11	19.2	15.8	343.19	6.16	3.78
1696016280.0	0.38	0.38	85.8	16.35	83.0	0	0	1014.08	19.24	15.81	357.31	6.15	3.73
1696016340.0	0.38	0.38	85.4	16.36	83.0	0	0	1014.06	19.27	15.82	357.31	6.14	3.68
1696016400.0	0.38	0.38	85.0	16.38	83.0	0	0	1014.03	19.31	15.83	357.31	6.13	3.63
1696016460.0	0.38	0.38	84.6	16.38	82.8	0	0	1014.01	19.31	15.84	357.31	6.13	3.63
1696016520.0	0.38	0.38	84.2	16.38	82.6	0	0	1013.98	19.31	15.85	357.31	6.13	3.63
1696016580.0	0.39	0.39	83.8	16.38	82.4	0	0	1013.96	19.31	15.86	357.31	6.13	3.63
1696016640.0	0.39	0.39	83.4	16.38	82.2	0	0	1013.93	19.31	15.87	357.31	6.13	3.63
1696016700.0	0.39	0.39	83.0	16.38	82.0	0	0	1013.91	19.31	15.88	357.31	6.13	3.63
1696016760.0	0.39	0.39	82.6	16.38	82.0	0	0	1013.88	19.33	15.89	357.31	6.14	3.64
1696016820.0	0.39	0.39	82.2	16.38	82.0	0	0	1013.85	19.34	15.9	357.31	6.15	3.65
1696016880.0	0.4	0.4	81.8	16.38	82.0	0	0	1013.83	19.35	15.91	357.31	6.16	3.66
1696016940.0	0.4	0.4	81.4	16.38	82.0	0	0	1013.8	19.36	15.93	357.31	6.18	3.68
1696017000.0	0.4	0.4	81.0	16.38	82.0	0	0	1013.78	19.38	15.94	357.31	6.19	3.69
1696017060.0	0.4	0.4	80.6	16.38	82.0	0	0	1013.75	19.38	15.95	357.31	6.19	3.71
1696017120.0	0.4	0.4	80.2	16.38	82.0	0	0	1013.73	19.38	15.96	357.31	6.19	3.74
1696017180.0	0.4	0.4	79.8	16.38	82.0	0	0	1013.7	19.38	15.97	357.31	6.19	3.76
1696017240.0	0.4	0.4	79.4	16.38	82.0	0	0	1013.68	19.38	15.98	357.31	6.19	3.79
1696017300.0	0.4	0.4	79.0	16.38	82.0	0	0	1013.65	19.38	15.99	357.31	6.19	3.81
1696017360.0	0.4	0.4	78.6	16.38	81.8	0	0	1013.62	19.43	15.99	357.31	6.19	3.75
1696017420.0	0.4	0.4	78.2	16.38	81.6	0	0	1013.6	19.48	15.99	357.31	6.19	3.69
1696017480.0	0.43	0.43	77.8	16.38	81.4	0	0	1013.57	19.52	16.0	2.5	6.19	3.63
1696017540.0	0.43	0.43	77.4	16.38	81.2	0	0	1013.55	19.58	16.0	2.5	6.19	3.56
1696017600.0	0.43	0.43	77.0	16.38	81.0	0	0	1013.52	19.63	16.0	2.5	6.19	3.5
1696017660.0	0.43	0.43	77.2	16.38	81.0	0	0	1013.53	19.64	16.0	2.5	6.18	3.5
1696017720.0	0.43	0.43	77.4	16.38	81.0	0	0	1013.53	19.65	16.0	2.5	6.16	3.5
1696017780.0	0.43	0.43	77.6	16.38	81.0	0	0	1013.54	19.66	16.0	3.31	6.15	3.5
1696017840.0	0.43	0.43	77.8	16.38	81.0	0	0	1013.54	19.68	16.0	3.31	6.14	3.5
1696017900.0	0.43	0.43	78.0	16.38	81.0	0	0	1013.55	19.69	16.0	3.31	6.13	3.5
1696017960.0	0.43	0.43	78.2	16.38	81.0	0	0	1013.56	19.68	16.0	3.31	6.13	3.5
1696018020.0	0.43	0.43	78.4	16.38	81.0	0	0	1013.56	19.66	16.0	3.31	6.13	3.5
1696018080.0	0.43	0.43	78.6	16.38	81.0	0	0	1013.57	19.65	16.0	2.38	6.13	3.5
1696018140.0	0.43	0.43	78.8	16.38	81.0	0	0	1013.57	19.64	16.0	2.38	6.13	3.5
1696018200.0	0.43	0.43	79.0	16.38	81.0	0	0	1013.58	19.63	16.0	2.38	6.13	3.5
1696018260.0	0.43	0.43	79.2	16.38	81.0	0	0	1013.58	19.64	16.0	2.38	6.1	3.48
1696018320.0	0.43	0.43	79.4	16.38	81.0	0	0	1013.59	19.65	16.0	2.38	6.08	3.45
1696018380.0	0.43	0.43	79.6	16.38	81.0	0	0	1013.59	19.66	16.0	3.19	6.05	3.43
1696018440.0	0.43	0.43	79.8	16.38	81.0	0	0	1013.6	19.68	16.0	3.19	6.03	3.4
1696018500.0	0.43	0.43	80.0	16.38	81.0	0	0	1013.61	19.69	16.0	3.19	6.0	3.38
1696018560.0	0.43	0.43	80.4	16.4	81.0	0	0	1013.61	19.69	16.0	3.19	6.0	3.34
1696018620.0	0.43	0.43	80.8	16.43	81.0	0	0	1013.62	19.69	16.0	3.19	6.0	3.3
1696018680.0	0.42	0.42	81.2	16.45	81.0	0	0	1013.62	19.69	16.0	4.0	6.0	3.26
1696018740.0	0.42	0.42	81.6	16.48	81.0	0	0	1013.63	19.69	16.0	4.0	6.0	3.23
1696018800.0	0.42	0.42	82.0	16.5	81.0	0	0	1013.63	19.69	16.0	4.0	6.0	3.19
1696018860.0	0.42	0.42	82.2	16.52	81.0	0	0	1013.64	19.69	16.0	4.0	5.98	3.18
1696018920.0	0.42	0.42	82.4	16.55	81.0	0	0	1013.64	19.69	16.0	4.0	5.95	3.16
1696018980.0	0.42	0.42	82.6	16.58	81.0	0	0	1013.65	19.69	16.0	4.88	5.93	3.15
1696019040.0	0.42	0.42	82.8	16.6	81.0	0	0	1013.66	19.69	16.0	4.88	5.9	3.14
1696019100.0	0.42	0.42	83.0	16.63	81.0	0	0	1013.66	19.69	16.0	4.88	5.88	3.13
1696019160.0	0.42	0.42	84.8	16.63	81.0	0	0	1013.67	19.71	16.0	4.88	5.83	3.06
1696019220.0	0.42	0.42	86.6	16.63	81.0	0	0	1013.67	19.74	16.0	4.88	5.78	3.0
1696019280.0	0.42	0.42	88.4	16.63	81.0	0	0	1013.68	19.76	16.0	5.13	5.73	2.94
1696019340.0	0.42	0.42	90.2	16.63	81.0	0	0	1013.68	19.79	16.0	5.13	5.68	2.88
1696019400.0	0.42	0.42	92.0	16.63	81.0	0	0	1013.69	19.81	16.0	5.13	5.63	2.81
1696019460.0	0.42	0.42	92.0	16.63	81.0	0	0	1013.69	19.81	16.0	5.13	5.63	2.81
1696019520.0	0.42	0.42	92.0	16.63	81.0	0	0	1013.7	19.81	16.0	5.13	5.63	2.81
1696019580.0	0.42	0.42	92.0	16.63	81.0	0	0	1013.71	19.81	16.0	6.13	5.63	2.81
1696019640.0	0.42	0.42	92.0	16.63	81.0	0	0	1013.71	19.81	16.0	6.13	5.63	2.81
1696019700.0	0.42	0.42	92.0	16.63	81.0	0	0	1013.72	19.81	16.0	6.13	5.63	2.81
1696019760.0	0.42	0.42	92.2	16.63	81.0	0	0	1013.72	19.81	16.0	6.13	5.6	2.83
1696019820.0	0.42	0.42	92.4	16.63	81.0	0	0	1013.73	19.81	16.0	6.13	5.58	2.84
1696019880.0	0.42	0.42	92.6	16.63	81.0	0	0	1013.73	19.81	16.0	7.13	5.55	2.85
1696019940.0	0.42	0.42	92.8	16.63	81.0	0	0	1013.74	19.81	16.0	7.13	5.53	2.86
1696020000.0	0.42	0.42	93.0	16.63	81.0	0	0	1013.74	19.81	16.0	7.13	5.5	2.88
1696020060.0	0.42	0.42	93.0	16.63	81.0	0	0	1013.75	19.81	16.0	7.13	5.5	2.88
1696020120.0	0.42	0.42	93.0	16.63	81.0	0	0	1013.76	19.81	16.0	7.13	5.5	2.88
1696020180.0	0.43	0.43	93.0	16.63	81.0	0	0	1013.76	19.81	16.0	8.0	5.5	2.88
1696020240.0	0.43	0.43	93.0	16.63	81.0	0	0	1013.77	19.81	16.0	8.0	5.5	2.88
1696020300.0	0.43	0.43	93.0	16.63	81.0	0	0	1013.77	19.81	16.0	8.0	5.5	2.88
1696020360.0	0.43	0.43	93.2	16.6	81.0	0	0	1013.78	19.81	16.0	8.0	5.5	2.94
1696020420.0	0.43	0.43	93.4	16.58	81.0	0	0	1013.78	19.81	16.0	8.0	5.5	3.0
1696020480.0	0.42	0.42	93.6	16.55	81.0	0	0	1013.79	19.81	16.0	13.31	5.5	3.06
1696020540.0	0.42	0.42	93.8	16.52	81.0	0	0	1013.79	19.81	16.0	13.31	5.5	3.13
1696020600.0	0.42	0.42	94.0	16.5	81.0	0	0	1013.8	19.81	16.0	13.31	5.5	3.19
1696020660.0	0.42	0.42	94.2	16.5	81.0	0	0	1013.81	19.83	16.0	13.31	5.5	3.19
1696020720.0	0.42	0.42	94.4	16.5	81.0	0	0	1013.81	19.84	16.0	13.31	5.5	3.19
1696020780.0	0.42	0.42	94.6	16.5	81.0	0	0	1013.82	19.85	16.0	14.19	5.5	3.19
1696020840.0	0.42	0.42	94.8	16.5	81.0	0	0	1013.82	19.86	16.0	14.19	5.5	3.19
1696020900.0	0.42	0.42	95.0	16.5	81.0	0	0	1013.83	19.88	16.0	14.19	5.5	3.19
1696020960.0	0.42	0.42	95.0	16.52	81.0	0	0	1013.83	19.86	16.0	14.19	5.5	3.15
1696021020.0	0.42	0.42	95.0	16.55	81.0	0	0	1013.84	19.85	16.0	14.19	5.5	3.11
1696021080.0	0.43	0.43	95.0	16.58	81.0	0	0	1013.84	19.84	16.0	357.38	5.5	3.08
1696021140.0	0.43	0.43	95.0	16.6	81.0	0	0	1013.85	19.83	16.0	357.38	5.5	3.04
1696021200.0	0.43	0.43	95.0	16.63	81.0	0	0	1013.86	19.81	16.0	357.38	5.5	3.0
1696021260.0	0.43	0.43	95.2	16.63	81.0	0	0	1013.85	19.81	16.0	357.38	5.5	2.98
1696021320.0	0.43	0.43	95.4	16.63	81.0	0	0	1013.85	19.81	16.0	357.38	5.5	2.95
1696021380.0	0.42	0.42	95.6	16.63	81.0	0	0	1013.85	19.81	16.0	357.88	5.5	2.93
1696021440.0	0.42	0.42	95.8	16.63	81.0	0	0	1013.85	19.81	16.0	357.88	5.5	2.9
1696021500.0	0.42	0.42	96.0	16.63	81.0	0	0	1013.85	19.81	16.0	357.88	5.5	2.88
1696021560.0	0.42	0.42	96.0	16.63	81.0	0	0	1013.85	19.81	16.0	357.88	5.5	2.88
1696021620.0	0.42	0.42	96.0	16.63	81.0	0	0	1013.85	19.81	16.0	357.88	5.5	2.88
1696021680.0	0.42	0.42	96.0	16.63	81.0	0	0	1013.84	19.81	16.0	358.5	5.5	2.88
1696021740.0	0.42	0.42	96.0	16.63	81.0	0	0	1013.84	19.81	16.0	358.5	5.5	2.88
1696021800.0	0.42	0.42	96.0	16.63	81.0	0	0	1013.84	19.81	16.0	358.5	5.5	2.88
1696021860.0	0.42	0.42	96.0	16.63	81.0	0	0	1013.84	19.79	16.0	358.5	5.53	2.86
1696021920.0	0.42	0.42	96.0	16.63	81.0	0	0	1013.84	19.76	16.0	358.5	5.55	2.85
1696021980.0	0.42	0.42	96.0	16.63	81.0	0	0	1013.84	19.74	16.0	359.0	5.58	2.84
1696022040.0	0.42	0.42	96.0	16.63	81.0	0	0	1013.84	19.71	16.0	359.0	5.6	2.83
1696022100.0	0.42	0.42	96.0	16.63	81.0	0	0	1013.84	19.69	16.0	359.0	5.63	2.81
1696022160.0	0.42	0.42	96.2	16.63	81.0	0	0	1013.83	19.71	16.0	359.0	5.64	2.88
1696022220.0	0.42	0.42	96.4	16.63	81.0	0	0	1013.83	19.74	16.0	359.0	5.65	2.94
1696022280.0	0.42	0.42	96.6	16.63	81.0	0	0	1013.83	19.76	16.0	359.0	5.66	3.0
1696022340.0	0.42	0.42	96.8	16.63	81.0	0	0	1013.83	19.79	16.0	359.0	5.68	3.06
1696022400.0	0.42	0.42	97.0	16.63	81.0	0	0	1013.83	19.81	16.0	359.0	5.69	3.13
1696022460.0	0.42	0.42	97.4	16.66	81.0	0	0	1013.83	19.85	16.0	359.0	5.43	3.06
1696022520.0	0.42	0.42	97.8	16.7	81.0	0	0	1013.83	19.89	16.0	359.0	5.16	3.0
1696022580.0	0.42	0.42	98.2	16.74	81.0	0	0	1013.82	19.93	16.0	356.81	4.9	2.94
1696022640.0	0.42	0.42	98.6	16.77	81.0	0	0	1013.82	19.96	16.0	356.81	4.64	2.88
1696022700.0	0.42	0.42	99.0	16.81	81.0	0	0	1013.82	20.0	16.0	356.81	4.38	2.81
1696022760.0	0.42	0.42	99.0	16.81	81.0	0	0	1013.82	20.0	16.0	356.81	4.4	2.81
1696022820.0	0.42	0.42	99.0	16.81	81.0	0	0	1013.82	20.0	16.0	356.81	4.43	2.81
1696022880.0	0.42	0.42	99.0	16.81	81.0	0	0	1013.82	20.0	16.0	356.38	4.45	2.81
1696022940.0	0.42	0.42	99.0	16.81	81.0	0	0	1013.82	20.0	16.0	356.38	4.47	2.81
1696023000.0	0.42	0.42	99.0	16.81	81.0	0	0	1013.81	20.0	16.0	356.38	4.5	2.81
1696023060.0	0.42	0.42	98.8	16.81	81.2	0	0	1013.81	19.98	16.0	356.38	4.53	2.81
1696023120.0	0.42	0.42	98.6	16.81	81.4	0	0	1013.81	19.95	16.0	356.38	4.55	2.81
1696023180.0	0.41	0.41	98.4	16.81	81.6	0	0	1013.81	19.93	16.0	356.0	4.58	2.81
1696023240.0	0.41	0.41	98.2	16.81	81.8	0	0	1013.81	19.9	16.0	356.0	4.6	2.81
1696023300.0	0.41	0.41	98.0	16.81	82.0	0	0	1013.81	19.88	16.0	356.0	4.63	2.81
1696023360.0	0.41	0.41	98.0	16.81	82.0	0	0	1013.81	19.88	16.0	356.0	4.64	2.81
1696023420.0	0.41	0.41	98.0	16.81	82.0	0	0	1013.8	19.88	16.0	356.0	4.65	2.81
1696023480.0	0.41	0.41	98.0	16.81	82.0	0	0	1013.8	19.88	16.0	355.5	4.66	2.81
1696023540.0	0.41	0.41	98.0	16.81	82.0	0	0	1013.8	19.88	16.0	355.5	4.68	2.81
1696023600.0	0.41	0.41	98.0	16.81	82.0	0	0	1013.8	19.88	16.0	355.5	4.69	2.81
1696023660.0	0.41	0.41	98.0	16.81	82.0	0	0	1013.8	19.86	16.0	355.5	4.71	2.81
1696023720.0	0.41	0.41	98.0	16.81	82.0	0	0	1013.8	19.85	16.0	355.5	4.74	2.81
1696023780.0	0.41	0.41	98.0	16.81	82.0	0	0	1013.8	19.84	16.0	355.13	4.76	2.81
1696023840.0	0.41	0.41	98.0	16.81	82.0	0	0	1013.8	19.83	16.0	355.13	4.79	2.81
1696023900.0	0.41	0.41	98.0	16.81	82.0	0	0	1013.79	19.81	16.0	355.13	4.81	2.81
1696023960.0	0.41	0.41	97.8	16.81	82.0	0	0	1013.79	19.81	16.0	355.13	4.83	2.79
1696024020.0	0.41	0.41	97.6	16.81	82.0	0	0	1013.79	19.81	16.0	355.13	4.84	2.76
1696024080.0	0.4	0.4	97.4	16.81	82.0	0	0	1013.79	19.81	16.0	354.69	4.85	2.74
1696024140.0	0.4	0.4	97.2	16.81	82.0	0	0	1013.79	19.81	16.0	354.69	4.86	2.71
1696024200.0	0.4	0.4	97.0	16.81	82.0	0	0	1013.79	19.81	16.0	354.69	4.88	2.69
1696024260.0	0.4	0.4	97.0	16.79	82.0	0	0	1013.79	19.79	16.0	354.69	4.9	2.81
1696024320.0	0.4	0.4	97.0	16.76	82.0	0	0	1013.78	19.76	16.0	354.69	4.93	2.94
1696024380.0	0.41	0.41	97.0	16.74	82.0	0	0	1013.78	19.74	16.0	354.19	4.95	3.06
1696024440.0	0.41	0.41	97.0	16.71	82.0	0	0	1013.78	19.71	16.0	354.19	4.97	3.19
1696024500.0	0.41	0.41	97.0	16.69	82.0	0	0	1013.78	19.69	16.0	354.19	5.0	3.31
1696024560.0	0.41	0.41	97.0	16.69	82.0	0	0	1013.78	19.69	16.0	354.19	5.04	3.31
1696024620.0	0.41	0.41	97.0	16.69	82.0	0	0	1013.78	19.69	16.0	354.19	5.08	3.31
1696024680.0	0.41	0.41	97.0	16.69	82.0	0	0	1013.78	19.69	16.0	353.81	5.11	3.31
1696024740.0	0.41	0.41	97.0	16.69	82.0	0	0	1013.77	19.69	16.0	353.81	5.15	3.31
1696024800.0	0.41	0.41	97.0	16.69	82.0	0	0	1013.77	19.69	16.0	353.81	5.19	3.31
1696024860.0	0.41	0.41	97.0	16.68	82.0	0	0	1013.79	19.68	16.0	353.81	5.19	3.29
1696024920.0	0.41	0.41	97.0	16.66	82.0	0	0	1013.81	19.66	16.0	353.81	5.19	3.26
1696024980.0	0.4	0.4	97.0	16.65	82.0	0	0	1013.82	19.65	16.0	353.5	5.19	3.24
1696025040.0	0.4	0.4	97.0	16.64	82.0	0	0	1013.84	19.64	16.0	353.5	5.19	3.21
1696025100.0	0.4	0.4	97.0	16.63	82.0	0	0	1013.86	19.63	16.0	353.5	5.19	3.19
1696025160.0	0.4	0.4	96.8	16.63	82.0	0	0	1013.87	19.63	16.0	353.5	5.18	3.19
1696025220.0	0.4	0.4	96.6	16.63	82.0	0	0	1013.89	19.63	16.0	353.5	5.16	3.19
1696025280.0	0.4	0.4	96.4	16.63	82.0	0	0	1013.91	19.63	16.0	353.31	5.15	3.19
1696025340.0	0.4	0.4	96.2	16.63	82.0	0	0	1013.92	19.63	16.0	353.31	5.14	3.19
1696025400.0	0.4	0.4	96.0	16.63	82.0	0	0	1013.94	19.63	16.0	353.31	5.13	3.19
1696025460.0	0.4	0.4	96.0	16.63	82.2	0	0	1013.96	19.58	16.0	353.31	5.13	3.05
1696025520.0	0.4	0.4	96.0	16.63	82.4	0	0	1013.97	19.52	16.0	353.31	5.13	2.91
1696025580.0	0.38	0.38	96.0	16.63	82.6	0	0	1013.99	19.48	16.0	357.38	5.13	2.78
1696025640.0	0.38	0.38	96.0	16.63	82.8	0	0	1014.01	19.43	16.0	357.38	5.13	2.64
1696025700.0	0.38	0.38	96.0	16.63	83.0	0	0	1014.02	19.38	16.0	357.38	5.13	2.5
1696025760.0	0.38	0.38	95.8	16.6	83.0	0	0	1014.04	19.38	16.0	357.38	5.13	2.48
1696025820.0	0.38	0.38	95.6	16.58	83.0	0	0	1014.06	19.38	16.0	357.38	5.13	2.45
1696025880.0	0.37	0.37	95.4	16.55	83.0	0	0	1014.07	19.38	16.0	357.13	5.13	2.42
1696025940.0	0.37	0.37	95.2	16.52	83.0	0	0	1014.09	19.38	16.0	357.13	5.13	2.4
1696026000.0	0.37	0.37	95.0	16.5	83.0	0	0	1014.11	19.38	16.0	357.13	5.13	2.38
1696026060.0	0.37	0.37	96.0	16.54	83.2	0	0	1014.12	19.38	15.98	357.13	5.23	2.38
1696026120.0	0.37	0.37	97.0	16.58	83.4	0	0	1014.14	19.38	15.96	357.13	5.33	2.38
1696026180.0	0.36	0.36	98.0	16.61	83.6	0	0	1014.16	19.38	15.94	2.38	5.43	2.38
1696026240.0	0.36	0.36	99.0	16.65	83.8	0	0	1014.17	19.38	15.93	2.38	5.53	2.38
1696026300.0	0.36	0.36	100.0	16.69	84.0	0	0	1014.19	19.38	15.91	2.38	5.63	2.38
1696026360.0	0.36	0.36	100.0	16.68	84.0	0	0	1014.21	19.38	15.9	2.38	5.63	2.36
1696026420.0	0.36	0.36	100.0	16.66	84.0	0	0	1014.22	19.38	15.89	2.38	5.63	2.35
1696026480.0	0.36	0.36	100.0	16.65	84.0	0	0	1014.24	19.38	15.87	2.38	5.63	2.34
1696026540.0	0.36	0.36	100.0	16.64	84.0	0	0	1014.26	19.38	15.86	2.38	5.63	2.33
1696026600.0	0.36	0.36	100.0	16.63	84.0	0	0	1014.27	19.38	15.85	2.38	5.63	2.31
1696026660.0	0.36	0.36	100.0	16.63	84.2	0	0	1014.29	19.36	15.84	2.38	5.63	2.35
1696026720.0	0.36	0.36	100.0	16.63	84.4	0	0	1014.31	19.35	15.83	2.38	5.63	2.39
1696026780.0	0.33	0.33	100.0	16.63	84.6	0	0	1014.32	19.34	15.82	357.88	5.63	2.42
1696026840.0	0.33	0.33	100.0	16.63	84.8	0	0	1014.34	19.33	15.81	357.88	5.63	2.46
1696026900.0	0.33	0.33	100.0	16.63	85.0	0	0	1014.36	19.31	15.8	357.88	5.63	2.5
1696026960.0	0.33	0.33	100.0	16.63	85.0	0	0	1014.37	19.29	15.79	357.88	5.63	2.5
1696027020.0	0.33	0.33	100.0	16.63	85.0	0	0	1014.39	19.26	15.78	357.88	5.63	2.5
1696027080.0	0.33	0.33	100.0	16.63	85.0	0	0	1014.41	19.24	15.77	357.88	5.63	2.5
1696027140.0	0.33	0.33	100.0	16.63	85.0	0	0	1014.42	19.21	15.76	357.88	5.63	2.5
1696027200.0	0.33	0.33	100.0	16.63	85.0	0	0	1014.44	19.19	15.75	357.88	5.63	2.5
1696027260.0	0.33	0.33	100.0	16.63	85.0	0	0	1014.46	19.19	15.73	357.88	5.63	2.5
1696027320.0	0.33	0.33	100.0	16.63	85.0	0	0	1014.47	19.19	15.72	357.88	5.63	2.5
1696027380.0	0.33	0.33	100.0	16.63	85.0	0	0	1014.49	19.19	15.71	358.69	5.63	2.5
1696027440.0	0.33	0.33	100.0	16.63	85.0	0	0	1014.51	19.19	15.7	358.69	5.63	2.5
1696027500.0	0.33	0.33	100.0	16.63	85.0	0	0	1014.52	19.19	15.69	358.69	5.63	2.5
1696027560.0	0.33	0.33	100.0	16.63	85.0	0	0	1014.54	19.19	15.68	358.69	5.64	2.5
1696027620.0	0.33	0.33	100.0	16.63	85.0	0	0	1014.56	19.19	15.67	358.69	5.65	2.5
1696027680.0	0.32	0.32	100.0	16.63	85.0	0	0	1014.57	19.19	15.66	358.63	5.66	2.5
1696027740.0	0.32	0.32	100.0	16.63	85.0	0	0	1014.59	19.19	15.65	358.63	5.68	2.5
1696027800.0	0.32	0.32	100.0	16.63	85.0	0	0	1014.61	19.19	15.64	358.63	5.69	2.5
1696027860.0	0.32	0.32	100.0	16.63	85.0	0	0	1014.62	19.18	15.63	358.63	5.69	2.5
1696027920.0	0.32	0.32	100.0	16.63	85.0	0	0	1014.64	19.16	15.62	358.63	5.69	2.5
1696027980.0	0.32	0.32	100.0	16.63	85.0	0	0	1014.66	19.15	15.6	358.63	5.69	2.5
1696028040.0	0.32	0.32	100.0	16.63	85.0	0	0	1014.67	19.14	15.59	358.63	5.69	2.5
1696028100.0	0.32	0.32	100.0	16.63	85.0	0	0	1014.69	19.13	15.58	358.63	5.69	2.5
1696028160.0	0.32	0.32	100.0	16.63	84.8	0	0	1014.71	19.14	15.57	358.63	5.69	2.48
1696028220.0	0.32	0.32	100.0	16.63	84.6	0	0	1014.72	19.15	15.56	358.63	5.69	2.45
1696028280.0	0.35	0.35	100.0	16.63	84.4	0	0	1014.74	19.16	15.55	11.81	5.69	2.42
1696028340.0	0.35	0.35	100.0	16.63	84.2	0	0	1014.76	19.18	15.54	11.81	5.69	2.4
1696028400.0	0.35	0.35	100.0	16.63	84.0	0	0	1014.77	19.19	15.53	11.81	5.69	2.38
1696028460.0	0.35	0.35	100.0	16.63	84.0	0	0	1014.77	19.18	15.52	11.81	5.69	2.38
1696028520.0	0.35	0.35	100.0	16.63	84.0	0	0	1014.76	19.16	15.5	11.81	5.69	2.38
1696028580.0	0.35	0.35	100.0	16.63	84.0	0	0	1014.75	19.15	15.49	11.69	5.69	2.38
1696028640.0	0.35	0.35	100.0	16.63	84.0	0	0	1014.75	19.14	15.48	11.69	5.69	2.38
1696028700.0	0.35	0.35	100.0	16.63	84.0	0	0	1014.74	19.13	15.47	11.69	5.69	2.38
1696028760.0	0.35	0.35	100.0	16.63	84.0	0	0	1014.73	19.13	15.45	11.69	5.69	2.38
1696028820.0	0.35	0.35	100.0	16.63	84.0	0	0	1014.73	19.13	15.44	11.69	5.69	2.38
1696028880.0	0.35	0.35	100.0	16.63	84.0	0	0	1014.72	19.13	15.43	11.5	5.69	2.38
1696028940.0	0.35	0.35	100.0	16.63	84.0	0	0	1014.71	19.13	15.42	11.5	5.69	2.38
1696029000.0	0.35	0.35	100.0	16.63	84.0	0	0	1014.71	19.13	15.41	11.5	5.69	2.38
1696029060.0	0.35	0.35	100.0	16.63	84.0	0	0	1014.7	19.13	15.39	11.5	5.69	2.38
1696029120.0	0.35	0.35	100.0	16.63	84.0	0	0	1014.69	19.13	15.38	11.5	5.69	2.38
1696029180.0	0.35	0.35	100.0	16.63	84.0	0	0	1014.69	19.13	15.37	11.38	5.69	2.38
1696029240.0	0.35	0.35	100.0	16.63	84.0	0	0	1014.68	19.13	15.36	11.38	5.69	2.38
1696029300.0	0.35	0.35	100.0	16.63	84.0	0	0	1014.67	19.13	15.35	11.38	5.69	2.38
1696029360.0	0.35	0.35	100.0	16.64	84.4	0	0	1014.67	19.1	15.33	11.38	5.68	2.28
1696029420.0	0.35	0.35	100.0	16.65	84.8	0	0	1014.66	19.08	15.32	11.38	5.66	2.17
1696029480.0	0.31	0.31	100.0	16.66	85.2	0	0	1014.65	19.05	15.31	12.13	5.65	2.08
1696029540.0	0.31	0.31	100.0	16.68	85.6	0	0	1014.65	19.02	15.3	12.13	5.64	1.98
1696029600.0	0.31	0.31	100.0	16.69	86.0	0	0	1014.64	19.0	15.28	12.13	5.63	1.88
1696029660.0	0.31	0.31	100.0	16.69	86.0	0	0	1014.63	19.0	15.27	12.13	5.63	1.88
1696029720.0	0.31	0.31	100.0	16.69	86.0	0	0	1014.63	19.0	15.26	12.13	5.63	1.88
1696029780.0	0.3	0.3	100.0	16.69	86.0	0	0	1014.62	19.0	15.25	11.19	5.63	1.88
1696029840.0	0.3	0.3	100.0	16.69	86.0	0	0	1014.61	19.0	15.23	11.19	5.63	1.88
1696029900.0	0.3	0.3	100.0	16.69	86.0	0	0	1014.61	19.0	15.22	11.19	5.63	1.88
1696029960.0	0.3	0.3	100.0	16.69	86.0	0	0	1014.6	19.0	15.21	11.19	5.63	1.88
1696030020.0	0.3	0.3	100.0	16.69	86.0	0	0	1014.59	19.0	15.2	11.19	5.63	1.88
1696030080.0	0.3	0.3	100.0	16.69	86.0	0	0	1014.59	19.0	15.18	11.13	5.63	1.88
1696030140.0	0.3	0.3	100.0	16.69	86.0	0	0	1014.58	19.0	15.17	11.13	5.63	1.88
1696030200.0	0.3	0.3	100.0	16.69	86.0	0	0	1014.57	19.0	15.16	11.13	5.63	1.88
1696030260.0	0.3	0.3	100.0	16.66	86.1	0	0	1014.57	18.97	15.19	11.13	5.64	1.94
1696030320.0	0.3	0.3	100.0	16.63	86.2	0	0	1014.56	18.94	15.21	11.13	5.66	2.0
1696030380.0	0.3	0.3	100.0	16.59	86.3	0	0	1014.55	18.91	15.24	11.13	5.68	2.06
1696030440.0	0.3	0.3	100.0	16.56	86.4	0	0	1014.55	18.88	15.27	11.13	5.7	2.13
1696030500.0	0.28	0.28	100.0	16.53	86.5	0	0	1014.54	18.84	15.3	9.13	5.72	2.19
1696030560.0	0.28	0.28	100.0	16.5	86.6	0	0	1014.53	18.81	15.32	9.13	5.74	2.25
1696030620.0	0.28	0.28	100.0	16.47	86.7	0	0	1014.53	18.78	15.35	9.13	5.76	2.31
1696030680.0	0.28	0.28	100.0	16.44	86.8	0	0	1014.52	18.75	15.38	9.13	5.78	2.38
1696030740.0	0.28	0.28	100.0	16.41	86.9	0	0	1014.51	18.72	15.41	9.13	5.79	2.44
1696030800.0	0.28	0.28	100.0	16.38	87.0	0	0	1014.51	18.69	15.43	9.13	5.81	2.5
1696030860.0	0.28	0.28	100.0	16.38	87.0	0	0	1014.5	18.68	15.42	9.13	5.85	2.5
1696030920.0	0.28	0.28	100.0	16.38	87.0	0	0	1014.49	18.66	15.4	9.13	5.89	2.5
1696030980.0	0.28	0.28	100.0	16.38	87.0	0	0	1014.49	18.65	15.39	9.19	5.93	2.5
1696031040.0	0.28	0.28	100.0	16.38	87.0	0	0	1014.48	18.64	15.37	9.19	5.96	2.5
1696031100.0	0.28	0.28	100.0	16.38	87.0	0	0	1014.47	18.63	15.35	9.19	6.0	2.5
1696031160.0	0.28	0.28	100.0	16.38	87.0	0	0	1014.47	18.63	15.34	9.19	6.03	2.53
1696031220.0	0.28	0.28	100.0	16.38	87.0	0	0	1014.46	18.63	15.32	9.19	6.05	2.55
1696031280.0	0.27	0.27	100.0	16.38	87.0	0	0	1014.45	18.63	15.3	9.31	6.08	2.58
1696031340.0	0.27	0.27	100.0	16.38	87.0	0	0	1014.45	18.63	15.29	9.31	6.1	2.6
1696031400.0	0.27	0.27	100.0	16.38	87.0	0	0	1014.44	18.63	15.27	9.31	6.13	2.63
1696031460.0	0.27	0.27	100.0	16.38	87.0	0	0	1014.43	18.63	15.26	9.31	6.16	2.63
1696031520.0	0.27	0.27	100.0	16.38	87.0	0	0	1014.43	18.63	15.24	9.31	6.2	2.63
1696031580.0	0.27	0.27	100.0	16.38	87.0	0	0	1014.42	18.63	15.22	9.38	6.24	2.63
1696031640.0	0.27	0.27	100.0	16.38	87.0	0	0	1014.41	18.63	15.21	9.38	6.28	2.63
1696031700.0	0.27	0.27	100.0	16.38	87.0	0	0	1014.41	18.63	15.19	9.38	6.31	2.63
1696031760.0	0.27	0.27	100.0	16.4	87.0	0	0	1014.4	18.63	15.17	9.38	6.35	2.54
1696031820.0	0.27	0.27	100.0	16.43	87.0	0	0	1014.39	18.63	15.16	9.38	6.39	2.45
1696031880.0	0.28	0.28	100.0	16.45	87.0	0	0	1014.39	18.63	15.14	13.13	6.43	2.36
1696031940.0	0.28	0.28	100.0	16.48	87.0	0	0	1014.38	18.63	15.13	13.13	6.46	2.28
1696032000.0	0.28	0.28	100.0	16.5	87.0	0	0	1014.37	18.63	15.11	13.13	6.5	2.19
1696032060.0	0.28	0.28	100.0	16.5	87.0	0	0	1014.37	18.6	15.11	13.13	6.5	2.19
1696032120.0	0.28	0.28	100.0	16.5	87.0	0	0	1014.37	18.58	15.1	13.13	6.5	2.19
1696032180.0	0.28	0.28	100.0	16.5	87.0	0	0	1014.38	18.55	15.1	14.0	6.5	2.19
1696032240.0	0.28	0.28	100.0	16.5	87.0	0	0	1014.38	18.52	15.09	14.0	6.5	2.19
1696032300.0	0.28	0.28	100.0	16.5	87.0	0	0	1014.38	18.5	15.09	14.0	6.5	2.19
1696032360.0	0.28	0.28	100.0	16.5	87.0	0	0	1014.38	18.5	15.08	14.0	6.5	2.19
1696032420.0	0.28	0.28	100.0	16.5	87.0	0	0	1014.38	18.5	15.08	14.0	6.5	2.19
1696032480.0	0.28	0.28	100.0	16.5	87.0	0	0	1014.38	18.5	15.07	15.69	6.5	2.19
1696032540.0	0.28	0.28	100.0	16.5	87.0	0	0	1014.38	18.5	15.07	15.69	6.5	2.19
1696032600.0	0.28	0.28	100.0	16.5	87.0	0	0	1014.38	18.5	15.06	15.69	6.5	2.19
1696032660.0	0.28	0.28	100.0	16.5	87.0	0	0	1014.38	18.5	15.06	15.69	6.5	2.33
1696032720.0	0.28	0.28	100.0	16.5	87.0	0	0	1014.38	18.5	15.05	15.69	6.5	2.46
1696032780.0	0.28	0.28	100.0	16.5	87.0	0	0	1014.38	18.5	15.05	12.19	6.5	2.6
1696032840.0	0.28	0.28	100.0	16.5	87.0	0	0	1014.38	18.5	15.05	12.19	6.5	2.74
1696032900.0	0.28	0.28	100.0	16.5	87.0	0	0	1014.39	18.5	15.04	12.19	6.5	2.88
1696032960.0	0.28	0.28	100.0	16.48	87.0	0	0	1014.39	18.5	15.04	12.19	6.5	2.88
1696033020.0	0.28	0.28	100.0	16.45	87.0	0	0	1014.39	18.5	15.03	12.19	6.5	2.88
1696033080.0	0.28	0.28	100.0	16.43	87.0	0	0	1014.39	18.5	15.03	13.13	6.5	2.88
1696033140.0	0.28	0.28	100.0	16.4	87.0	0	0	1014.39	18.5	15.02	13.13	6.5	2.88
1696033200.0	0.28	0.28	100.0	16.38	87.0	0	0	1014.39	18.5	15.02	13.13	6.5	2.88
1696033260.0	0.28	0.28	100.0	16.36	86.8	0	0	1014.39	18.48	15.08	13.13	6.2	2.83
1696033320.0	0.28	0.28	100.0	16.35	86.6	0	0	1014.39	18.45	15.14	13.13	5.9	2.78
1696033380.0	0.3	0.3	100.0	16.34	86.4	0	0	1014.39	18.43	15.2	11.69	5.6	2.73
1696033440.0	0.3	0.3	100.0	16.33	86.2	0	0	1014.39	18.4	15.25	11.69	5.3	2.68
1696033500.0	0.3	0.3	100.0	16.31	86.0	0	0	1014.39	18.38	15.31	11.69	5.0	2.63
1696033560.0	0.3	0.3	100.0	16.31	86.0	0	0	1014.39	18.38	15.3	11.69	4.97	2.63
1696033620.0	0.3	0.3	100.0	16.31	86.0	0	0	1014.4	18.38	15.29	11.69	4.95	2.63
1696033680.0	0.3	0.3	100.0	16.31	86.0	0	0	1014.4	18.38	15.28	12.38	4.93	2.63
1696033740.0	0.3	0.3	100.0	16.31	86.0	0	0	1014.4	18.38	15.28	12.38	4.9	2.63
1696033800.0	0.3	0.3	100.0	16.31	86.0	0	0	1014.4	18.38	15.27	12.38	4.88	2.63
1696033860.0	0.3	0.3	100.0	16.33	86.8	0	0	1014.4	18.34	14.83	12.38	4.86	2.63
1696033920.0	0.3	0.3	100.0	16.34	87.6	0	0	1014.4	18.3	14.4	12.38	4.85	2.63
1696033980.0	0.22	0.22	100.0	16.35	88.4	0	0	1014.4	18.26	13.96	13.19	4.84	2.63
1696034040.0	0.22	0.22	100.0	16.36	89.2	0	0	1014.4	18.23	13.53	13.19	4.83	2.63
1696034100.0	0.22	0.22	100.0	16.38	90.0	0	0	1014.4	18.19	13.09	13.19	4.81	2.63
1696034160.0	0.22	0.22	100.0	16.38	90.0	0	0	1014.4	18.19	13.08	13.19	4.79	2.63
1696034220.0	0.22	0.22	100.0	16.38	90.0	0	0	1014.4	18.19	13.07	13.19	4.76	2.63
1696034280.0	0.22	0.22	100.0	16.38	90.0	0	0	1014.4	18.19	13.06	14.13	4.74	2.63
1696034340.0	0.22	0.22	100.0	16.38	90.0	0	0	1014.4	18.19	13.05	14.13	4.71	2.63
1696034400.0	0.22	0.22	100.0	16.38	90.0	0	0	1014.41	18.19	13.04	14.13	4.69	2.63
1696034460.0	0.22	0.22	100.0	16.38	90.0	0	0	1014.41	18.19	13.03	14.13	4.68	2.6
1696034520.0	0.22	0.22	100.0	16.38	90.0	0	0	1014.41	18.19	13.02	14.13	4.66	2.58
1696034580.0	0.22	0.22	100.0	16.38	90.0	0	0	1014.41	18.19	13.01	15.0	4.65	2.55
1696034640.0	0.22	0.22	100.0	16.38	90.0	0	0	1014.41	18.19	13.0	15.0	4.64	2.53
1696034700.0	0.22	0.22	100.0	16.38	90.0	0	0	1014.41	18.19	13.0	15.0	4.63	2.5
1696034760.0	0.22	0.22	100.0	16.4	90.0	0	0	1014.41	18.19	12.99	15.0	4.58	2.48
1696034820.0	0.22	0.22	100.0	16.43	90.0	0	0	1014.41	18.19	12.98	15.0	4.53	2.45
1696034880.0	0.21	0.21	100.0	16.45	90.0	0	0	1014.41	18.19	12.97	16.81	4.47	2.42
1696034940.0	0.21	0.21	100.0	16.48	90.0	0	0	1014.41	18.19	12.96	16.81	4.43	2.4
1696035000.0	0.21	0.21	100.0	16.5	90.0	0	0	1014.41	18.19	12.95	16.81	4.38	2.38
1696035060.0	0.21	0.21	100.0	16.5	90.0	0	0	1014.41	18.19	12.94	16.81	4.36	2.38
1696035120.0	0.21	0.21	100.0	16.5	90.0	0	0	1014.42	18.19	12.93	16.81	4.35	2.38
1696035180.0	0.21	0.21	100.0	16.5	90.0	0	0	1014.42	18.19	12.92	17.81	4.34	2.38
1696035240.0	0.21	0.21	100.0	16.5	90.0	0	0	1014.42	18.19	12.91	17.81	4.33	2.38
1696035300.0	0.21	0.21	100.0	16.5	90.0	0	0	1014.42	18.19	12.9	17.81	4.31	2.38
1696035360.0	0.21	0.21	100.0	16.5	90.2	0	0	1014.42	18.15	13.32	17.81	4.29	2.38
1696035420.0	0.21	0.21	100.0	16.5	90.4	0	0	1014.42	18.11	13.73	17.81	4.26	2.38
1696035480.0	0.2	0.2	100.0	16.5	90.6	0	0	1014.42	18.08	14.15	13.63	4.24	2.38
1696035540.0	0.2	0.2	100.0	16.5	90.8	0	0	1014.42	18.04	14.56	13.63	4.21	2.38
1696035600.0	0.2	0.2	100.0	16.5	91.0	0	0	1014.42	18.0	14.98	13.63	4.19	2.38
1696035660.0	0.2	0.2	100.0	16.5	91.0	0	0	1014.43	18.0	14.98	13.63	4.18	2.38
1696035720.0	0.2	0.2	100.0	16.5	91.0	0	0	1014.45	18.0	14.98	13.63	4.16	2.38
1696035780.0	0.2	0.2	100.0	16.5	91.0	0	0	1014.46	18.0	14.99	11.19	4.15	2.38
1696035840.0	0.2	0.2	100.0	16.5	91.0	0	0	1014.47	18.0	14.99	11.19	4.14	2.38
1696035900.0	0.2	0.2	100.0	16.5	91.0	0	0	1014.48	18.0	14.99	11.19	4.13	2.38
1696035960.0	0.2	0.2	99.8	16.5	91.0	0	0	1014.49	18.0	14.99	11.19	4.13	2.38
1696036020.0	0.2	0.2	99.6	16.5	91.0	0	0	1014.5	18.0	14.99	11.19	4.13	2.38
1696036080.0	0.2	0.2	99.4	16.5	91.0	0	0	1014.52	18.0	14.99	8.81	4.13	2.38
1696036140.0	0.2	0.2	99.2	16.5	91.0	0	0	1014.53	18.0	14.99	8.81	4.13	2.38
1696036200.0	0.2	0.2	99.0	16.5	91.0	0	0	1014.54	18.0	14.99	8.81	4.13	2.38
1696036260.0	0.2	0.2	99.0	16.5	91.0	0	0	1014.55	18.0	15.0	8.81	4.1	2.4
1696036320.0	0.2	0.2	99.0	16.5	91.0	0	0	1014.56	18.0	15.0	8.81	4.08	2.42
1696036380.0	0.2	0.2	99.0	16.5	91.0	0	0	1014.57	18.0	15.0	6.31	4.05	2.45
1696036440.0	0.2	0.2	99.0	16.5	91.0	0	0	1014.59	18.0	15.0	6.31	4.03	2.48
1696036500.0	0.2	0.2	99.0	16.5	91.0	0	0	1014.6	18.0	15.0	6.31	4.0	2.5
1696036560.0	0.2	0.2	99.0	16.5	91.2	0	0	1014.61	17.96	14.58	6.31	3.98	2.36
1696036620.0	0.2	0.2	99.0	16.5	91.4	0	0	1014.62	17.93	14.15	6.31	3.95	2.23
1696036680.0	0.17	0.17	99.0	16.5	91.6	0	0	1014.63	17.89	13.73	18.0	3.93	2.09
1696036740.0	0.17	0.17	99.0	16.5	91.8	0	0	1014.64	17.85	13.3	18.0	3.9	1.95
1696036800.0	0.17	0.17	99.0	16.5	92.0	0	0	1014.66	17.81	12.88	18.0	3.88	1.81
1696036860.0	0.17	0.17	99.0	16.5	92.0	0	0	1014.67	17.81	12.88	18.0	3.88	1.81
1696036920.0	0.17	0.17	99.0	16.5	92.0	0	0	1014.68	17.81	12.88	18.0	3.88	1.81
1696036980.0	0.17	0.17	99.0	16.5	92.0	0	0	1014.69	17.81	12.88	15.63	3.88	1.81
1696037040.0	0.17	0.17	99.0	16.5	92.0	0	0	1014.7	17.81	12.89	15.63	3.88	1.81
1696037100.0	0.17	0.17	99.0	16.5	92.0	0	0	1014.71	17.81	12.89	15.63	3.88	1.81
1696037160.0	0.17	0.17	99.0	16.52	92.2	0	0	1014.73	17.79	13.1	15.63	3.84	1.63
1696037220.0	0.17	0.17	99.0	16.55	92.4	0	0	1014.74	17.76	13.32	15.63	3.8	1.44
1696037280.0	0.14	0.14	99.0	16.58	92.6	0	0	1014.75	17.74	13.54	8.0	3.76	1.25
1696037340.0	0.14	0.14	99.0	16.6	92.8	0	0	1014.76	17.71	13.76	8.0	3.73	1.06
1696037400.0	0.14	0.14	99.0	16.63	93.0	0	0	1014.77	17.69	13.98	8.0	3.69	0.88
1696037460.0	0.14	0.14	99.0	16.63	93.0	0	0	1014.78	17.69	13.98	8.0	3.69	0.88
1696037520.0	0.14	0.14	99.0	16.63	93.0	0	0	1014.8	17.69	13.98	8.0	3.69	0.88
1696037580.0	0.14	0.14	99.0	16.63	93.0	0	0	1014.81	17.69	13.98	5.69	3.69	0.88
1696037640.0	0.14	0.14	99.0	16.63	93.0	0	0	1014.82	17.69	13.98	5.69	3.69	0.88
1696037700.0	0.14	0.14	99.0	16.63	93.0	0	0	1014.83	17.69	13.98	5.69	3.69	0.88
1696037760.0	0.14	0.14	99.0	16.6	93.0	0	0	1014.84	17.68	13.98	5.69	3.68	0.88
1696037820.0	0.14	0.14	99.0	16.58	93.0	0	0	1014.85	17.66	13.98	5.69	3.66	0.88
1696037880.0	0.14	0.14	99.0	16.55	93.0	0	0	1014.87	17.65	13.98	3.5	3.65	0.88
1696037940.0	0.14	0.14	99.0	16.52	93.0	0	0	1014.88	17.64	13.98	3.5	3.64	0.88
1696038000.0	0.14	0.14	99.0	16.5	93.0	0	0	1014.89	17.63	13.98	3.5	3.63	0.88
1696038060.0	0.14	0.14	90.8	16.44	93.0	0	0	1014.9	17.56	14.12	3.5	3.78	0.9
1696038120.0	0.14	0.14	82.6	16.38	93.0	0	0	1014.91	17.5	14.27	3.5	3.93	0.93
1696038180.0	0.14	0.14	74.4	16.31	93.0	0	0	1014.92	17.44	14.42	4.81	4.08	0.95
1696038240.0	0.14	0.14	66.2	16.25	93.0	0	0	1014.94	17.38	14.57	4.81	4.22	0.98
1696038300.0	0.14	0.14	58.0	16.19	93.0	0	0	1014.95	17.31	14.72	4.81	4.38	1.0
1696038360.0	0.14	0.14	57.6	16.19	93.0	0	0	1014.96	17.31	14.71	4.81	4.36	1.02
1696038420.0	0.14	0.14	57.2	16.19	93.0	0	0	1014.97	17.31	14.69	4.81	4.35	1.05
1696038480.0	0.13	0.13	56.8	16.19	93.0	0	0	1014.98	17.31	14.68	3.81	4.34	1.08
1696038540.0	0.13	0.13	56.4	16.19	93.0	0	0	1014.99	17.31	14.66	3.81	4.33	1.1
1696038600.0	0.13	0.13	56.0	16.19	93.0	0	0	1015.01	17.31	14.65	3.81	4.31	1.13
1696038660.0	0.13	0.13	55.8	16.19	93.2	0	0	1015.02	17.29	14.63	3.81	4.29	1.13
1696038720.0	0.13	0.13	55.6	16.19	93.4	0	0	1015.03	17.26	14.62	3.81	4.26	1.13
1696038780.0	0.13	0.13	55.4	16.19	93.6	0	0	1015.04	17.24	14.6	2.88	4.24	1.13
1696038840.0	0.13	0.13	55.2	16.19	93.8	0	0	1015.05	17.21	14.59	2.88	4.21	1.13
1696038900.0	0.13	0.13	55.0	16.19	94.0	0	0	1015.06	17.19	14.57	2.88	4.19	1.13
1696038960.0	0.13	0.13	63.6	16.25	93.8	0	0	1015.08	17.27	14.67	2.88	4.03	1.1
1696039020.0	0.13	0.13	72.2	16.31	93.6	0	0	1015.09	17.36	14.77	2.88	3.86	1.08
1696039080.0	0.14	0.14	80.8	16.38	93.4	0	0	1015.1	17.45	14.87	356.0	3.7	1.05
1696039140.0	0.14	0.14	89.4	16.44	93.2	0	0	1015.11	17.54	14.96	356.0	3.54	1.02
1696039200.0	0.14	0.14	98.0	16.5	93.0	0	0	1015.12	17.63	15.06	356.0	3.38	1.0
1696039260.0	0.14	0.14	97.8	16.5	93.0	0	0	1015.13	17.6	15.07	356.0	3.38	1.0
1696039320.0	0.14	0.14	97.6	16.5	93.0	0	0	1015.14	17.58	15.07	356.0	3.38	1.0
1696039380.0	0.14	0.14	97.4	16.5	93.0	0	0	1015.14	17.55	15.08	356.0	3.38	1.0
1696039440.0	0.14	0.14	97.2	16.5	93.0	0	0	1015.15	17.52	15.09	356.0	3.38	1.0
1696039500.0	0.14	0.14	97.0	16.5	93.0	0	0	1015.16	17.5	15.09	356.0	3.38	1.0
1696039560.0	0.14	0.14	97.0	16.5	93.0	0	0	1015.17	17.5	15.1	356.0	3.4	1.0
1696039620.0	0.14	0.14	97.0	16.5	93.0	0	0	1015.17	17.5	15.1	356.0	3.43	1.0
1696039680.0	0.14	0.14	97.0	16.5	93.0	0	0	1015.18	17.5	15.11	354.31	3.45	1.0
1696039740.0	0.14	0.14	97.0	16.5	93.0	0	0	1015.19	17.5	15.11	354.31	3.48	1.0
1696039800.0	0.14	0.14	97.0	16.5	93.0	0	0	1015.2	17.5	15.12	354.31	3.5	1.0
1696039860.0	0.14	0.14	96.8	16.48	93.0	0	0	1015.2	17.52	15.12	354.31	3.53	1.0
1696039920.0	0.14	0.14	96.6	16.45	93.0	0	0	1015.21	17.55	15.13	354.31	3.55	1.0
1696039980.0	0.15	0.15	96.4	16.43	93.0	0	0	1015.22	17.58	15.14	354.38	3.58	1.0
1696040040.0	0.15	0.15	96.2	16.4	93.0	0	0	1015.23	17.6	15.14	354.38	3.6	1.0
1696040100.0	0.15	0.15	96.0	16.38	93.0	0	0	1015.23	17.63	15.15	354.38	3.63	1.0
1696040160.0	0.15	0.15	96.0	16.38	93.0	0	0	1015.24	17.63	15.15	354.38	3.64	1.02
1696040220.0	0.15	0.15	96.0	16.38	93.0	0	0	1015.25	17.63	15.16	354.38	3.65	1.05
1696040280.0	0.15	0.15	96.0	16.38	93.0	0	0	1015.26	17.63	15.16	355.38	3.66	1.08
1696040340.0	0.15	0.15	96.0	16.38	93.0	0	0	1015.26	17.63	15.17	355.38	3.68	1.1
1696040400.0	0.15	0.15	96.0	16.38	93.0	0	0	1015.27	17.63	15.18	355.38	3.69	1.13
1696040460.0	0.15	0.15	95.8	16.38	93.0	0	0	1015.28	17.63	15.18	355.38	3.69	1.13
1696040520.0	0.15	0.15	95.6	16.38	93.0	0	0	1015.29	17.63	15.19	355.38	3.69	1.13
1696040580.0	0.15	0.15	95.4	16.38	93.0	0	0	1015.29	17.63	15.19	355.5	3.69	1.13
1696040640.0	0.15	0.15	95.2	16.38	93.0	0	0	1015.3	17.63	15.2	355.5	3.69	1.13
1696040700.0	0.15	0.15	95.0	16.38	93.0	0	0	1015.31	17.63	15.2	355.5	3.69	1.13
1696040760.0	0.15	0.15	95.0	16.38	93.0	0	0	1015.32	17.6	15.21	355.5	3.71	1.13
1696040820.0	0.15	0.15	95.0	16.38	93.0	0	0	1015.32	17.58	15.22	355.5	3.74	1.13
1696040880.0	0.15	0.15	95.0	16.38	93.0	0	0	1015.33	17.55	15.22	355.63	3.76	1.13
1696040940.0	0.15	0.15	95.0	16.38	93.0	0	0	1015.34	17.52	15.23	355.63	3.79	1.13
1696041000.0	0.15	0.15	95.0	16.38	93.0	0	0	1015.35	17.5	15.23	355.63	3.81	1.13
1696041060.0	0.15	0.15	94.8	16.36	92.6	0	0	1015.36	17.54	15.24	355.63	3.83	1.26
1696041120.0	0.15	0.15	94.6	16.35	92.2	0	0	1015.36	17.58	15.24	355.63	3.84	1.4
1696041180.0	0.19	0.19	94.4	16.34	91.8	0	0	1015.37	17.61	15.25	352.13	3.85	1.54
1696041240.0	0.19	0.19	94.2	16.33	91.4	0	0	1015.38	17.65	15.25	352.13	3.86	1.68
1696041300.0	0.19	0.19	94.0	16.31	91.0	0	0	1015.39	17.69	15.26	352.13	3.88	1.81
1696041360.0	0.19	0.19	93.8	16.31	91.0	0	0	1015.39	17.69	15.27	352.13	3.9	1.81
1696041420.0	0.19	0.19	93.6	16.31	91.0	0	0	1015.4	17.69	15.27	352.13	3.93	1.81
1696041480.0	0.19	0.19	93.4	16.31	91.0	0	0	1015.41	17.69	15.28	352.13	3.95	1.81
1696041540.0	0.19	0.19	93.2	16.31	91.0	0	0	1015.42	17.69	15.28	352.13	3.98	1.81
1696041600.0	0.19	0.19	93.0	16.31	91.0	0	0	1015.42	17.69	15.29	352.13	4.0	1.81
1696041660.0	0.19	0.19	93.0	16.31	91.0	0	0	1015.43	17.69	15.29	352.13	4.0	1.83
1696041720.0	0.19	0.19	93.0	16.31	91.0	0	0	1015.44	17.69	15.3	352.13	4.0	1.84
1696041780.0	0.19	0.19	93.0	16.31	91.0	0	0	1015.45	17.69	15.31	352.19	4.0	1.85
1696041840.0	0.19	0.19	93.0	16.31	91.0	0	0	1015.45	17.69	15.31	352.19	4.0	1.86
1696041900.0	0.19	0.19	93.0	16.31	91.0	0	0	1015.46	17.69	15.32	352.19	4.0	1.88
1696041960.0	0.19	0.19	92.8	16.31	91.0	0	0	1015.47	17.69	15.32	352.19	4.03	1.88
1696042020.0	0.19	0.19	92.6	16.31	91.0	0	0	1015.48	17.69	15.33	352.19	4.05	1.88
1696042080.0	0.19	0.19	92.4	16.31	91.0	0	0	1015.48	17.69	15.33	352.31	4.08	1.88
1696042140.0	0.19	0.19	92.2	16.31	91.0	0	0	1015.49	17.69	15.34	352.31	4.1	1.88
1696042200.0	0.19	0.19	92.0	16.31	91.0	0	0	1015.5	17.69	15.35	352.31	4.13	1.88
1696042260.0	0.19	0.19	92.0	16.29	91.0	0	0	1015.51	17.69	15.35	352.31	4.13	1.88
1696042320.0	0.19	0.19	92.0	16.26	91.0	0	0	1015.51	17.69	15.36	352.31	4.13	1.88
1696042380.0	0.2	0.2	92.0	16.24	91.0	0	0	1015.52	17.69	15.36	348.0	4.13	1.88
1696042440.0	0.2	0.2	92.0	16.21	91.0	0	0	1015.53	17.69	15.37	348.0	4.13	1.88
1696042500.0	0.2	0.2	92.0	16.19	91.0	0	0	1015.54	17.69	15.37	348.0	4.13	1.88
1696042560.0	0.2	0.2	91.8	16.19	90.8	0	0	1015.54	17.68	15.38	348.0	4.14	1.88
1696042620.0	0.2	0.2	91.6	16.19	90.6	0	0	1015.55	17.66	15.39	348.0	4.15	1.88
1696042680.0	0.2	0.2	91.4	16.19	90.4	0	0	1015.56	17.65	15.39	348.0	4.16	1.88
1696042740.0	0.2	0.2	91.2	16.19	90.2	0	0	1015.57	17.64	15.4	348.0	4.18	1.88
1696042800.0	0.2	0.2	91.0	16.19	90.0	0	0	1015.57	17.63	15.4	348.0	4.19	1.88
1696042860.0	0.2	0.2	90.2	16.19	90.2	0	0	1015.56	17.63	15.39	348.0	4.21	1.9
1696042920.0	0.2	0.2	89.4	16.19	90.4	0	0	1015.54	17.63	15.38	348.0	4.24	1.93
1696042980.0	0.19	0.19	88.6	16.19	90.6	0	0	1015.52	17.63	15.36	349.38	4.26	1.95
1696043040.0	0.19	0.19	87.8	16.19	90.8	0	0	1015.51	17.63	15.35	349.38	4.29	1.98
1696043100.0	0.19	0.19	87.0	16.19	91.0	0	0	1015.49	17.63	15.34	349.38	4.31	2.0
1696043160.0	0.19	0.19	86.4	16.15	90.6	0	0	1015.48	17.66	15.33	349.38	4.31	2.0
1696043220.0	0.19	0.19	85.8	16.11	90.2	0	0	1015.46	17.7	15.31	349.38	4.31	2.0
1696043280.0	0.24	0.24	85.2	16.08	89.8	0	0	1015.44	17.74	15.3	350.0	4.31	2.0
1696043340.0	0.24	0.24	84.6	16.04	89.4	0	0	1015.43	17.77	15.29	350.0	4.31	2.0
1696043400.0	0.24	0.24	84.0	16.0	89.0	0	0	1015.41	17.81	15.28	350.0	4.31	2.0
1696043460.0	0.24	0.24	83.2	16.0	89.0	0	0	1015.39	17.79	15.26	350.0	4.31	2.0
1696043520.0	0.24	0.24	82.4	16.0	89.0	0	0	1015.38	17.76	15.25	350.0	4.31	2.0
1696043580.0	0.24	0.24	81.6	16.0	89.0	0	0	1015.36	17.74	15.24	350.5	4.31	2.0
1696043640.0	0.24	0.24	80.8	16.0	89.0	0	0	1015.35	17.71	15.23	350.5	4.31	2.0
1696043700.0	0.24	0.24	80.0	16.0	89.0	0	0	1015.33	17.69	15.21	350.5	4.31	2.0
1696043760.0	0.24	0.24	79.2	16.0	89.0	0	0	1015.31	17.69	15.2	350.5	4.33	2.0
1696043820.0	0.24	0.24	78.4	16.0	89.0	0	0	1015.3	17.69	15.19	350.5	4.34	2.0
1696043880.0	0.23	0.23	77.6	16.0	89.0	0	0	1015.28	17.69	15.18	351.0	4.35	2.0
1696043940.0	0.23	0.23	76.8	16.0	89.0	0	0	1015.26	17.69	15.16	351.0	4.36	2.0
1696044000.0	0.23	0.23	76.0	16.0	89.0	0	0	1015.25	17.69	15.15	351.0	4.38	2.0
1696044060.0	0.23	0.23	75.2	15.98	89.0	0	0	1015.23	17.68	15.14	351.0	4.38	2.0
1696044120.0	0.23	0.23	74.4	15.95	89.0	0	0	1015.22	17.66	15.13	351.0	4.38	2.0
1696044180.0	0.23	0.23	73.6	15.93	89.0	0	0	1015.2	17.65	15.11	351.5	4.38	2.0
1696044240.0	0.23	0.23	72.8	15.9	89.0	0	0	1015.18	17.64	15.1	351.5	4.38	2.0
1696044300.0	0.23	0.23	72.0	15.88	89.0	0	0	1015.17	17.63	15.09	351.5	4.38	2.0
1696044360.0	0.23	0.23	71.2	15.88	89.0	0	0	1015.15	17.63	15.08	351.5	4.38	1.98
1696044420.0	0.23	0.23	70.4	15.88	89.0	0	0	1015.13	17.63	15.06	351.5	4.38	1.95
1696044480.0	0.23	0.23	69.6	15.88	89.0	0	0	1015.12	17.63	15.05	351.19	4.38	1.93
1696044540.0	0.23	0.23	68.8	15.88	89.0	0	0	1015.1	17.63	15.04	351.19	4.38	1.9
1696044600.0	0.23	0.23	68.0	15.88	89.0	0	0	1015.09	17.63	15.03	351.19	4.38	1.88
1696044660.0	0.23	0.23	67.4	15.88	89.0	0	0	1015.07	17.63	15.01	351.19	4.38	1.88
1696044720.0	0.23	0.23	66.8	15.88	89.0	0	0	1015.05	17.63	15.0	351.19	4.38	1.88
1696044780.0	0.22	0.22	66.2	15.88	89.0	0	0	1015.04	17.63	14.99	351.69	4.38	1.88
1696044840.0	0.22	0.22	65.6	15.88	89.0	0	0	1015.02	17.63	14.98	351.69	4.38	1.88
1696044900.0	0.22	0.22	65.0	15.88	89.0	0	0	1015.01	17.63	14.96	351.69	4.38	1.88
1696044960.0	0.22	0.22	64.2	15.9	89.4	0	0	1014.99	17.6	14.95	351.69	4.38	1.88
1696045020.0	0.22	0.22	63.4	15.93	89.8	0	0	1014.97	17.58	14.94	351.69	4.38	1.88
1696045080.0	0.2	0.2	62.6	15.95	90.2	0	0	1014.96	17.55	14.93	347.81	4.38	1.88
1696045140.0	0.2	0.2	61.8	15.98	90.6	0	0	1014.94	17.52	14.91	347.81	4.38	1.88
1696045200.0	0.2	0.2	61.0	16.0	91.0	0	0	1014.92	17.5	14.9	347.81	4.38	1.88
1696045260.0	0.2	0.2	60.2	16.0	91.0	0	0	1014.91	17.5	14.89	347.81	4.4	1.88
1696045320.0	0.2	0.2	59.4	16.0	91.0	0	0	1014.89	17.5	14.88	347.81	4.43	1.88
1696045380.0	0.19	0.19	58.6	16.0	91.0	0	0	1014.88	17.5	14.86	348.31	4.45	1.88
1696045440.0	0.19	0.19	57.8	16.0	91.0	0	0	1014.86	17.5	14.85	348.31	4.47	1.88
1696045500.0	0.19	0.19	57.0	16.0	91.0	0	0	1014.84	17.5	14.84	348.31	4.5	1.88
1696045560.0	0.19	0.19	56.2	16.0	91.0	0	0	1014.83	17.48	14.83	348.31	4.5	1.9
1696045620.0	0.19	0.19	55.4	16.0	91.0	0	0	1014.81	17.45	14.81	348.31	4.5	1.93
1696045680.0	0.19	0.19	54.6	16.0	91.0	0	0	1014.79	17.43	14.8	348.81	4.5	1.95
1696045740.0	0.19	0.19	53.8	16.0	91.0	0	0	1014.78	17.4	14.79	348.81	4.5	1.98
1696045800.0	0.19	0.19	53.0	16.0	91.0	0	0	1014.76	17.38	14.78	348.81	4.5	2.0
1696045860.0	0.19	0.19	52.4	16.0	91.0	0	0	1014.75	17.36	14.76	348.81	4.53	2.0
1696045920.0	0.19	0.19	51.8	16.0	91.0	0	0	1014.73	17.35	14.75	348.81	4.55	2.0
1696045980.0	0.18		51.2	16.0	91.0	0	0	1014.71	17.34	14.74	349.31	4.58	2.0
1696046040.0	0.18		50.6	16.0	91.0	0	0	1014.7	17.33	14.73	349.31	4.6	2.0
1696046100.0	0.18		50.0	16.0	91.0	0	0	1014.68	17.31	14.71	349.31	4.63	2.0
1696046160.0	0.18		49.2	16.0	91.0	0	0	1014.66	17.31	14.7	349.31	4.63	2.0
1696046220.0	0.18		48.4	16.0	91.0	0	0	1014.65	17.31	14.69	349.31	4.63	2.0
1696046280.0	0.18		47.6	16.0	91.0	0	0	1014.63	17.31	14.68	349.81	4.63	2.0
1696046340.0	0.18		46.8	16.0	91.0	0	0	1014.62	17.31	14.66	349.81	4.63	2.0
1696046400.0	0.18		46.0	16.0	91.0	0	0	1014.6	17.31	14.65	349.81	4.63	2.0
1696046460.0	0.18		46.8	15.93	91.0	0	0	1014.6	17.25	14.73	349.81	4.66	1.98
1696046520.0	0.18		47.6	15.85	91.0	0	0	1014.59	17.19	14.8	349.81	4.7	1.95
1696046580.0	0.19	0.19	48.4	15.78	91.0	0	0	1014.59	17.13	14.88	349.13	4.74	1.93
1696046640.0	0.19	0.19	49.2	15.7	91.0	0	0	1014.58	17.06	14.95	349.13	4.78	1.9
1696046700.0	0.19	0.19	50.0	15.63	91.0	0	0	1014.58	17.0	15.03	349.13	4.81	1.88
1696046760.0	0.19	0.19	50.0	15.63	91.0	0	0	1014.58	17.0	15.02	349.13	4.81	1.88
1696046820.0	0.19	0.19	50.0	15.63	91.0	0	0	1014.57	17.0	15.01	349.13	4.81	1.88
1696046880.0	0.19	0.19	50.0	15.63	91.0	0	0	1014.57	17.0	15.0	348.69	4.81	1.88
1696046940.0	0.19	0.19	50.0	15.63	91.0	0	0	1014.57	17.0	14.99	348.69	4.81	1.88
1696047000.0	0.19	0.19	50.0	15.63	91.0	0	0	1014.56	17.0	14.98	348.69	4.81	1.88
1696047060.0	0.19	0.19	54.4	15.76	90.8	0	0	1014.56	17.18	15.01	348.69	5.03	1.86
1696047120.0	0.19	0.19	58.8	15.9	90.6	0	0	1014.55	17.35	15.03	348.69	5.24	1.85
1696047180.0	0.21	0.21	63.2	16.04	90.4	0	0	1014.55	17.52	15.06	345.5	5.45	1.84
1696047240.0	0.21	0.21	67.6	16.18	90.2	0	0	1014.55	17.7	15.09	345.5	5.66	1.83
1696047300.0	0.21	0.21	72.0	16.31	90.0	0	0	1014.54	17.88	15.11	345.5	5.88	1.81
1696047360.0	0.21	0.21	71.4	16.31	90.0	0	0	1014.54	17.88	15.1	345.5	5.83	1.85
1696047420.0	0.21	0.21	70.8	16.31	90.0	0	0	1014.54	17.88	15.08	345.5	5.78	1.89
1696047480.0	0.21	0.21	70.2	16.31	90.0	0	0	1014.53	17.88	15.07	349.5	5.73	1.93
1696047540.0	0.21	0.21	69.6	16.31	90.0	0	0	1014.53	17.88	15.06	349.5	5.68	1.96
1696047600.0	0.21	0.21	69.0	16.31	90.0	0	0	1014.52	17.88	15.04	349.5	5.63	2.0
1696047660.0	0.21	0.21	68.4	16.31	90.0	0	0	1014.52	17.86	15.03	349.5	5.6	2.0
1696047720.0	0.21	0.21	67.8	16.31	90.0	0	0	1014.52	17.85	15.02	349.5	5.58	2.0
1696047780.0	0.2	0.2	67.2	16.31	90.0	0	0	1014.51	17.84	15.0	349.13	5.55	2.0
1696047840.0	0.2	0.2	66.6	16.31	90.0	0	0	1014.51	17.83	14.99	349.13	5.53	2.0
1696047900.0	0.2	0.2	66.0	16.31	90.0	0	0	1014.51	17.81	14.98	349.13	5.5	2.0
1696047960.0	0.2	0.2	65.4	16.31	90.2	0	0	1014.5	17.81	14.96	349.13	5.46	2.0
1696048020.0	0.2	0.2	64.8	16.31	90.4	0	0	1014.5	17.81	14.95	349.13	5.43	2.0
1696048080.0	0.19	0.19	64.2	16.31	90.6	0	0	1014.49	17.81	14.94	343.63	5.39	2.0
1696048140.0	0.19	0.19	63.6	16.31	90.8	0	0	1014.49	17.81	14.92	343.63	5.35	2.0
1696048200.0	0.19	0.19	63.0	16.31	91.0	0	0	1014.49	17.81	14.91	343.63	5.31	2.0
1696048260.0	0.19	0.19	62.4	16.31	91.0	0	0	1014.48	17.79	14.89	343.63	5.28	2.0
1696048320.0	0.19	0.19	61.8	16.31	91.0	0	0	1014.48	17.76	14.88	343.63	5.24	2.0
1696048380.0	0.19	0.19	61.2	16.31	91.0	0	0	1014.47	17.74	14.87	343.31	5.2	2.0
1696048440.0	0.19	0.19	60.6	16.31	91.0	0	0	1014.47	17.71	14.85	343.31	5.16	2.0
1696048500.0	0.19	0.19	60.0	16.31	91.0	0	0	1014.47	17.69	14.84	343.31	5.13	2.0
1696048560.0	0.19	0.19	66.2	16.33	90.8	0	0	1014.46	17.77	14.95	343.31	5.3	2.04
1696048620.0	0.19	0.19	72.4	16.34	90.6	0	0	1014.46	17.86	15.06	343.31	5.48	2.08
1696048680.0	0.22	0.22	78.6	16.35	90.4	0	0	1014.46	17.95	15.17	338.5	5.65	2.11
1696048740.0	0.22	0.22	84.8	16.36	90.2	0	0	1014.45	18.04	15.28	338.5	5.83	2.15
1696048800.0	0.22	0.22	91.0	16.38	90.0	0	0	1014.45	18.13	15.39	338.5	6.0	2.19
1696048860.0	0.22	0.22	90.8	16.38	90.0	0	0	1014.44	18.1	15.39	338.5	6.03	2.19
1696048920.0	0.22	0.22	90.6	16.38	90.0	0	0	1014.44	18.08	15.4	338.5	6.05	2.19
1696048980.0	0.22	0.22	90.4	16.38	90.0	0	0	1014.44	18.05	15.4	338.88	6.08	2.19
1696049040.0	0.22	0.22	90.2	16.38	90.0	0	0	1014.43	18.02	15.4	338.88	6.1	2.19
1696049100.0	0.22	0.22	90.0	16.38	90.0	0	0	1014.43	18.0	15.41	338.88	6.13	2.19
1696049160.0	0.22	0.22	90.0	16.38	90.0	0	0	1014.43	18.0	15.41	338.88	6.16	2.21
1696049220.0	0.22	0.22	90.0	16.38	90.0	0	0	1014.42	18.0	15.42	338.88	6.2	2.24
1696049280.0	0.22	0.22	90.0	16.38	90.0	0	0	1014.42	18.0	15.42	341.0	6.24	2.26
1696049340.0	0.22	0.22	90.0	16.38	90.0	0	0	1014.41	18.0	15.43	341.0	6.28	2.29
1696049400.0	0.22	0.22	90.0	16.38	90.0	0	0	1014.41	18.0	15.43	341.0	6.31	2.31
1696049460.0	0.22	0.22	90.0	16.36	90.0	0	0	1014.41	18.0	15.44	341.0	6.33	2.33
1696049520.0	0.22	0.22	90.0	16.35	90.0	0	0	1014.4	18.0	15.44	341.0	6.34	2.34
1696049580.0	0.22	0.22	90.0	16.34	90.0	0	0	1014.4	18.0	15.45	341.38	6.35	2.35
1696049640.0	0.22	0.22	90.0	16.33	90.0	0	0	1014.4	18.0	15.45	341.38	6.36	2.36
1696049700.0	0.22	0.22	90.0	16.31	90.0	0	0	1014.39	18.0	15.46	341.38	6.38	2.38
1696049760.0	0.22	0.22	90.0	16.31	90.0	0	0	1014.39	18.0	15.46	341.38	6.4	2.38
1696049820.0	0.22	0.22	90.0	16.31	90.0	0	0	1014.38	18.0	15.46	341.38	6.43	2.38
1696049880.0	0.22	0.22	90.0	16.31	90.0	0	0	1014.38	18.0	15.47	340.88	6.45	2.38
1696049940.0	0.22	0.22	90.0	16.31	90.0	0	0	1014.38	18.0	15.47	340.88	6.48	2.38
1696050000.0	0.22	0.22	90.0	16.31	90.0	0	0	1014.37	18.0	15.48	340.88	6.5	2.38
1696050060.0	0.22	0.22	89.8	16.31	90.0	0	0	1014.38	18.0	15.47	340.88	6.5	2.36
1696050120.0	0.22	0.22	89.6	16.31	90.0	0	0	1014.38	18.0	15.47	340.88	6.5	2.35
1696050180.0	0.22	0.22	89.4	16.31	90.0	0	0	1014.39	18.0	15.47	341.19	6.5	2.34
1696050240.0	0.22	0.22	89.2	16.31	90.0	0	0	1014.39	18.0	15.46	341.19	6.5	2.33
1696050300.0	0.22	0.22	89.0	16.31	90.0	0	0	1014.4	18.0	15.46	341.19	6.5	2.31
1696050360.0	0.22	0.22	89.0	16.31	90.0	0	0	1014.41	17.98	15.45	341.19	6.48	2.31
1696050420.0	0.22	0.22	89.0	16.31	90.0	0	0	1014.41	17.95	15.45	341.19	6.45	2.31
1696050480.0	0.22	0.22	89.0	16.31	90.0	0	0	1014.42	17.93	15.45	341.5	6.43	2.31
1696050540.0	0.22	0.22	89.0	16.31	90.0	0	0	1014.42	17.9	15.44	341.5	6.4	2.31
1696050600.0	0.22	0.22	89.0	16.31	90.0	0	0	1014.43	17.88	15.44	341.5	6.38	2.31
1696050660.0	0.22	0.22	89.0	16.31	90.0	0	0	1014.43	17.88	15.43	341.5	6.38	2.31
1696050720.0	0.22	0.22	89.0	16.31	90.0	0	0	1014.44	17.88	15.43	341.5	6.38	2.31
1696050780.0	0.21	0.21	89.0	16.31	90.0	0	0	1014.44	17.88	15.43	341.88	6.38	2.31
1696050840.0	0.21	0.21	89.0	16.31	90.0	0	0	1014.45	17.88	15.42	341.88	6.38	2.31
1696050900.0	0.21	0.21	89.0	16.31	90.0	0	0	1014.45	17.88	15.42	341.88	6.38	2.31
1696050960.0	0.21	0.21	88.8	16.29	89.8	0	0	1014.46	17.88	15.41	341.88	6.38	2.25
1696051020.0	0.21	0.21	88.6	16.26	89.6	0	0	1014.47	17.88	15.41	341.88	6.38	2.19
1696051080.0	0.22	0.22	88.4	16.24	89.4	0	0	1014.47	17.88	15.41	337.88	6.38	2.13
1696051140.0	0.22	0.22	88.2	16.21	89.2	0	0	1014.48	17.88	15.4	337.88	6.38	2.06
1696051200.0	0.22	0.22	88.0	16.19	89.0	0	0	1014.48	17.88	15.4	337.88	6.38	2.0
1696051260.0	0.22	0.22	87.2	16.25	89.0	0	0	1014.49	17.93	15.38	337.88	6.04	1.94
1696051320.0	0.22	0.22	86.4	16.31	89.0	0	0	1014.49	17.98	15.36	337.88	5.7	1.88
1696051380.0	0.22	0.22	85.6	16.38	89.0	0	0	1014.5	18.02	15.34	338.69	5.36	1.81
1696051440.0	0.22	0.22	84.8	16.44	89.0	0	0	1014.5	18.08	15.33	338.69	5.03	1.75
1696051500.0	0.22	0.22	84.0	16.5	89.0	0	0	1014.51	18.13	15.31	338.69	4.69	1.69
1696051560.0	0.22	0.22	84.4	16.5	89.0	0	0	1014.51	18.13	15.3	338.69	4.71	1.69
1696051620.0	0.22	0.22	84.8	16.5	89.0	0	0	1014.52	18.13	15.3	338.69	4.74	1.69
1696051680.0	0.22	0.22	85.2	16.5	89.0	0	0	1014.53	18.13	15.3	339.31	4.76	1.69
1696051740.0	0.22	0.22	85.6	16.5	89.0	0	0	1014.53	18.13	15.29	339.31	4.79	1.69
1696051800.0	0.22	0.22	86.0	16.5	89.0	0	0	1014.54	18.13	15.29	339.31	4.81	1.69
1696051860.0	0.22	0.22	86.4	16.5	89.0	0	0	1014.54	18.13	15.28	339.31	4.83	1.69
1696051920.0	0.22	0.22	86.8	16.5	89.0	0	0	1014.55	18.13	15.28	339.31	4.84	1.69
1696051980.0	0.22	0.22	87.2	16.5	89.0	0	0	1014.55	18.13	15.27	340.69	4.85	1.69
1696052040.0	0.22	0.22	87.6	16.5	89.0	0	0	1014.56	18.13	15.27	340.69	4.86	1.69
1696052100.0	0.22	0.22	88.0	16.5	89.0	0	0	1014.56	18.13	15.27	340.69	4.88	1.69
1696052160.0	0.22	0.22	83.6	16.48	89.2	0	0	1014.57	18.13	15.26	340.69	4.93	1.78
1696052220.0	0.22	0.22	79.2	16.45	89.4	0	0	1014.57	18.13	15.26	340.69	4.97	1.86
1696052280.0	0.21	0.21	74.8	16.43	89.6	0	0	1014.58	18.13	15.25	337.69	5.03	1.95
1696052340.0	0.21	0.21	70.4	16.4	89.8	0	0	1014.59	18.13	15.25	337.69	5.08	2.04
1696052400.0	0.21	0.21	66.0	16.38	90.0	0	0	1014.59	18.13	15.24	337.69	5.13	2.13
1696052460.0	0.21	0.21	66.4	16.38	90.0	0	0	1014.6	18.13	15.24	337.69	5.14	2.13
1696052520.0	0.21	0.21	66.8	16.38	90.0	0	0	1014.6	18.13	15.24	337.69	5.15	2.13
1696052580.0	0.22	0.22	67.2	16.38	90.0	0	0	1014.61	18.13	15.23	339.0	5.16	2.13
1696052640.0	0.22	0.22	67.6	16.38	90.0	0	0	1014.61	18.13	15.23	339.0	5.18	2.13
1696052700.0	0.22	0.22	68.0	16.38	90.0	0	0	1014.62	18.13	15.22	339.0	5.19	2.13
1696052760.0	0.22	0.22	68.6	16.38	90.0	0	0	1014.62	18.13	15.22	339.0	5.23	2.14
1696052820.0	0.22	0.22	69.2	16.38	90.0	0	0	1014.63	18.13	15.21	339.0	5.26	2.15
1696052880.0	0.22	0.22	69.8	16.38	90.0	0	0	1014.63	18.13	15.21	341.13	5.3	2.16
1696052940.0	0.22	0.22	70.4	16.38	90.0	0	0	1014.64	18.13	15.21	341.13	5.34	2.17
1696053000.0	0.22	0.22	71.0	16.38	90.0	0	0	1014.64	18.13	15.2	341.13	5.38	2.19
1696053060.0	0.22	0.22	71.4	16.38	90.0	0	0	1014.65	18.13	15.2	341.13	5.4	2.19
1696053120.0	0.22	0.22	71.8	16.38	90.0	0	0	1014.66	18.13	15.19	341.13	5.43	2.19
1696053180.0	0.22	0.22	72.2	16.38	90.0	0	0	1014.66	18.13	15.19	342.31	5.45	2.19
1696053240.0	0.22	0.22	72.6	16.38	90.0	0	0	1014.67	18.13	15.18	342.31	5.48	2.19
1696053300.0	0.22	0.22	73.0	16.38	90.0	0	0	1014.67	18.13	15.18	342.31	5.5	2.19
1696053360.0	0.22	0.22	78.4	16.36	90.2	0	0	1014.68	18.04	15.17	342.31	5.53	2.15
1696053420.0	0.22	0.22	83.8	16.35	90.4	0	0	1014.68	17.95	15.17	342.31	5.55	2.11
1696053480.0	0.19	0.19	89.2	16.34	90.6	0	0	1014.69	17.86	15.17	1.13	5.58	2.08
1696053540.0	0.19	0.19	94.6	16.33	90.8	0	0	1014.69	17.77	15.16	1.13	5.6	2.04
1696053600.0	0.19	0.19	100.0	16.31	91.0	0	0	1014.7	17.69	15.16	1.13	5.63	2.0
1696053660.0	0.19	0.19	100.0	16.29	91.0	0	0	1014.7	17.69	15.15	1.13	5.66	2.0
1696053720.0	0.19	0.19	100.0	16.26	91.0	0	0	1014.69	17.69	15.14	1.13	5.7	2.0
1696053780.0	0.19	0.19	100.0	16.24	91.0	0	0	1014.69	17.69	15.14	1.31	5.74	2.0
1696053840.0	0.19	0.19	100.0	16.21	91.0	0	0	1014.68	17.69	15.13	1.31	5.78	2.0
1696053900.0	0.19	0.19	100.0	16.19	91.0	0	0	1014.68	17.69	15.12	1.31	5.81	2.0
1696053960.0	0.19	0.19	100.0	16.19	91.0	0	0	1014.68	17.69	15.12	1.31	5.83	2.0
1696054020.0	0.19	0.19	100.0	16.19	91.0	0	0	1014.67	17.69	15.11	1.31	5.84	2.0
1696054080.0	0.19	0.19	100.0	16.19	91.0	0	0	1014.67	17.69	15.1	1.5	5.85	2.0
1696054140.0	0.19	0.19	100.0	16.19	91.0	0	0	1014.67	17.69	15.1	1.5	5.86	2.0
1696054200.0	0.19	0.19	100.0	16.19	91.0	0	0	1014.66	17.69	15.09	1.5	5.88	2.0
1696054260.0	0.19	0.19	100.0	16.19	91.0	0	0	1014.66	17.69	15.08	1.5	5.93	2.0
1696054320.0	0.19	0.19	100.0	16.19	91.0	0	0	1014.65	17.69	15.08	1.5	5.98	2.0
1696054380.0	0.19	0.19	100.0	16.19	91.0	0	0	1014.65	17.69	15.07	1.69	6.03	2.0
1696054440.0	0.19	0.19	100.0	16.19	91.0	0	0	1014.65	17.69	15.06	1.69	6.08	2.0
1696054500.0	0.19	0.19	100.0	16.19	91.0	0	0	1014.64	17.69	15.06	1.69	6.13	2.0
1696054560.0	0.19	0.19	97.8	16.23	91.4	0	0	1014.64	17.65	15.05	1.69	6.16	1.84
1696054620.0	0.19	0.19	95.6	16.26	91.8	0	0	1014.64	17.61	15.04	1.69	6.2	1.68
1696054680.0	0.15	0.15	93.4	16.3	92.2	0	0	1014.63	17.58	15.04	6.31	6.24	1.51
1696054740.0	0.15	0.15	91.2	16.34	92.6	0	0	1014.63	17.54	15.03	6.31	6.28	1.35
1696054800.0	0.15	0.15	89.0	16.38	93.0	0	0	1014.62	17.5	15.02	6.31	6.31	1.19
1696054860.0	0.15	0.15	89.0	16.36	93.0	0	0	1014.62	17.5	15.02	6.31	6.35	1.19
1696054920.0	0.15	0.15	89.0	16.35	93.0	0	0	1014.62	17.5	15.01	6.31	6.39	1.19
1696054980.0	0.15	0.15	89.0	16.34	93.0	0	0	1014.61	17.5	15.0	6.5	6.43	1.19
1696055040.0	0.15	0.15	89.0	16.33	93.0	0	0	1014.61	17.5	15.0	6.5	6.46	1.19
1696055100.0	0.15	0.15	89.0	16.31	93.0	0	0	1014.61	17.5	14.99	6.5	6.5	1.19
1696055160.0	0.15	0.15	89.0	16.31	93.0	0	0	1014.6	17.5	14.98	6.5	6.54	1.21
1696055220.0	0.15	0.15	89.0	16.31	93.0	0	0	1014.6	17.5	14.98	6.5	6.58	1.24
1696055280.0	0.15	0.15	89.0	16.31	93.0	0	0	1014.59	17.5	14.97	6.69	6.61	1.26
1696055340.0	0.15	0.15	89.0	16.31	93.0	0	0	1014.59	17.5	14.96	6.69	6.65	1.29
1696055400.0	0.15	0.15	89.0	16.31	93.0	0	0	1014.59	17.5	14.96	6.69	6.69	1.31
1696055460.0	0.15	0.15	89.0	16.31	93.0	0	0	1014.58	17.5	14.95	6.69	6.71	1.31
1696055520.0	0.15	0.15	89.0	16.31	93.0	0	0	1014.58	17.5	14.94	6.69	6.74	1.31
1696055580.0	0.14	0.14	89.0	16.31	93.0	0	0	1014.57	17.5	14.94	6.81	6.76	1.31
1696055640.0	0.14	0.14	89.0	16.31	93.0	0	0	1014.57	17.5	14.93	6.81	6.79	1.31
1696055700.0	0.14	0.14	89.0	16.31	93.0	0	0	1014.57	17.5	14.92	6.81	6.81	1.31
1696055760.0	0.14	0.14	83.4	16.25	93.0	0	0	1014.56	17.43	14.89	6.81	7.09	1.48
1696055820.0	0.14	0.14	77.8	16.19	93.0	0	0	1014.56	17.35	14.86	6.81	7.36	1.64
1696055880.0	0.14	0.14	72.2	16.13	93.0	0	0	1014.56	17.27	14.84	353.88	7.64	1.8
1696055940.0	0.14	0.14	66.6	16.06	93.0	0	0	1014.55	17.2	14.81	353.88	7.91	1.96
1696056000.0	0.14	0.14	61.0	16.0	93.0	0	0	1014.55	17.13	14.78	353.88	8.19	2.13
1696056060.0	0.14	0.14	61.2	16.0	93.0	0	0	1014.54	17.13	14.78	353.88	8.21	2.13
1696056120.0	0.14	0.14	61.4	16.0	93.0	0	0	1014.54	17.13	14.79	353.88	8.24	2.13
1696056180.0	0.14	0.14	61.6	16.0	93.0	0	0	1014.54	17.13	14.79	354.0	8.26	2.13
1696056240.0	0.14	0.14	61.8	16.0	93.0	0	0	1014.53	17.13	14.79	354.0	8.29	2.13
1696056300.0	0.14	0.14	62.0	16.0	93.0	0	0	1014.53	17.13	14.8	354.0	8.31	2.13
1696056360.0	0.14	0.14	62.4	15.98	93.0	0	0	1014.53	17.1	14.8	354.0	8.32	2.14
1696056420.0	0.14	0.14	62.8	15.95	93.0	0	0	1014.52	17.08	14.81	354.0	8.34	2.15
1696056480.0	0.14	0.14	63.2	15.93	93.0	0	0	1014.52	17.05	14.81	354.19	8.35	2.16
1696056540.0	0.14	0.14	63.6	15.9	93.0	0	0	1014.51	17.02	14.81	354.19	8.36	2.17
1696056600.0	0.14	0.14	64.0	15.88	93.0	0	0	1014.51	17.0	14.82	354.19	8.38	2.19
1696056660.0	0.14	0.14	64.2	15.88	93.0	0	0	1014.51	17.0	14.82	354.19	8.46	2.21
1696056720.0	0.14	0.14	64.4	15.88	93.0	0	0	1014.5	17.0	14.83	354.19	8.55	2.24
1696056780.0	0.14	0.14	64.6	15.88	93.0	0	0	1014.5	17.0	14.83	354.13	8.64	2.26
1696056840.0	0.14	0.14	64.8	15.88	93.0	0	0	1014.5	17.0	14.84	354.13	8.73	2.29
1696056900.0	0.14	0.14	65.0	15.88	93.0	0	0	1014.49	17.0	14.84	354.13	8.81	2.31
1696056960.0	0.14	0.14	65.2	15.86	93.0	0	0	1014.49	17.0	14.85	354.13	8.81	2.19
1696057020.0	0.14	0.14	65.4	15.85	93.0	0	0	1014.48	17.0	14.85	354.13	8.81	2.06
1696057080.0	0.14	0.14	65.6	15.84	93.0	0	0	1014.48	17.0	14.85	7.38	8.81	1.94
1696057140.0	0.14	0.14	65.8	15.83	93.0	0	0	1014.48	17.0	14.86	7.38	8.81	1.81
1696057200.0	0.14	0.14	66.0	15.81	93.0	0	0	1014.47	17.0	14.86	7.38	8.81	1.69
1696057260.0	0.14	0.14	66.6	15.81	93.0	0	0	1014.47	17.0	14.86	7.38	8.81	1.69
1696057320.0	0.14	0.14	67.2	15.81	93.0	0	0	1014.47	17.0	14.86	7.38	8.81	1.69
1696057380.0	0.14	0.14	67.8	15.81	93.0	0	0	1014.47	17.0	14.86	7.5	8.81	1.69
1696057440.0	0.14	0.14	68.4	15.81	93.0	0	0	1014.47	17.0	14.86	7.5	8.81	1.69
1696057500.0	0.14	0.14	69.0	15.81	93.0	0	0	1014.47	17.0	14.86	7.5	8.81	1.69
1696057560.0	0.14	0.14	69.6	15.81	93.0	0	0	1014.47	17.0	14.85	7.5	8.79	1.68
1696057620.0	0.14	0.14	70.2	15.81	93.0	0	0	1014.47	17.0	14.85	7.5	8.76	1.66
1696057680.0	0.14	0.14	70.8	15.81	93.0	0	0	1014.47	17.0	14.85	7.69	8.74	1.65
1696057740.0	0.14	0.14	71.4	15.81	93.0	0	0	1014.47	17.0	14.85	7.69	8.71	1.64
1696057800.0	0.14	0.14	72.0	15.81	93.0	0	0	1014.46	17.0	14.85	7.69	8.69	1.63
1696057860.0	0.14	0.14	72.6	15.81	93.0	0	0	1014.46	17.0	14.85	7.69	8.68	1.63
1696057920.0	0.14	0.14	73.2	15.81	93.0	0	0	1014.46	17.0	14.85	7.69	8.66	1.63
1696057980.0	0.14	0.14	73.8	15.81	93.0	0	0	1014.46	17.0	14.84	7.81	8.65	1.63
1696058040.0	0.14	0.14	74.4	15.81	93.0	0	0	1014.46	17.0	14.84	7.81	8.64	1.63
1696058100.0	0.14	0.14	75.0	15.81	93.0	0	0	1014.46	17.0	14.84	7.81	8.63	1.63
1696058160.0	0.14	0.14	75.6	15.81	93.0	0	0	1014.46	17.0	14.84	7.81	8.6	1.76
1696058220.0	0.14	0.14	76.2	15.81	93.0	0	0	1014.46	17.0	14.84	7.81	8.57	1.9
1696058280.0	0.15	0.15	76.8	15.81	93.0	0	0	1014.46	17.0	14.84	359.0	8.55	2.04
1696058340.0	0.15	0.15	77.4	15.81	93.0	0	0	1014.46	17.0	14.84	359.0	8.53	2.17
1696058400.0	0.15	0.15	78.0	15.81	93.0	0	0	1014.46	17.0	14.83	359.0	8.5	2.31
1696058460.0	0.15	0.15	78.4	15.81	92.8	0	0	1014.46	17.0	14.83	359.0	8.48	2.29
1696058520.0	0.15	0.15	78.8	15.81	92.6	0	0	1014.45	17.0	14.83	359.0	8.45	2.26
1696058580.0	0.16	0.16	79.2	15.81	92.4	0	0	1014.45	17.0	14.83	359.0	8.43	2.24
1696058640.0	0.16	0.16	79.6	15.81	92.2	0	0	1014.45	17.0	14.83	359.0	8.4	2.21
1696058700.0	0.16	0.16	80.0	15.81	92.0	0	0	1014.45	17.0	14.83	359.0	8.38	2.19
1696058760.0	0.16	0.16	77.0	15.83	92.2	0	0	1014.45	17.0	14.76	359.0	8.3	2.19
1696058820.0	0.16	0.16	74.0	15.84	92.4	0	0	1014.45	17.0	14.7	359.0	8.23	2.19
1696058880.0	0.14	0.14	71.0	15.85	92.6	0	0	1014.45	17.0	14.63	3.0	8.15	2.19
1696058940.0	0.14	0.14	68.0	15.86	92.8	0	0	1014.45	17.0	14.56	3.0	8.07	2.19
1696059000.0	0.14	0.14	65.0	15.88	93.0	0	0	1014.45	17.0	14.5	3.0	8.0	2.19
1696059060.0	0.14	0.14	65.2	15.88	93.0	0	0	1014.45	17.0	14.5	3.0	7.96	2.17
1696059120.0	0.14	0.14	65.4	15.88	93.0	0	0	1014.45	17.0	14.5	3.0	7.93	2.16
1696059180.0	0.14	0.14	65.6	15.88	93.0	0	0	1014.44	17.0	14.5	2.13	7.89	2.15
1696059240.0	0.14	0.14	65.8	15.88	93.0	0	0	1014.44	17.0	14.5	2.13	7.85	2.14
1696059300.0	0.14	0.14	66.0	15.88	93.0	0	0	1014.44	17.0	14.5	2.13	7.81	2.13
1696059360.0	0.14	0.14	66.4	15.88	93.2	0	0	1014.44	16.98	14.5	2.13	7.78	1.98
1696059420.0	0.14	0.14	66.8	15.88	93.4	0	0	1014.44	16.95	14.5	2.13	7.74	1.83
1696059480.0	0.13	0.13	67.2	15.88	93.6	0	0	1014.44	16.93	14.5	10.0	7.7	1.68
1696059540.0	0.13	0.13	67.6	15.88	93.8	0	0	1014.44	16.9	14.5	10.0	7.66	1.53
1696059600.0	0.13	0.13	68.0	15.88	94.0	0	0	1014.44	16.88	14.5	10.0	7.63	1.38
1696059660.0	0.13	0.13	68.4	15.88	94.0	0	0	1014.44	16.88	14.5	10.0	7.6	1.38
1696059720.0	0.13	0.13	68.8	15.88	94.0	0	0	1014.44	16.88	14.5	10.0	7.58	1.38
1696059780.0	0.13	0.13	69.2	15.88	94.0	0	0	1014.44	16.88	14.5	8.88	7.55	1.38
1696059840.0	0.13	0.13	69.6	15.88	94.0	0	0	1014.44	16.88	14.5	8.88	7.53	1.38
1696059900.0	0.13	0.13	70.0	15.88	94.0	0	0	1014.43	16.88	14.5	8.88	7.5	1.38
1696059960.0	0.13	0.13	70.2	15.88	94.0	0	0	1014.43	16.88	14.5	8.88	7.46	1.36
1696060020.0	0.13	0.13	70.4	15.88	94.0	0	0	1014.43	16.88	14.5	8.88	7.43	1.35
1696060080.0	0.13	0.13	70.6	15.88	94.0	0	0	1014.43	16.88	14.5	7.88	7.39	1.34
1696060140.0	0.13	0.13	70.8	15.88	94.0	0	0	1014.43	16.88	14.5	7.88	7.35	1.33
1696060200.0	0.13	0.13	71.0	15.88	94.0	0	0	1014.43	16.88	14.5	7.88	7.31	1.31
1696060260.0	0.13	0.13	71.4	15.86	94.0	0	0	1014.43	16.88	14.5	7.88	7.28	1.31
1696060320.0	0.13	0.13	71.8	15.85	94.0	0	0	1014.43	16.88	14.5	7.88	7.24	1.31
1696060380.0	0.13	0.13	72.2	15.84	94.0	0	0	1014.43	16.88	14.5	6.69	7.2	1.31
1696060440.0	0.13	0.13	72.6	15.83	94.0	0	0	1014.43	16.88	14.5	6.69	7.16	1.31
1696060500.0	0.13	0.13	73.0	15.81	94.0	0	0	1014.43	16.88	14.5	6.69	7.13	1.31
1696060560.0	0.13	0.13	73.2	15.81	94.0	0	0	1014.43	16.86	14.5	6.69	7.1	1.29
1696060620.0	0.13	0.13	73.4	15.81	94.0	0	0	1014.42	16.85	14.5	6.69	7.08	1.26
1696060680.0	0.13	0.13	73.6	15.81	94.0	0	0	1014.42	16.84	14.5	5.5	7.05	1.24
1696060740.0	0.13	0.13	73.8	15.81	94.0	0	0	1014.42	16.83	14.5	5.5	7.03	1.21
1696060800.0	0.13	0.13	74.0	15.81	94.0	0	0	1014.42	16.81	14.5	5.5	7.0	1.19
1696060860.0	0.13	0.13	73.8	15.81	94.0	0	0	1014.43	16.81	14.5	5.5	6.96	1.19
1696060920.0	0.13	0.13	73.6	15.81	94.0	0	0	1014.43	16.81	14.51	5.5	6.93	1.19
1696060980.0	0.13	0.13	73.4	15.81	94.0	0	0	1014.44	16.81	14.51	4.69	6.89	1.19
1696061040.0	0.13	0.13	73.2	15.81	94.0	0	0	1014.45	16.81	14.51	4.69	6.85	1.19
1696061100.0	0.13	0.13	73.0	15.81	94.0	0	0	1014.45	16.81	14.51	4.69	6.81	1.19
1696061160.0	0.13	0.13	72.6	15.81	94.0	0	0	1014.46	16.81	14.51	4.69	6.78	1.19
1696061220.0	0.13	0.13	72.2	15.81	94.0	0	0	1014.46	16.81	14.51	4.69	6.74	1.19
1696061280.0	0.13	0.13	71.8	15.81	94.0	0	0	1014.47	16.81	14.52	3.88	6.7	1.19
1696061340.0	0.13	0.13	71.4	15.81	94.0	0	0	1014.47	16.81	14.52	3.88	6.66	1.19
1696061400.0	0.13	0.13	71.0	15.81	94.0	0	0	1014.48	16.81	14.52	3.88	6.63	1.19
1696061460.0	0.13	0.13	70.6	15.79	94.0	0	0	1014.49	16.79	14.52	3.88	6.6	1.19
1696061520.0	0.13	0.13	70.2	15.76	94.0	0	0	1014.49	16.76	14.52	3.88	6.58	1.19
1696061580.0	0.13	0.13	69.8	15.74	94.0	0	0	1014.5	16.74	14.52	3.13	6.55	1.19
1696061640.0	0.13	0.13	69.4	15.71	94.0	0	0	1014.5	16.71	14.52	3.13	6.53	1.19
1696061700.0	0.13	0.13	69.0	15.69	94.0	0	0	1014.51	16.69	14.53	3.13	6.5	1.19
1696061760.0	0.13	0.13	68.6	15.69	94.0	0	0	1014.52	16.69	14.53	3.13	6.46	1.19
1696061820.0	0.13	0.13	68.2	15.69	94.0	0	0	1014.52	16.69	14.53	3.13	6.43	1.19
1696061880.0	0.13	0.13	67.8	15.69	94.0	0	0	1014.53	16.69	14.53	2.31	6.39	1.19
1696061940.0	0.13	0.13	67.4	15.69	94.0	0	0	1014.53	16.69	14.53	2.31	6.35	1.19
1696062000.0	0.13	0.13	67.0	15.69	94.0	0	0	1014.54	16.69	14.53	2.31	6.31	1.19
1696062060.0	0.13	0.13	66.6	15.69	94.0	0	0	1014.54	16.69	14.53	2.31	6.28	1.19
1696062120.0	0.13	0.13	66.2	15.69	94.0	0	0	1014.55	16.69	14.54	2.31	6.24	1.19
1696062180.0	0.13	0.13	65.8	15.69	94.0	0	0	1014.56	16.69	14.54	1.5	6.2	1.19
1696062240.0	0.13	0.13	65.4	15.69	94.0	0	0	1014.56	16.69	14.54	1.5	6.16	1.19
1696062300.0	0.13	0.13	65.0	15.69	94.0	0	0	1014.57	16.69	14.54	1.5	6.13	1.19
1696062360.0	0.13	0.13	64.0	15.75	94.0	0	0	1014.57	16.75	14.51	1.5	6.14	1.19
1696062420.0	0.13	0.13	63.0	15.81	94.0	0	0	1014.58	16.81	14.49	1.5	6.15	1.19
1696062480.0	0.12	0.12	62.0	15.88	94.0	0	0	1014.59	16.88	14.46	4.19	6.16	1.19
1696062540.0	0.12	0.12	61.0	15.94	94.0	0	0	1014.59	16.94	14.43	4.19	6.18	1.19
1696062600.0	0.12	0.12	60.0	16.0	94.0	0	0	1014.6	17.0	14.4	4.19	6.19	1.19
1696062660.0	0.12	0.12	59.8	16.0	94.0	0	0	1014.6	17.0	14.4	4.19	6.15	1.19
1696062720.0	0.12	0.12	59.6	16.0	94.0	0	0	1014.61	17.0	14.4	4.19	6.11	1.19
1696062780.0	0.12	0.12	59.4	16.0	94.0	0	0	1014.62	17.0	14.4	3.0	6.08	1.19
1696062840.0	0.12	0.12	59.2	16.0	94.0	0	0	1014.62	17.0	14.39	3.0	6.04	1.19
1696062900.0	0.12	0.12	59.0	16.0	94.0	0	0	1014.63	17.0	14.39	3.0	6.0	1.19
1696062960.0	0.12	0.12	58.8	16.0	94.2	0	0	1014.63	16.98	14.39	3.0	5.96	1.18
1696063020.0	0.12	0.12	58.6	16.0	94.4	0	0	1014.64	16.95	14.39	3.0	5.93	1.16
1696063080.0	0.11	0.11	58.4	16.0	94.6	0	0	1014.64	16.93	14.39	1.88	5.89	1.15
1696063140.0	0.11	0.11	58.2	16.0	94.8	0	0	1014.65	16.9	14.39	1.88	5.85	1.14
1696063200.0	0.11	0.11	58.0	16.0	95.0	0	0	1014.66	16.88	14.39	1.88	5.81	1.13
1696063260.0	0.11	0.11	57.8	16.0	95.0	0	0	1014.66	16.88	14.38	1.88	5.78	1.13
1696063320.0	0.11	0.11	57.6	16.0	95.0	0	0	1014.67	16.88	14.38	1.88	5.74	1.13
1696063380.0	0.11	0.11	57.4	16.0	95.0	0	0	1014.67	16.88	14.38	0.63	5.7	1.13
1696063440.0	0.11	0.11	57.2	16.0	95.0	0	0	1014.68	16.88	14.38	0.63	5.66	1.13
1696063500.0	0.11	0.11	57.0	16.0	95.0	0	0	1014.69	16.88	14.38	0.63	5.63	1.13
1696063560.0	0.11	0.11	57.0	16.0	95.0	0	0	1014.69	16.86	14.38	0.63	5.58	1.13
1696063620.0	0.11	0.11	57.0	16.0	95.0	0	0	1014.7	16.85	14.38	0.63	5.53	1.13
1696063680.0	0.1	0.1	57.0	16.0	95.0	0	0	1014.7	16.84	14.37	359.0	5.48	1.13
1696063740.0	0.1	0.1	57.0	16.0	95.0	0	0	1014.71	16.83	14.37	359.0	5.43	1.13
1696063800.0	0.1	0.1	57.0	16.0	95.0	0	0	1014.71	16.81	14.37	359.0	5.38	1.13
1696063860.0	0.1	0.1	56.8	16.0	95.0	0	0	1014.72	16.81	14.37	359.0	5.34	1.13
1696063920.0	0.1	0.1	56.6	16.0	95.0	0	0	1014.73	16.81	14.37	359.0	5.3	1.13
1696063980.0	0.1	0.1	56.4	16.0	95.0	0	0	1014.73	16.81	14.37	358.13	5.26	1.13
1696064040.0	0.1	0.1	56.2	16.0	95.0	0	0	1014.74	16.81	14.36	358.13	5.23	1.13
1696064100.0	0.1	0.1	56.0	16.0	95.0	0	0	1014.74	16.81	14.36	358.13	5.19	1.13
1696064160.0	0.1	0.1	55.8	15.98	95.0	0	0	1014.75	16.81	14.36	358.13	5.15	1.13
1696064220.0	0.1	0.1	55.6	15.95	95.0	0	0	1014.76	16.81	14.36	358.13	5.11	1.13
1696064280.0	0.11	0.11	55.4	15.93	95.0	0	0	1014.76	16.81	14.36	356.81	5.08	1.13
1696064340.0	0.11	0.11	55.2	15.9	95.0	0	0	1014.77	16.81	14.36	356.81	5.04	1.13
1696064400.0	0.11	0.11	55.0	15.88	95.0	0	0	1014.77	16.81	14.36	356.81	5.0	1.13
1696064460.0	0.11	0.11	55.0	15.88	95.0	0	0	1014.79	16.81	14.36	356.81	5.03	1.13
1696064520.0	0.11	0.11	55.0	15.88	95.0	0	0	1014.81	16.81	14.36	356.81	5.05	1.13
1696064580.0	0.11	0.11	55.0	15.88	95.0	0	0	1014.83	16.81	14.36	357.63	5.08	1.13
1696064640.0	0.11	0.11	55.0	15.88	95.0	0	0	1014.84	16.81	14.36	357.63	5.1	1.13
1696064700.0	0.11	0.11	55.0	15.88	95.0	0	0	1014.86	16.81	14.36	357.63	5.13	1.13
1696064760.0	0.11	0.11	55.0	15.88	95.0	0	0	1014.88	16.81	14.37	357.63	5.16	1.13
1696064820.0	0.11	0.11	55.0	15.88	95.0	0	0	1014.9	16.81	14.37	357.63	5.2	1.13
1696064880.0	0.11	0.11	55.0	15.88	95.0	0	0	1014.91	16.81	14.37	358.38	5.24	1.13
1696064940.0	0.11	0.11	55.0	15.88	95.0	0	0	1014.93	16.81	14.37	358.38	5.28	1.13
1696065000.0	0.11	0.11	55.0	15.88	95.0	0	0	1014.95	16.81	14.37	358.38	5.31	1.13
1696065060.0	0.11	0.11	55.0	15.88	95.0	0	0	1014.97	16.81	14.37	358.38	5.33	1.14
1696065120.0	0.11	0.11	55.0	15.88	95.0	0	0	1014.98	16.81	14.38	358.38	5.34	1.15
1696065180.0	0.11	0.11	55.0	15.88	95.0	0	0	1015.0	16.81	14.38	359.0	5.35	1.16
1696065240.0	0.11	0.11	55.0	15.88	95.0	0	0	1015.02	16.81	14.38	359.0	5.36	1.18
1696065300.0	0.11	0.11	55.0	15.88	95.0	0	0	1015.04	16.81	14.38	359.0	5.38	1.19
1696065360.0	0.11	0.11	55.0	15.84	94.6	0	0	1015.05	16.81	14.38	359.0	5.4	1.33
1696065420.0	0.11	0.11	55.0	15.8	94.2	0	0	1015.07	16.81	14.39	359.0	5.43	1.46
1696065480.0	0.15	0.15	55.0	15.76	93.8	0	0	1015.09	16.81	14.39	346.69	5.45	1.6
1696065540.0	0.15	0.15	55.0	15.73	93.4	0	0	1015.11	16.81	14.39	346.69	5.48	1.74
1696065600.0	0.15	0.15	55.0	15.69	93.0	0	0	1015.12	16.81	14.39	346.69	5.5	1.88
1696065660.0	0.15	0.15	55.6	15.61	92.6	0	0	1015.14	16.81	14.56	346.69	5.38	1.86
1696065720.0	0.15	0.15	56.2	15.54	92.2	0	0	1015.16	16.81	14.73	346.69	5.25	1.85
1696065780.0	0.19	0.19	56.8	15.46	91.8	0	0	1015.18	16.81	14.9	345.5	5.13	1.84
1696065840.0	0.19	0.19	57.4	15.39	91.4	0	0	1015.19	16.81	15.08	345.5	5.0	1.83
1696065900.0	0.19	0.19	58.0	15.31	91.0	0	0	1015.21	16.81	15.25	345.5	4.88	1.81
1696065960.0	0.19	0.19	57.6	15.31	91.0	0	0	1015.23	16.81	15.25	345.5	4.88	1.81
1696066020.0	0.19	0.19	57.2	15.31	91.0	0	0	1015.25	16.81	15.25	345.5	4.88	1.81
1696066080.0	0.19	0.19	56.8	15.31	91.0	0	0	1015.26	16.81	15.25	345.88	4.88	1.81
1696066140.0	0.19	0.19	56.4	15.31	91.0	0	0	1015.28	16.81	15.24	345.88	4.88	1.81
1696066200.0	0.19	0.19	56.0	15.31	91.0	0	0	1015.3	16.81	15.24	345.88	4.88	1.81
1696066260.0	0.19	0.19	55.6	15.31	91.0	0	0	1015.32	16.79	15.24	345.88	4.88	1.81
1696066320.0	0.19	0.19	55.2	15.31	91.0	0	0	1015.33	16.76	15.24	345.88	4.88	1.81
1696066380.0	0.19	0.19	54.8	15.31	91.0	0	0	1015.35	16.74	15.24	346.31	4.88	1.81
1696066440.0	0.19	0.19	54.4	15.31	91.0	0	0	1015.37	16.71	15.24	346.31	4.88	1.81
1696066500.0	0.19	0.19	54.0	15.31	91.0	0	0	1015.38	16.69	15.24	346.31	4.88	1.81
1696066560.0	0.19	0.19	53.6	15.29	91.0	0	0	1015.4	16.69	15.24	346.31	4.9	1.83
1696066620.0	0.19	0.19	53.2	15.26	91.0	0	0	1015.42	16.69	15.24	346.31	4.93	1.84
1696066680.0	0.19	0.19	52.8	15.24	91.0	0	0	1015.44	16.69	15.24	346.69	4.95	1.85
1696066740.0	0.19	0.19	52.4	15.21	91.0	0	0	1015.45	16.69	15.24	346.69	4.97	1.86
1696066800.0	0.19	0.19	52.0	15.19	91.0	0	0	1015.47	16.69	15.24	346.69	5.0	1.88
1696066860.0	0.19	0.19	51.6	15.19	91.0	0	0	1015.49	16.69	15.24	346.69	5.0	1.88
1696066920.0	0.19	0.19	51.2	15.19	91.0	0	0	1015.51	16.69	15.24	346.69	5.0	1.88
1696066980.0	0.19	0.19	50.8	15.19	91.0	0	0	1015.52	16.69	15.23	347.0	5.0	1.88
1696067040.0	0.19	0.19	50.4	15.19	91.0	0	0	1015.54	16.69	15.23	347.0	5.0	1.88
1696067100.0	0.19	0.19	50.0	15.19	91.0	0	0	1015.56	16.69	15.23	347.0	5.0	1.88
1696067160.0	0.19	0.19	49.6	15.19	91.0	0	0	1015.58	16.69	15.23	347.0	5.0	1.88
1696067220.0	0.19	0.19	49.2	15.19	91.0	0	0	1015.59	16.69	15.23	347.0	5.0	1.88
1696067280.0	0.19		48.8	15.19	91.0	0	0	1015.61	16.69	15.23	347.31	5.0	1.88
1696067340.0	0.19		48.4	15.19	91.0	0	0	1015.63	16.69	15.23	347.31	5.0	1.88
1696067400.0	0.19		48.0	15.19	91.0	0	0	1015.65	16.69	15.23	347.31	5.0	1.88
1696067460.0	0.19		47.6	15.19	91.0	0	0	1015.66	16.68	15.23	347.31	5.0	1.9
1696067520.0	0.19		47.2	15.19	91.0	0	0	1015.68	16.66	15.23	347.31	5.0	1.93
1696067580.0	0.19		46.8	15.19	91.0	0	0	1015.7	16.65	15.23	347.63	5.0	1.95
1696067640.0	0.19		46.4	15.19	91.0	0	0	1015.72	16.64	15.23	347.63	5.0	1.98
1696067700.0	0.19		46.0	15.19	91.0	0	0	1015.73	16.63	15.23	347.63	5.0	2.0
1696067760.0	0.19		45.6	15.19	91.0	0	0	1015.75	16.63	15.23	347.63	5.0	2.04
1696067820.0	0.19		45.2	15.19	91.0	0	0	1015.77	16.63	15.22	347.63	5.0	2.08
1696067880.0	0.18		44.8	15.19	91.0	0	0	1015.79	16.63	15.22	347.88	5.0	2.11
1696067940.0	0.18		44.4	15.19	91.0	0	0	1015.8	16.63	15.22	347.88	5.0	2.15
1696068000.0	0.18		44.0	15.19	91.0	0	0	1015.82	16.63	15.22	347.88	5.0	2.19
1696068060.0	0.18		45.0	15.19	91.0	0	0	1015.82	16.63	15.23	347.88	5.03	2.19
1696068120.0	0.18		46.0	15.19	91.0	0	0	1015.82	16.63	15.23	347.88	5.05	2.19
1696068180.0	0.18		47.0	15.19	91.0	0	0	1015.82	16.63	15.23	348.5	5.08	2.19
1696068240.0	0.18		48.0	15.19	91.0	0	0	1015.82	16.63	15.23	348.5	5.1	2.19
1696068300.0	0.18		49.0	15.19	91.0	0	0	1015.82	16.63	15.24	348.5	5.13	2.19
1696068360.0	0.18		49.8	15.19	91.0	0	0	1015.82	16.63	15.24	348.5	5.14	2.21
1696068420.0	0.18		50.6	15.19	91.0	0	0	1015.82	16.63	15.24	348.5	5.15	2.24
1696068480.0	0.18	0.18	51.4	15.19	91.0	0	0	1015.82	16.63	15.24	349.0	5.16	2.26
1696068540.0	0.18	0.18	52.2	15.19	91.0	0	0	1015.82	16.63	15.25	349.0	5.18	2.29
1696068600.0	0.18	0.18	53.0	15.19	91.0	0	0	1015.82	16.63	15.25	349.0	5.19	2.31
1696068660.0	0.18	0.18	54.0	15.19	91.0	0	0	1015.82	16.64	15.25	349.0	5.21	2.31
1696068720.0	0.18	0.18	55.0	15.19	91.0	0	0	1015.82	16.65	15.25	349.0	5.24	2.31
1696068780.0	0.18	0.18	56.0	15.19	91.0	0	0	1015.82	16.66	15.26	349.5	5.26	2.31
1696068840.0	0.18	0.18	57.0	15.19	91.0	0	0	1015.82	16.68	15.26	349.5	5.29	2.31
1696068900.0	0.18	0.18	58.0	15.19	91.0	0	0	1015.81	16.69	15.26	349.5	5.31	2.31
1696068960.0	0.18	0.18	56.8	15.18	91.2	0	0	1015.81	16.65	15.26	349.5	5.33	2.13
1696069020.0	0.18	0.18	55.6	15.16	91.4	0	0	1015.81	16.61	15.27	349.5	5.34	1.94
1696069080.0	0.17	0.17	54.4	15.15	91.6	0	0	1015.81	16.58	15.27	3.31	5.35	1.75
1696069140.0	0.17	0.17	53.2	15.14	91.8	0	0	1015.81	16.54	15.27	3.31	5.36	1.56
1696069200.0	0.17	0.17	52.0	15.13	92.0	0	0	1015.81	16.5	15.27	3.31	5.38	1.38
1696069260.0	0.17	0.17	52.8	15.13	91.8	0	0	1015.81	16.5	15.28	3.31	5.4	1.38
1696069320.0	0.17	0.17	53.6	15.13	91.6	0	0	1015.81	16.5	15.28	3.31	5.43	1.38
1696069380.0	0.18	0.18	54.4	15.13	91.4	0	0	1015.81	16.5	15.28	3.81	5.45	1.38
1696069440.0	0.18	0.18	55.2	15.13	91.2	0	0	1015.81	16.5	15.28	3.81	5.48	1.38
1696069500.0	0.18	0.18	56.0	15.13	91.0	0	0	1015.81	16.5	15.29	3.81	5.5	1.38
1696069560.0	0.18	0.18	54.8	15.14	91.4	0	0	1015.81	16.48	15.19	3.81	5.53	1.34
1696069620.0	0.18	0.18	53.6	15.15	91.8	0	0	1015.81	16.45	15.1	3.81	5.55	1.3
1696069680.0	0.15		52.4	15.16	92.2	0	0	1015.81	16.43	15.0	4.5	5.58	1.26
1696069740.0	0.15		51.2	15.18	92.6	0	0	1015.81	16.4	14.91	4.5	5.6	1.23
1696069800.0	0.15		50.0	15.19	93.0	0	0	1015.81	16.38	14.82	4.5	5.63	1.19
1696069860.0	0.15		50.4	15.19	93.0	0	0	1015.81	16.38	14.82	4.5	5.58	1.19
1696069920.0	0.15		50.8	15.19	93.0	0	0	1015.81	16.38	14.81	4.5	5.53	1.19
1696069980.0	0.15	0.15	51.2	15.19	93.0	0	0	1015.81	16.38	14.81	4.19	5.48	1.19
1696070040.0	0.15	0.15	51.6	15.19	93.0	0	0	1015.81	16.38	14.81	4.19	5.43	1.19
1696070100.0	0.15	0.15	52.0	15.19	93.0	0	0	1015.81	16.38	14.81	4.19	5.38	1.19
1696070160.0	0.15	0.15	49.6	15.18	93.4	0	0	1015.8	16.26	14.81	4.19	5.36	1.19
1696070220.0	0.15	0.15	47.2	15.16	93.8	0	0	1015.8	16.15	14.8	4.19	5.35	1.19
1696070280.0	0.09		44.8	15.15	94.2	0	0	1015.8	16.04	14.8	4.0	5.34	1.19
1696070340.0	0.09		42.4	15.14	94.6	0	0	1015.8	15.93	14.8	4.0	5.33	1.19
1696070400.0	0.09		40.0	15.13	95.0	0	0	1015.8	15.81	14.8	4.0	5.31	1.19
1696070460.0	0.09		40.4	15.13	95.0	0	0	1015.8	15.81	14.8	4.0	5.29	1.21
1696070520.0	0.09		40.8	15.13	95.0	0	0	1015.8	15.81	14.8	4.0	5.26	1.24
1696070580.0	0.09		41.2	15.13	95.0	0	0	1015.8	15.81	14.79	3.81	5.24	1.26
1696070640.0	0.09		41.6	15.13	95.0	0	0	1015.8	15.81	14.79	3.81	5.21	1.29
1696070700.0	0.09		42.0	15.13	95.0	0	0	1015.8	15.81	14.79	3.81	5.19	1.31
1696070760.0	0.09		42.2	15.1	95.0	0	0	1015.8	15.81	14.79	3.81	5.15	1.31
1696070820.0	0.09		42.4	15.08	95.0	0	0	1015.8	15.81	14.79	3.81	5.11	1.31
1696070880.0	0.09		42.6	15.05	95.0	0	0	1015.8	15.81	14.78	3.5	5.08	1.31
1696070940.0	0.09		42.8	15.03	95.0	0	0	1015.8	15.81	14.78	3.5	5.04	1.31
1696071000.0	0.09		43.0	15.0	95.0	0	0	1015.8	15.81	14.78	3.5	5.0	1.31
1696071060.0	0.09		43.4	15.0	95.2	0	0	1015.8	15.79	14.78	3.5	4.97	1.31
1696071120.0	0.09		43.8	15.0	95.4	0	0	1015.8	15.76	14.78	3.5	4.95	1.31
1696071180.0	0.09		44.2	15.0	95.6	0	0	1015.8	15.74	14.77	3.31	4.93	1.31
1696071240.0	0.09		44.6	15.0	95.8	0	0	1015.8	15.71	14.77	3.31	4.9	1.31
1696071300.0	0.09		45.0	15.0	96.0	0	0	1015.8	15.69	14.77	3.31	4.88	1.31
1696071360.0	0.09		45.0	15.0	96.0	0	0	1015.79	15.69	14.77	3.31	4.88	1.31
1696071420.0	0.09		45.0	15.0	96.0	0	0	1015.79	15.69	14.77	3.31	4.88	1.31
1696071480.0	0.09		45.0	15.0	96.0	0	0	1015.79	15.69	14.77	3.31	4.88	1.31
1696071540.0	0.09		45.0	15.0	96.0	0	0	1015.79	15.69	14.77	3.31	4.88	1.31
1696071600.0	0.09		45.0	15.0	96.0	0	0	1015.79	15.69	14.77	3.31	4.88	1.31
