timestamp	cloud-base	cloud-ceiling	cloud-cover	dew-point	humidity	precipitation-intensity	precipitation-type	pressure-surface-level	temperature	visibility	wind-direction	wind-gust	wind-speed
1696158000.0			0.0	14.0	95.0	0	0	1018.3	14.88	13.93	350.31	6.88	2.31
1696158060.0			0.0	14.0	94.8	0	0	1018.3	14.88	13.93	350.31	6.9	2.31
1696158120.0			0.0	14.0	94.6	0	0	1018.3	14.88	13.94	350.31	6.93	2.31
1696158180.0			0.0	14.0	94.4	0	0	1018.3	14.88	13.94	350.69	6.95	2.31
1696158240.0			0.0	14.0	94.2	0	0	1018.3	14.88	13.95	350.69	6.98	2.31
1696158300.0			0.0	14.0	94.0	0	0	1018.31	14.88	13.95	350.69	7.0	2.31
1696158360.0			0.0	14.0	94.0	0	0	1018.31	14.9	13.95	350.69	7.0	2.31
1696158420.0			0.0	14.0	94.0	0	0	1018.31	14.93	13.96	350.69	7.0	2.31
1696158480.0			0.0	14.0	94.0	0	0	1018.31	14.95	13.96	351.19	7.0	2.31
1696158540.0			0.0	14.0	94.0	0	0	1018.31	14.98	13.96	351.19	7.0	2.31
1696158600.0			0.0	14.0	94.0	0	0	1018.31	15.0	13.97	351.19	7.0	2.31
1696158660.0			0.0	14.0	94.0	0	0	1018.31	15.0	13.97	351.19	7.0	2.31
1696158720.0			0.0	14.0	94.0	0	0	1018.31	15.0	13.97	351.19	7.0	2.31
1696158780.0			0.0	14.0	94.0	0	0	1018.32	15.0	13.98	351.81	7.0	2.31
1696158840.0			0.0	14.0	94.0	0	0	1018.32	15.0	13.98	351.81	7.0	2.31
1696158900.0			0.0	14.0	94.0	0	0	1018.32	15.0	13.99	351.81	7.0	2.31
1696158960.0			0.0	14.03	93.8	0	0	1018.32	15.03	13.71	351.81	7.03	2.31
1696159020.0			0.0	14.05	93.6	0	0	1018.32	15.05	13.43	351.81	7.05	2.31
1696159080.0			0.0	14.08	93.4	0	0	1018.32	15.08	13.15	352.31	7.08	2.31
1696159140.0			0.0	14.1	93.2	0	0	1018.32	15.1	12.87	352.31	7.1	2.31
1696159200.0			0.0	14.13	93.0	0	0	1018.32	15.13	12.59	352.31	7.13	2.31
1696159260.0			0.0	14.13	93.0	0	0	1018.33	15.14	12.59	352.31	7.13	2.31
1696159320.0			0.0	14.13	93.0	0	0	1018.33	15.15	12.59	352.31	7.13	2.31
1696159380.0			0.0	14.13	93.0	0	0	1018.33	15.16	12.6	352.81	7.13	2.31
1696159440.0			0.0	14.13	93.0	0	0	1018.33	15.18	12.6	352.81	7.13	2.31
1696159500.0			0.0	14.13	93.0	0	0	1018.33	15.19	12.61	352.81	7.13	2.31
1696159560.0			0.0	14.13	93.0	0	0	1018.33	15.19	12.61	352.81	7.13	2.31
1696159620.0			0.0	14.13	93.0	0	0	1018.33	15.19	12.61	352.81	7.13	2.31
1696159680.0			0.0	14.13	93.0	0	0	1018.33	15.19	12.62	353.38	7.13	2.31
1696159740.0			0.0	14.13	93.0	0	0	1018.33	15.19	12.62	353.38	7.13	2.31
1696159800.0			0.0	14.13	93.0	0	0	1018.34	15.19	12.62	353.38	7.13	2.31
1696159860.0			0.0	14.13	93.0	0	0	1018.34	15.19	12.63	353.38	7.14	2.31
1696159920.0			0.0	14.13	93.0	0	0	1018.34	15.19	12.63	353.38	7.15	2.31
1696159980.0			0.0	14.13	93.0	0	0	1018.34	15.19	12.63	353.88	7.16	2.31
1696160040.0			0.0	14.13	93.0	0	0	1018.34	15.19	12.64	353.88	7.18	2.31
1696160100.0			0.0	14.13	93.0	0	0	1018.34	15.19	12.64	353.88	7.19	2.31
1696160160.0			0.0	14.16	93.0	0	0	1018.34	15.23	12.93	353.88	7.19	2.31
1696160220.0			0.0	14.2	93.0	0	0	1018.34	15.26	13.22	353.88	7.19	2.31
1696160280.0			0.0	14.24	93.0	0	0	1018.35	15.3	13.5	354.38	7.19	2.31
1696160340.0			0.0	14.28	93.0	0	0	1018.35	15.34	13.79	354.38	7.19	2.31
1696160400.0			0.0	14.31	93.0	0	0	1018.35	15.38	14.08	354.38	7.19	2.31
1696160460.0			0.0	14.31	93.0	0	0	1018.35	15.4	14.08	354.38	7.19	2.31
1696160520.0			0.0	14.31	93.0	0	0	1018.35	15.43	14.09	354.38	7.19	2.31
1696160580.0			0.0	14.31	93.0	0	0	1018.35	15.45	14.09	355.0	7.19	2.31
1696160640.0			0.0	14.31	93.0	0	0	1018.35	15.48	14.09	355.0	7.19	2.31
1696160700.0			0.0	14.31	93.0	0	0	1018.35	15.5	14.1	355.0	7.19	2.31
1696160760.0			0.0	14.31	93.0	0	0	1018.36	15.5	14.12	355.0	7.09	2.29
1696160820.0			0.0	14.31	93.0	0	0	1018.36	15.5	14.13	355.0	6.99	2.26
1696160880.0			0.0	14.31	93.0	0	0	1018.36	15.5	14.15	355.0	6.89	2.24
1696160940.0			0.0	14.31	93.0	0	0	1018.36	15.5	14.17	355.0	6.79	2.21
1696161000.0			0.0	14.31	93.0	0	0	1018.36	15.5	14.19	355.0	6.69	2.19
1696161060.0			0.0	14.31	92.8	0	0	1018.36	15.5	14.19	355.0	6.69	2.19
1696161120.0			0.0	14.31	92.6	0	0	1018.36	15.5	14.2	355.0	6.69	2.19
1696161180.0			0.0	14.31	92.4	0	0	1018.36	15.5	14.21	355.38	6.69	2.19
1696161240.0			0.0	14.31	92.2	0	0	1018.37	15.5	14.21	355.38	6.69	2.19
1696161300.0			0.0	14.31	92.0	0	0	1018.37	15.5	14.22	355.38	6.69	2.19
1696161360.0			0.0	14.38	92.2	0	0	1018.37	15.56	14.58	355.38	6.71	2.33
1696161420.0			0.0	14.44	92.4	0	0	1018.37	15.63	14.93	355.38	6.74	2.46
1696161480.0			0.0	14.5	92.6	0	0	1018.37	15.69	15.29	1.38	6.76	2.6
1696161540.0			0.0	14.56	92.8	0	0	1018.37	15.75	15.64	1.38	6.79	2.74
1696161600.0			0.0	14.63	93.0	0	0	1018.37	15.81	16.0	1.38	6.81	2.88
1696161660.0			0.0	14.63	93.0	0	0	1018.38	15.81	16.0	1.38	6.83	2.88
1696161720.0			0.0	14.63	93.0	0	0	1018.39	15.81	16.0	1.38	6.84	2.88
1696161780.0			0.0	14.63	93.0	0	0	1018.39	15.81	16.0	1.69	6.85	2.88
1696161840.0			0.0	14.63	93.0	0	0	1018.4	15.81	16.0	1.69	6.86	2.88
1696161900.0			0.0	14.63	93.0	0	0	1018.41	15.81	16.0	1.69	6.88	2.88
1696161960.0			0.0	14.63	93.0	0	0	1018.42	15.83	16.0	1.69	6.93	2.88
1696162020.0			0.0	14.63	93.0	0	0	1018.42	15.84	16.0	1.69	6.98	2.88
1696162080.0			0.0	14.63	93.0	0	0	1018.43	15.85	16.0	2.13	7.03	2.88
1696162140.0			0.0	14.63	93.0	0	0	1018.44	15.86	16.0	2.13	7.08	2.88
1696162200.0			0.0	14.63	93.0	0	0	1018.44	15.88	16.0	2.13	7.13	2.88
1696162260.0			0.0	14.63	92.8	0	0	1018.45	15.9	16.0	2.13	7.16	2.88
1696162320.0			0.0	14.63	92.6	0	0	1018.46	15.93	16.0	2.13	7.2	2.88
1696162380.0			0.0	14.63	92.4	0	0	1018.47	15.95	16.0	2.38	7.24	2.88
1696162440.0			0.0	14.63	92.2	0	0	1018.47	15.98	16.0	2.38	7.28	2.88
1696162500.0			0.0	14.63	92.0	0	0	1018.48	16.0	16.0	2.38	7.31	2.88
1696162560.0			0.0	14.73	91.8	0	0	1018.49	16.14	16.0	2.38	7.35	2.88
1696162620.0			0.0	14.83	91.6	0	0	1018.49	16.27	16.0	2.38	7.39	2.88
1696162680.0			0.0	14.93	91.4	0	0	1018.5	16.41	16.0	358.38	7.43	2.88
1696162740.0			0.0	15.03	91.2	0	0	1018.51	16.55	16.0	358.38	7.46	2.88
1696162800.0			0.0	15.13	91.0	0	0	1018.52	16.69	16.0	358.38	7.5	2.88
1696162860.0			0.0	15.13	91.0	0	0	1018.52	16.71	16.0	358.38	7.54	2.88
1696162920.0			0.0	15.13	91.0	0	0	1018.53	16.74	16.0	358.38	7.58	2.88
1696162980.0			0.0	15.13	91.0	0	0	1018.54	16.76	16.0	358.81	7.61	2.88
1696163040.0			0.0	15.13	91.0	0	0	1018.54	16.79	16.0	358.81	7.65	2.88
1696163100.0			0.0	15.13	91.0	0	0	1018.55	16.81	16.0	358.81	7.69	2.88
1696163160.0			0.2	15.13	91.0	0	0	1018.56	16.81	15.99	358.81	7.83	2.84
1696163220.0			0.4	15.13	91.0	0	0	1018.56	16.81	15.98	358.81	7.96	2.8
1696163280.0			0.6	15.13	91.0	0	0	1018.57	16.81	15.97	357.19	8.1	2.76
1696163340.0			0.8	15.13	91.0	0	0	1018.58	16.81	15.95	357.19	8.24	2.73
1696163400.0			1.0	15.13	91.0	0	0	1018.59	16.81	15.94	357.19	8.38	2.69
1696163460.0			1.0	15.14	90.8	0	0	1018.59	16.83	15.95	357.19	8.4	2.71
1696163520.0			1.0	15.15	90.6	0	0	1018.6	16.84	15.95	357.19	8.43	2.74
1696163580.0			1.0	15.16	90.4	0	0	1018.61	16.85	15.95	358.0	8.45	2.76
1696163640.0			1.0	15.18	90.2	0	0	1018.61	16.86	15.95	358.0	8.48	2.79
1696163700.0			1.0	15.19	90.0	0	0	1018.62	16.88	15.96	358.0	8.5	2.81
1696163760.0			1.0	15.23	89.4	0	0	1018.63	17.02	15.96	358.0	8.53	2.81
1696163820.0			1.0	15.26	88.8	0	0	1018.64	17.18	15.96	358.0	8.55	2.81
1696163880.0			1.0	15.3	88.2	0	0	1018.64	17.33	15.97	349.88	8.57	2.81
1696163940.0			1.0	15.34	87.6	0	0	1018.65	17.48	15.97	349.88	8.6	2.81
1696164000.0			1.0	15.38	87.0	0	0	1018.66	17.63	15.98	349.88	8.63	2.81
1696164060.0			0.8	15.38	87.0	0	0	1018.66	17.64	15.98	349.88	8.64	2.81
1696164120.0			0.6	15.38	87.0	0	0	1018.67	17.65	15.98	349.88	8.65	2.81
1696164180.0			0.4	15.38	87.0	0	0	1018.68	17.66	15.99	350.63	8.66	2.81
1696164240.0			0.2	15.38	87.0	0	0	1018.69	17.68	15.99	350.63	8.68	2.81
1696164300.0			0.0	15.38	87.0	0	0	1018.69	17.69	15.99	350.63	8.69	2.81
1696164360.0			0.0	15.4	86.8	0	0	1018.7	17.71	15.99	350.63	8.71	2.83
1696164420.0			0.0	15.43	86.6	0	0	1018.71	17.74	16.0	350.63	8.74	2.84
1696164480.0			0.0	15.45	86.4	0	0	1018.71	17.76	16.0	351.31	8.76	2.85
1696164540.0			0.0	15.48	86.2	0	0	1018.72	17.79	16.0	351.31	8.79	2.86
1696164600.0			0.0	15.5	86.0	0	0	1018.73	17.81	16.0	351.31	8.81	2.88
1696164660.0			0.0	15.5	86.0	0	0	1018.74	17.83	16.0	351.31	8.82	2.88
1696164720.0			0.0	15.5	86.0	0	0	1018.74	17.84	16.0	351.31	8.84	2.88
1696164780.0			0.0	15.5	86.0	0	0	1018.75	17.85	16.0	352.0	8.85	2.88
1696164840.0			0.0	15.5	86.0	0	0	1018.76	17.86	16.0	352.0	8.86	2.88
1696164900.0			0.0	15.5	86.0	0	0	1018.76	17.88	16.0	352.0	8.88	2.88
1696164960.0			0.0	15.48	85.0	0	0	1018.77	18.02	16.0	352.0	8.93	2.96
1696165020.0			0.0	15.45	84.0	0	0	1018.78	18.18	16.0	352.0	8.98	3.05
1696165080.0			0.0	15.43	83.0	0	0	1018.78	18.33	16.0	357.0	9.03	3.14
1696165140.0			0.0	15.4	82.0	0	0	1018.79	18.48	16.0	357.0	9.07	3.23
1696165200.0			0.0	15.38	81.0	0	0	1018.8	18.63	16.0	357.0	9.13	3.31
1696165260.0			0.0	15.38	81.0	0	0	1018.79	18.64	16.0	357.0	9.1	3.29
1696165320.0			0.0	15.38	81.0	0	0	1018.78	18.65	16.0	357.0	9.07	3.26
1696165380.0			0.0	15.38	81.0	0	0	1018.78	18.66	16.0	357.31	9.05	3.24
1696165440.0			0.0	15.38	81.0	0	0	1018.77	18.68	16.0	357.31	9.03	3.21
1696165500.0			0.0	15.38	81.0	0	0	1018.76	18.69	16.0	357.31	9.0	3.19
1696165560.0			0.0	15.38	81.0	0	0	1018.75	18.71	16.0	357.31	8.98	3.19
1696165620.0			0.0	15.38	81.0	0	0	1018.74	18.74	16.0	357.31	8.95	3.19
1696165680.0			0.0	15.38	81.0	0	0	1018.74	18.76	16.0	357.63	8.93	3.19
1696165740.0			0.0	15.38	81.0	0	0	1018.73	18.79	16.0	357.63	8.9	3.19
1696165800.0			0.0	15.38	81.0	0	0	1018.72	18.81	16.0	357.63	8.88	3.19
1696165860.0			0.0	15.38	80.8	0	0	1018.71	18.83	16.0	357.63	8.86	3.19
1696165920.0			0.0	15.38	80.6	0	0	1018.7	18.84	16.0	357.63	8.85	3.19
1696165980.0			0.0	15.38	80.4	0	0	1018.7	18.85	16.0	357.88	8.84	3.19
1696166040.0			0.0	15.38	80.2	0	0	1018.69	18.86	16.0	357.88	8.82	3.19
1696166100.0			0.0	15.38	80.0	0	0	1018.68	18.88	16.0	357.88	8.81	3.19
1696166160.0			0.0	15.34	79.0	0	0	1018.67	18.98	16.0	357.88	8.79	3.23
1696166220.0			0.0	15.3	78.0	0	0	1018.66	19.08	16.0	357.88	8.76	3.26
1696166280.0			0.0	15.26	77.0	0	0	1018.66	19.18	16.0	7.13	8.74	3.3
1696166340.0			0.0	15.23	76.0	0	0	1018.65	19.27	16.0	7.13	8.71	3.34
1696166400.0			0.0	15.19	75.0	0	0	1018.64	19.38	16.0	7.13	8.69	3.38
1696166460.0			0.0	15.19	75.0	0	0	1018.63	19.4	16.0	7.13	8.68	3.38
1696166520.0			0.0	15.19	75.0	0	0	1018.62	19.43	16.0	7.13	8.66	3.38
1696166580.0			0.0	15.19	75.0	0	0	1018.62	19.45	16.0	7.38	8.65	3.38
1696166640.0			0.0	15.19	75.0	0	0	1018.61	19.48	16.0	7.38	8.64	3.38
1696166700.0			0.0	15.19	75.0	0	0	1018.6	19.5	16.0	7.38	8.63	3.38
1696166760.0			0.0	15.29	75.4	0	0	1018.59	19.56	16.0	7.38	8.38	3.33
1696166820.0			0.0	15.39	75.8	0	0	1018.58	19.63	16.0	7.38	8.13	3.28
1696166880.0			0.0	15.49	76.2	0	0	1018.58	19.69	16.0	6.19	7.88	3.23
1696166940.0			0.0	15.59	76.6	0	0	1018.57	19.75	16.0	6.19	7.63	3.18
1696167000.0			0.0	15.69	77.0	0	0	1018.56	19.81	16.0	6.19	7.38	3.13
1696167060.0			0.0	15.69	76.8	0	0	1018.55	19.83	16.0	6.19	7.36	3.13
1696167120.0			0.0	15.69	76.6	0	0	1018.54	19.84	16.0	6.19	7.35	3.13
1696167180.0			0.0	15.69	76.4	0	0	1018.54	19.85	16.0	6.81	7.34	3.13
1696167240.0			0.0	15.69	76.2	0	0	1018.53	19.86	16.0	6.81	7.33	3.13
1696167300.0			0.0	15.69	76.0	0	0	1018.52	19.88	16.0	6.81	7.31	3.13
1696167360.0			0.0	15.68	75.6	0	0	1018.51	19.96	16.0	6.81	7.29	3.18
1696167420.0			0.0	15.66	75.2	0	0	1018.5	20.05	16.0	6.81	7.26	3.23
1696167480.0			0.0	15.65	74.8	0	0	1018.5	20.14	16.0	8.13	7.24	3.28
1696167540.0			0.0	15.64	74.4	0	0	1018.49	20.23	16.0	8.13	7.21	3.33
1696167600.0			0.0	15.63	74.0	0	0	1018.48	20.31	16.0	8.13	7.19	3.38
1696167660.0			0.0	15.63	74.0	0	0	1018.47	20.31	16.0	8.13	7.18	3.38
1696167720.0			0.0	15.63	74.0	0	0	1018.47	20.31	16.0	8.13	7.16	3.38
1696167780.0			0.0	15.63	74.0	0	0	1018.46	20.31	16.0	8.63	7.15	3.38
1696167840.0			0.0	15.63	74.0	0	0	1018.45	20.31	16.0	8.63	7.14	3.38
1696167900.0			0.0	15.63	74.0	0	0	1018.44	20.31	16.0	8.63	7.13	3.38
1696167960.0			0.0	15.63	73.8	0	0	1018.43	20.33	16.0	8.63	7.1	3.38
1696168020.0			0.0	15.63	73.6	0	0	1018.43	20.34	16.0	8.63	7.08	3.38
1696168080.0			0.0	15.63	73.4	0	0	1018.42	20.35	16.0	8.31	7.05	3.38
1696168140.0			0.0	15.63	73.2	0	0	1018.41	20.36	16.0	8.31	7.03	3.38
1696168200.0			0.0	15.63	73.0	0	0	1018.4	20.38	16.0	8.31	7.0	3.38
1696168260.0			0.0	15.64	73.0	0	0	1018.39	20.4	16.0	8.31	6.98	3.38
1696168320.0			0.0	15.65	73.0	0	0	1018.39	20.43	16.0	8.31	6.95	3.38
1696168380.0			0.0	15.66	73.0	0	0	1018.38	20.45	16.0	8.81	6.93	3.38
1696168440.0			0.0	15.68	73.0	0	0	1018.37	20.48	16.0	8.81	6.9	3.38
1696168500.0			0.0	15.69	73.0	0	0	1018.36	20.5	16.0	8.81	6.88	3.38
1696168560.0			0.0	15.71	72.8	0	0	1018.35	20.56	16.0	8.81	6.88	3.38
1696168620.0			0.0	15.74	72.6	0	0	1018.35	20.63	16.0	8.81	6.88	3.38
1696168680.0			0.0	15.76	72.4	0	0	1018.34	20.69	16.0	5.81	6.88	3.38
1696168740.0			0.0	15.79	72.2	0	0	1018.33	20.75	16.0	5.81	6.88	3.38
1696168800.0			0.0	15.81	72.0	0	0	1018.32	20.81	16.0	5.81	6.88	3.38
1696168860.0			0.0	15.81	72.0	0	0	1018.32	20.83	16.0	5.81	6.86	3.38
1696168920.0			0.0	15.81	72.0	0	0	1018.33	20.84	16.0	5.81	6.85	3.38
1696168980.0			0.0	15.81	72.0	0	0	1018.33	20.85	16.0	5.81	6.84	3.38
1696169040.0			0.0	15.81	72.0	0	0	1018.33	20.86	16.0	5.81	6.83	3.38
1696169100.0			0.0	15.81	72.0	0	0	1018.34	20.88	16.0	5.81	6.81	3.38
1696169160.0			0.0	15.81	71.8	0	0	1018.34	20.9	16.0	5.81	6.79	3.38
1696169220.0			0.0	15.81	71.6	0	0	1018.34	20.93	16.0	5.81	6.76	3.38
1696169280.0			0.0	15.81	71.4	0	0	1018.35	20.95	16.0	4.88	6.74	3.38
1696169340.0			0.0	15.81	71.2	0	0	1018.35	20.98	16.0	4.88	6.71	3.38
1696169400.0			0.0	15.81	71.0	0	0	1018.35	21.0	16.0	4.88	6.69	3.38
1696169460.0			0.0	15.81	70.8	0	0	1018.35	21.06	16.0	4.88	6.68	3.33
1696169520.0			0.0	15.81	70.6	0	0	1018.36	21.13	16.0	4.88	6.66	3.28
1696169580.0			0.0	15.81	70.4	0	0	1018.36	21.19	16.0	9.31	6.65	3.23
1696169640.0			0.0	15.81	70.2	0	0	1018.36	21.25	16.0	9.31	6.64	3.18
1696169700.0			0.0	15.81	70.0	0	0	1018.37	21.31	16.0	9.31	6.63	3.13
1696169760.0			0.0	15.81	69.8	0	0	1018.37	21.33	16.0	9.31	6.6	3.13
1696169820.0			0.0	15.81	69.6	0	0	1018.37	21.34	16.0	9.31	6.58	3.13
1696169880.0			0.0	15.81	69.4	0	0	1018.38	21.35	16.0	9.31	6.55	3.13
1696169940.0			0.0	15.81	69.2	0	0	1018.38	21.36	16.0	9.31	6.53	3.13
1696170000.0			0.0	15.81	69.0	0	0	1018.38	21.38	16.0	9.31	6.5	3.13
1696170060.0			0.4	15.83	69.2	0	0	1018.38	21.4	16.0	9.31	6.58	3.13
1696170120.0			0.8	15.84	69.4	0	0	1018.39	21.43	16.0	9.31	6.65	3.13
1696170180.0			1.2	15.85	69.6	0	0	1018.39	21.45	16.0	11.69	6.73	3.13
1696170240.0			1.6	15.86	69.8	0	0	1018.39	21.48	16.0	11.69	6.8	3.13
1696170300.0			2.0	15.88	70.0	0	0	1018.4	21.5	16.0	11.69	6.88	3.13
1696170360.0			2.0	15.88	70.0	0	0	1018.4	21.5	16.0	11.69	6.88	3.13
1696170420.0			2.0	15.88	70.0	0	0	1018.4	21.5	16.0	11.69	6.88	3.13
1696170480.0			2.0	15.88	70.0	0	0	1018.4	21.5	16.0	12.81	6.88	3.13
1696170540.0			2.0	15.88	70.0	0	0	1018.41	21.5	16.0	12.81	6.88	3.13
1696170600.0			2.0	15.88	70.0	0	0	1018.41	21.5	16.0	12.81	6.88	3.13
1696170660.0			2.0	15.88	69.8	0	0	1018.41	21.53	16.0	12.81	6.86	3.13
1696170720.0			2.0	15.88	69.6	0	0	1018.42	21.55	16.0	12.81	6.85	3.13
1696170780.0			2.0	15.88	69.4	0	0	1018.42	21.58	16.0	13.0	6.84	3.13
1696170840.0			2.0	15.88	69.2	0	0	1018.42	21.6	16.0	13.0	6.83	3.13
1696170900.0			2.0	15.88	69.0	0	0	1018.43	21.63	16.0	13.0	6.81	3.13
1696170960.0			2.0	15.84	68.6	0	0	1018.43	21.7	16.0	13.0	6.79	3.16
1696171020.0			2.0	15.8	68.2	0	0	1018.43	21.78	16.0	13.0	6.76	3.2
1696171080.0			2.0	15.76	67.8	0	0	1018.43	21.85	16.0	13.31	6.74	3.24
1696171140.0			2.0	15.73	67.4	0	0	1018.44	21.93	16.0	13.31	6.71	3.28
1696171200.0			2.0	15.69	67.0	0	0	1018.44	22.0	16.0	13.31	6.69	3.31
1696171260.0			2.0	15.69	66.8	0	0	1018.44	22.0	16.0	13.31	6.68	3.31
1696171320.0			2.0	15.69	66.6	0	0	1018.45	22.0	16.0	13.31	6.66	3.31
1696171380.0			2.0	15.69	66.4	0	0	1018.45	22.0	16.0	13.5	6.65	3.31
1696171440.0			2.0	15.69	66.2	0	0	1018.45	22.0	16.0	13.5	6.64	3.31
1696171500.0			2.0	15.69	66.0	0	0	1018.45	22.0	16.0	13.5	6.63	3.31
1696171560.0			2.0	15.69	66.0	0	0	1018.46	22.03	16.0	13.5	6.6	3.33
1696171620.0			2.0	15.69	66.0	0	0	1018.46	22.05	16.0	13.5	6.58	3.34
1696171680.0			2.0	15.69	66.0	0	0	1018.46	22.08	16.0	13.69	6.55	3.35
1696171740.0			2.0	15.69	66.0	0	0	1018.47	22.1	16.0	13.69	6.53	3.36
1696171800.0			2.0	15.69	66.0	0	0	1018.47	22.13	16.0	13.69	6.5	3.38
1696171860.0			2.0	15.69	65.8	0	0	1018.47	22.2	16.0	13.69	6.48	3.43
1696171920.0			2.0	15.69	65.6	0	0	1018.48	22.28	16.0	13.69	6.45	3.48
1696171980.0			2.0	15.69	65.4	0	0	1018.48	22.35	16.0	18.38	6.43	3.53
1696172040.0			2.0	15.69	65.2	0	0	1018.48	22.43	16.0	18.38	6.4	3.58
1696172100.0			2.0	15.69	65.0	0	0	1018.48	22.5	16.0	18.38	6.38	3.63
1696172160.0			2.0	15.69	65.0	0	0	1018.49	22.5	16.0	18.38	6.38	3.63
1696172220.0			2.0	15.69	65.0	0	0	1018.49	22.5	16.0	18.38	6.38	3.63
1696172280.0			2.0	15.69	65.0	0	0	1018.49	22.5	16.0	18.63	6.38	3.63
1696172340.0			2.0	15.69	65.0	0	0	1018.5	22.5	16.0	18.63	6.38	3.63
1696172400.0			2.0	15.69	65.0	0	0	1018.5	22.5	16.0	18.63	6.38	3.63
1696172460.0			2.0	15.68	64.8	0	0	1018.49	22.53	16.0	18.63	6.38	3.63
1696172520.0			2.0	15.66	64.6	0	0	1018.48	22.55	16.0	18.63	6.38	3.63
1696172580.0			2.0	15.65	64.4	0	0	1018.47	22.58	16.0	18.38	6.38	3.63
1696172640.0			2.0	15.64	64.2	0	0	1018.46	22.6	16.0	18.38	6.38	3.63
1696172700.0			2.0	15.63	64.0	0	0	1018.46	22.63	16.0	18.38	6.38	3.63
1696172760.0			2.0	15.63	64.0	0	0	1018.45	22.63	16.0	18.38	6.36	3.63
1696172820.0			2.0	15.63	64.0	0	0	1018.44	22.63	16.0	18.38	6.35	3.63
1696172880.0			2.0	15.63	64.0	0	0	1018.43	22.63	16.0	18.13	6.34	3.63
1696172940.0			2.0	15.63	64.0	0	0	1018.42	22.63	16.0	18.13	6.33	3.63
1696173000.0			2.0	15.63	64.0	0	0	1018.41	22.63	16.0	18.13	6.31	3.63
1696173060.0			2.0	15.63	63.8	0	0	1018.4	22.64	16.0	18.13	6.31	3.63
1696173120.0			2.0	15.63	63.6	0	0	1018.39	22.65	16.0	18.13	6.31	3.63
1696173180.0			2.0	15.63	63.4	0	0	1018.39	22.66	16.0	17.88	6.31	3.63
1696173240.0			2.0	15.63	63.2	0	0	1018.38	22.68	16.0	17.88	6.31	3.63
1696173300.0			2.0	15.63	63.0	0	0	1018.37	22.69	16.0	17.88	6.31	3.63
1696173360.0			2.0	15.54	62.6	0	0	1018.36	22.75	16.0	17.88	6.29	3.58
1696173420.0			2.0	15.45	62.2	0	0	1018.35	22.81	16.0	17.88	6.26	3.53
1696173480.0			2.0	15.36	61.8	0	0	1018.34	22.88	16.0	17.63	6.24	3.48
1696173540.0			2.0	15.28	61.4	0	0	1018.33	22.94	16.0	17.63	6.21	3.43
1696173600.0			2.0	15.19	61.0	0	0	1018.32	23.0	16.0	17.63	6.19	3.38
1696173660.0			2.0	15.19	60.8	0	0	1018.32	23.0	16.0	17.63	6.18	3.38
1696173720.0			2.0	15.19	60.6	0	0	1018.31	23.0	16.0	17.63	6.16	3.38
1696173780.0			2.0	15.19	60.4	0	0	1018.3	23.0	16.0	17.38	6.15	3.38
1696173840.0			2.0	15.19	60.2	0	0	1018.29	23.0	16.0	17.38	6.14	3.38
1696173900.0			2.0	15.19	60.0	0	0	1018.28	23.0	16.0	17.38	6.13	3.38
1696173960.0			1.8	15.09	59.6	0	0	1018.27	23.06	16.0	17.38	6.18	3.4
1696174020.0			1.6	14.99	59.2	0	0	1018.26	23.13	16.0	17.38	6.23	3.43
1696174080.0			1.4	14.89	58.8	0	0	1018.25	23.19	16.0	15.38	6.28	3.45
1696174140.0			1.2	14.79	58.4	0	0	1018.24	23.25	16.0	15.38	6.33	3.48
1696174200.0			1.0	14.69	58.0	0	0	1018.24	23.31	16.0	15.38	6.38	3.5
1696174260.0			1.0	14.69	57.8	0	0	1018.23	23.31	16.0	15.38	6.38	3.5
1696174320.0			1.0	14.69	57.6	0	0	1018.22	23.31	16.0	15.38	6.38	3.5
1696174380.0			1.0	14.69	57.4	0	0	1018.21	23.31	16.0	15.0	6.38	3.5
1696174440.0			1.0	14.69	57.2	0	0	1018.2	23.31	16.0	15.0	6.38	3.5
1696174500.0			1.0	14.69	57.0	0	0	1018.19	23.31	16.0	15.0	6.38	3.5
1696174560.0			1.0	14.75	57.0	0	0	1018.18	23.38	16.0	15.0	6.38	3.63
1696174620.0			1.0	14.81	57.0	0	0	1018.17	23.44	16.0	15.0	6.38	3.75
1696174680.0			1.0	14.88	57.0	0	0	1018.17	23.5	16.0	0.63	6.38	3.88
1696174740.0			1.0	14.94	57.0	0	0	1018.16	23.56	16.0	0.63	6.38	4.0
1696174800.0			1.0	15.0	57.0	0	0	1018.15	23.63	16.0	0.63	6.38	4.13
1696174860.0			1.0	15.0	57.0	0	0	1018.14	23.64	16.0	0.63	6.4	4.14
1696174920.0			1.0	15.0	57.0	0	0	1018.13	23.65	16.0	0.63	6.43	4.15
1696174980.0			1.0	15.0	57.0	0	0	1018.12	23.66	16.0	0.13	6.45	4.16
1696175040.0			1.0	15.0	57.0	0	0	1018.11	23.68	16.0	0.13	6.48	4.18
1696175100.0			1.0	15.0	57.0	0	0	1018.1	23.69	16.0	0.13	6.5	4.19
1696175160.0			1.0	15.0	57.0	0	0	1018.1	23.69	16.0	0.13	6.48	4.19
1696175220.0			1.0	15.0	57.0	0	0	1018.09	23.69	16.0	0.13	6.45	4.19
1696175280.0			1.0	15.0	57.0	0	0	1018.08	23.69	16.0	359.0	6.43	4.19
1696175340.0			1.0	15.0	57.0	0	0	1018.07	23.69	16.0	359.0	6.4	4.19
1696175400.0			1.0	15.0	57.0	0	0	1018.06	23.69	16.0	359.0	6.38	4.19
1696175460.0			1.0	15.08	57.2	0	0	1018.05	23.73	16.0	359.0	6.38	4.09
1696175520.0			1.0	15.15	57.4	0	0	1018.04	23.76	16.0	359.0	6.38	3.99
1696175580.0			1.0	15.23	57.6	0	0	1018.03	23.8	16.0	350.5	6.38	3.89
1696175640.0			1.0	15.3	57.8	0	0	1018.03	23.84	16.0	350.5	6.38	3.79
1696175700.0			1.0	15.38	58.0	0	0	1018.02	23.88	16.0	350.5	6.38	3.69
1696175760.0			1.0	15.38	58.0	0	0	1018.01	23.9	16.0	350.5	6.38	3.71
1696175820.0			1.0	15.38	58.0	0	0	1018.0	23.93	16.0	350.5	6.38	3.74
1696175880.0			1.0	15.38	58.0	0	0	1017.99	23.95	16.0	350.13	6.38	3.76
1696175940.0			1.0	15.38	58.0	0	0	1017.98	23.98	16.0	350.13	6.38	3.79
1696176000.0			1.0	15.38	58.0	0	0	1017.97	24.0	16.0	350.13	6.38	3.81
1696176060.0			1.0	15.36	57.8	0	0	1017.97	24.0	16.0	350.13	6.38	3.79
1696176120.0			1.0	15.35	57.6	0	0	1017.96	24.0	16.0	350.13	6.38	3.76
1696176180.0			1.0	15.34	57.4	0	0	1017.96	24.0	16.0	350.31	6.38	3.74
1696176240.0			1.0	15.33	57.2	0	0	1017.95	24.0	16.0	350.31	6.38	3.71
1696176300.0			1.0	15.31	57.0	0	0	1017.95	24.0	16.0	350.31	6.38	3.69
1696176360.0			1.0	15.28	57.0	0	0	1017.94	24.03	16.0	350.31	6.38	3.71
1696176420.0			1.0	15.24	57.0	0	0	1017.94	24.05	16.0	350.31	6.38	3.74
1696176480.0			1.0	15.2	57.0	0	0	1017.93	24.08	16.0	351.19	6.38	3.76
1696176540.0			1.0	15.16	57.0	0	0	1017.93	24.1	16.0	351.19	6.38	3.79
1696176600.0			1.0	15.13	57.0	0	0	1017.92	24.13	16.0	351.19	6.38	3.81
1696176660.0			1.0	15.1	56.8	0	0	1017.92	24.13	16.0	351.19	6.38	3.81
1696176720.0			1.0	15.08	56.6	0	0	1017.91	24.13	16.0	351.19	6.38	3.81
1696176780.0			1.0	15.05	56.4	0	0	1017.91	24.13	16.0	351.38	6.38	3.81
1696176840.0			1.0	15.03	56.2	0	0	1017.9	24.13	16.0	351.38	6.38	3.81
1696176900.0			1.0	15.0	56.0	0	0	1017.9	24.13	16.0	351.38	6.38	3.81
1696176960.0			1.0	14.94	55.6	0	0	1017.89	24.16	16.0	351.38	6.36	3.68
1696177020.0			1.0	14.88	55.2	0	0	1017.89	24.2	16.0	351.38	6.35	3.54
1696177080.0			1.0	14.81	54.8	0	0	1017.88	24.24	16.0	8.31	6.34	3.4
1696177140.0			1.0	14.75	54.4	0	0	1017.88	24.28	16.0	8.31	6.33	3.26
1696177200.0			1.0	14.69	54.0	0	0	1017.87	24.31	16.0	8.31	6.31	3.13
1696177260.0			1.0	14.68	54.0	0	0	1017.87	24.31	16.0	8.31	6.31	3.13
1696177320.0			1.0	14.66	54.0	0	0	1017.86	24.31	16.0	8.31	6.31	3.13
1696177380.0			1.0	14.65	54.0	0	0	1017.86	24.31	16.0	8.38	6.31	3.13
1696177440.0			1.0	14.64	54.0	0	0	1017.85	24.31	16.0	8.38	6.31	3.13
1696177500.0			1.0	14.63	54.0	0	0	1017.85	24.31	16.0	8.38	6.31	3.13
1696177560.0			3.2	14.73	54.2	0	0	1017.84	24.38	16.0	8.38	6.45	3.16
1696177620.0			5.4	14.83	54.4	0	0	1017.84	24.44	16.0	8.38	6.59	3.2
1696177680.0	1.23		7.6	14.93	54.6	0	0	1017.83	24.5	16.0	12.69	6.73	3.24
1696177740.0	1.23		9.8	15.03	54.8	0	0	1017.83	24.56	16.0	12.69	6.86	3.28
1696177800.0	1.23		12.0	15.13	55.0	0	0	1017.82	24.63	16.0	12.69	7.0	3.31
1696177860.0	1.23		12.2	15.1	54.8	0	0	1017.82	24.63	16.0	12.69	6.96	3.31
1696177920.0	1.23		12.4	15.08	54.6	0	0	1017.81	24.63	16.0	12.69	6.93	3.31
1696177980.0	1.24		12.6	15.05	54.4	0	0	1017.81	24.63	16.0	12.88	6.89	3.31
1696178040.0	1.24		12.8	15.03	54.2	0	0	1017.8	24.63	16.0	12.88	6.85	3.31
1696178100.0	1.24		13.0	15.0	54.0	0	0	1017.8	24.63	16.0	12.88	6.81	3.31
1696178160.0	1.24		13.0	14.98	53.8	0	0	1017.79	24.66	16.0	12.88	6.81	3.38
1696178220.0	1.24		13.0	14.95	53.6	0	0	1017.79	24.7	16.0	12.88	6.81	3.44
1696178280.0	1.29		13.0	14.93	53.4	0	0	1017.78	24.74	16.0	31.5	6.81	3.5
1696178340.0	1.29		13.0	14.9	53.2	0	0	1017.78	24.78	16.0	31.5	6.81	3.56
1696178400.0	1.29		13.0	14.88	53.0	0	0	1017.77	24.81	16.0	31.5	6.81	3.63
1696178460.0	1.29		13.0	14.86	53.0	0	0	1017.77	24.81	16.0	31.5	6.79	3.63
1696178520.0	1.29		13.0	14.85	53.0	0	0	1017.76	24.81	16.0	31.5	6.76	3.63
1696178580.0	1.3		13.0	14.84	53.0	0	0	1017.76	24.81	16.0	31.63	6.74	3.63
1696178640.0	1.3		13.0	14.83	53.0	0	0	1017.75	24.81	16.0	31.63	6.71	3.63
1696178700.0	1.3		13.0	14.81	53.0	0	0	1017.75	24.81	16.0	31.63	6.69	3.63
1696178760.0	1.3		13.2	14.81	53.0	0	0	1017.74	24.83	16.0	31.63	6.65	3.6
1696178820.0	1.3		13.4	14.81	53.0	0	0	1017.74	24.84	16.0	31.63	6.61	3.58
1696178880.0	1.31		13.6	14.81	53.0	0	0	1017.73	24.85	16.0	31.69	6.58	3.55
1696178940.0	1.31		13.8	14.81	53.0	0	0	1017.73	24.86	16.0	31.69	6.54	3.53
1696179000.0	1.31		14.0	14.81	53.0	0	0	1017.72	24.88	16.0	31.69	6.5	3.5
1696179060.0	1.31		14.0	14.79	52.8	0	0	1017.72	24.88	16.0	31.69	6.48	3.5
1696179120.0	1.31		14.0	14.76	52.6	0	0	1017.71	24.88	16.0	31.69	6.45	3.5
1696179180.0	1.32		14.0	14.74	52.4	0	0	1017.71	24.88	16.0	31.88	6.43	3.5
1696179240.0	1.32		14.0	14.71	52.2	0	0	1017.7	24.88	16.0	31.88	6.4	3.5
1696179300.0	1.32		14.0	14.69	52.0	0	0	1017.7	24.88	16.0	31.88	6.38	3.5
1696179360.0	1.32		17.0	14.68	51.8	0	0	1017.69	24.93	16.0	31.88	6.34	3.54
1696179420.0	1.32		20.0	14.66	51.6	0	0	1017.69	24.98	16.0	31.88	6.3	3.58
1696179480.0	1.37		23.0	14.65	51.4	0	0	1017.68	25.03	16.0	14.38	6.26	3.61
1696179540.0	1.37		26.0	14.64	51.2	0	0	1017.68	25.08	16.0	14.38	6.23	3.65
1696179600.0	1.37		29.0	14.63	51.0	0	0	1017.67	25.13	16.0	14.38	6.19	3.69
1696179660.0	1.37		28.8	14.63	51.0	0	0	1017.66	25.13	16.0	14.38	6.21	3.69
1696179720.0	1.37		28.6	14.63	51.0	0	0	1017.64	25.13	16.0	14.38	6.24	3.69
1696179780.0	1.37		28.4	14.63	51.0	0	0	1017.62	25.13	16.0	14.13	6.26	3.69
1696179840.0	1.37		28.2	14.63	51.0	0	0	1017.61	25.13	16.0	14.13	6.29	3.69
1696179900.0	1.37		28.0	14.63	51.0	0	0	1017.59	25.13	16.0	14.13	6.31	3.69
1696179960.0	1.37		27.8	14.63	51.0	0	0	1017.57	25.14	16.0	14.13	6.31	3.69
1696180020.0	1.37		27.6	14.63	51.0	0	0	1017.55	25.15	16.0	14.13	6.31	3.69
1696180080.0	1.37		27.4	14.63	51.0	0	0	1017.54	25.16	16.0	13.88	6.31	3.69
1696180140.0	1.37		27.2	14.63	51.0	0	0	1017.52	25.18	16.0	13.88	6.31	3.69
1696180200.0	1.37		27.0	14.63	51.0	0	0	1017.5	25.19	16.0	13.88	6.31	3.69
1696180260.0	1.37		26.8	14.63	50.8	0	0	1017.49	25.21	16.0	13.88	6.31	3.69
1696180320.0	1.37		26.6	14.63	50.6	0	0	1017.47	25.24	16.0	13.88	6.31	3.69
1696180380.0	1.4		26.4	14.63	50.4	0	0	1017.45	25.26	16.0	26.88	6.31	3.69
1696180440.0	1.4		26.2	14.63	50.2	0	0	1017.44	25.29	16.0	26.88	6.31	3.69
1696180500.0	1.4		26.0	14.63	50.0	0	0	1017.42	25.31	16.0	26.88	6.31	3.69
1696180560.0	1.4		25.8	14.63	50.0	0	0	1017.4	25.33	16.0	26.88	6.35	3.69
1696180620.0	1.4		25.6	14.63	50.0	0	0	1017.38	25.34	16.0	26.88	6.39	3.69
1696180680.0	1.4		25.4	14.63	50.0	0	0	1017.37	25.35	16.0	26.63	6.43	3.69
1696180740.0	1.4		25.2	14.63	50.0	0	0	1017.35	25.36	16.0	26.63	6.46	3.69
1696180800.0	1.4		25.0	14.63	50.0	0	0	1017.33	25.38	16.0	26.63	6.5	3.69
1696180860.0	1.4		25.0	14.63	50.0	0	0	1017.32	25.38	16.0	26.63	6.48	3.69
1696180920.0	1.4		25.0	14.63	50.0	0	0	1017.3	25.38	16.0	26.63	6.45	3.69
1696180980.0	1.4		25.0	14.63	50.0	0	0	1017.28	25.38	16.0	27.19	6.43	3.69
1696181040.0	1.4		25.0	14.63	50.0	0	0	1017.27	25.38	16.0	27.19	6.4	3.69
1696181100.0	1.4		25.0	14.63	50.0	0	0	1017.25	25.38	16.0	27.19	6.38	3.69
1696181160.0	1.4		24.8	14.63	50.0	0	0	1017.23	25.38	16.0	27.19	6.38	3.68
1696181220.0	1.4		24.6	14.63	50.0	0	0	1017.22	25.38	16.0	27.19	6.38	3.66
1696181280.0	1.41		24.4	14.63	50.0	0	0	1017.2	25.38	16.0	27.0	6.38	3.65
1696181340.0	1.41		24.2	14.63	50.0	0	0	1017.18	25.38	16.0	27.0	6.38	3.64
1696181400.0	1.41		24.0	14.63	50.0	0	0	1017.16	25.38	16.0	27.0	6.38	3.63
1696181460.0	1.41		23.6	14.58	49.8	0	0	1017.15	25.44	16.0	27.0	6.3	3.56
1696181520.0	1.41		23.2	14.53	49.6	0	0	1017.13	25.5	16.0	27.0	6.23	3.5
1696181580.0	1.47		22.8	14.48	49.4	0	0	1017.11	25.56	16.0	32.69	6.15	3.44
1696181640.0	1.47		22.4	14.43	49.2	0	0	1017.1	25.63	16.0	32.69	6.08	3.38
1696181700.0	1.47		22.0	14.38	49.0	0	0	1017.08	25.69	16.0	32.69	6.0	3.31
1696181760.0	1.47		21.8	14.28	48.6	0	0	1017.06	25.71	16.0	32.69	6.03	3.41
1696181820.0	1.47		21.6	14.18	48.2	0	0	1017.05	25.74	16.0	32.69	6.05	3.51
1696181880.0	1.54		21.4	14.08	47.8	0	0	1017.03	25.76	16.0	18.69	6.08	3.61
1696181940.0	1.54		21.2	13.98	47.4	0	0	1017.01	25.79	16.0	18.69	6.1	3.71
1696182000.0	1.54		21.0	13.88	47.0	0	0	1016.99	25.81	16.0	18.69	6.13	3.81
1696182060.0	1.54		21.0	13.9	47.0	0	0	1016.98	25.81	16.0	18.69	6.13	3.81
1696182120.0	1.54		21.0	13.93	47.0	0	0	1016.96	25.81	16.0	18.69	6.13	3.81
1696182180.0	1.54		21.0	13.95	47.0	0	0	1016.94	25.81	16.0	18.81	6.13	3.81
1696182240.0	1.54		21.0	13.98	47.0	0	0	1016.93	25.81	16.0	18.81	6.13	3.81
1696182300.0	1.54		21.0	14.0	47.0	0	0	1016.91	25.81	16.0	18.81	6.13	3.81
1696182360.0	1.54		20.8	14.03	47.0	0	0	1016.89	25.83	16.0	18.81	6.13	3.79
1696182420.0	1.54		20.6	14.05	47.0	0	0	1016.88	25.84	16.0	18.81	6.13	3.76
1696182480.0	1.54		20.4	14.08	47.0	0	0	1016.86	25.85	16.0	17.19	6.13	3.74
1696182540.0	1.54		20.2	14.1	47.0	0	0	1016.84	25.86	16.0	17.19	6.13	3.71
1696182600.0	1.54		20.0	14.13	47.0	0	0	1016.83	25.88	16.0	17.19	6.13	3.69
1696182660.0	1.54		20.0	14.13	47.0	0	0	1016.81	25.88	16.0	17.19	6.13	3.69
1696182720.0	1.54		20.0	14.13	47.0	0	0	1016.79	25.88	16.0	17.19	6.13	3.69
1696182780.0	1.54		20.0	14.13	47.0	0	0	1016.77	25.88	16.0	17.38	6.13	3.69
1696182840.0	1.54		20.0	14.13	47.0	0	0	1016.76	25.88	16.0	17.38	6.13	3.69
1696182900.0	1.54		20.0	14.13	47.0	0	0	1016.74	25.88	16.0	17.38	6.13	3.69
1696182960.0	1.54		19.8	14.23	47.4	0	0	1016.72	25.88	16.0	17.38	6.13	3.61
1696183020.0	1.54		19.6	14.33	47.8	0	0	1016.71	25.88	16.0	17.38	6.13	3.54
1696183080.0	1.48		19.4	14.43	48.2	0	0	1016.69	25.88	16.0	17.5	6.13	3.46
1696183140.0	1.48		19.2	14.53	48.6	0	0	1016.67	25.88	16.0	17.5	6.13	3.39
1696183200.0	1.48		19.0	14.63	49.0	0	0	1016.66	25.88	16.0	17.5	6.13	3.31
1696183260.0	1.48		19.0	14.6	48.8	0	0	1016.65	25.9	16.0	17.5	6.14	3.31
1696183320.0	1.48		19.0	14.58	48.6	0	0	1016.65	25.93	16.0	17.5	6.15	3.31
1696183380.0	1.48		19.0	14.55	48.4	0	0	1016.64	25.95	16.0	16.81	6.16	3.31
1696183440.0	1.48		19.0	14.53	48.2	0	0	1016.64	25.98	16.0	16.81	6.18	3.31
1696183500.0	1.48		19.0	14.5	48.0	0	0	1016.63	26.0	16.0	16.81	6.19	3.31
1696183560.0	1.48		19.0	14.5	48.0	0	0	1016.63	26.0	16.0	16.81	6.21	3.31
1696183620.0	1.48		19.0	14.5	48.0	0	0	1016.62	26.0	16.0	16.81	6.24	3.31
1696183680.0	1.49		19.0	14.5	48.0	0	0	1016.62	26.0	16.0	16.13	6.26	3.31
1696183740.0	1.49		19.0	14.5	48.0	0	0	1016.61	26.0	16.0	16.13	6.29	3.31
1696183800.0	1.49		19.0	14.5	48.0	0	0	1016.61	26.0	16.0	16.13	6.31	3.31
1696183860.0	1.49		19.0	14.46	47.8	0	0	1016.61	26.03	16.0	16.13	6.33	3.23
1696183920.0	1.49		19.0	14.43	47.6	0	0	1016.6	26.05	16.0	16.13	6.34	3.14
1696183980.0	1.53		19.0	14.39	47.4	0	0	1016.6	26.08	16.0	7.5	6.35	3.05
1696184040.0	1.53		19.0	14.35	47.2	0	0	1016.59	26.1	16.0	7.5	6.36	2.96
1696184100.0	1.53		19.0	14.31	47.0	0	0	1016.59	26.13	16.0	7.5	6.38	2.88
1696184160.0	1.53		19.2	14.29	47.0	0	0	1016.58	26.13	16.0	7.5	6.4	2.88
1696184220.0	1.53		19.4	14.26	47.0	0	0	1016.58	26.13	16.0	7.5	6.43	2.88
1696184280.0	1.54		19.6	14.24	47.0	0	0	1016.57	26.13	16.0	6.88	6.45	2.88
1696184340.0	1.54		19.8	14.21	47.0	0	0	1016.57	26.13	16.0	6.88	6.48	2.88
1696184400.0	1.54		20.0	14.19	47.0	0	0	1016.56	26.13	16.0	6.88	6.5	2.88
1696184460.0	1.54		20.0	14.19	47.0	0	0	1016.56	26.14	16.0	6.88	6.5	2.88
1696184520.0	1.54		20.0	14.19	47.0	0	0	1016.56	26.15	16.0	6.88	6.5	2.88
1696184580.0	1.55		20.0	14.19	47.0	0	0	1016.55	26.16	16.0	6.19	6.5	2.88
1696184640.0	1.55		20.0	14.19	47.0	0	0	1016.55	26.18	16.0	6.19	6.5	2.88
1696184700.0	1.55		20.0	14.19	47.0	0	0	1016.54	26.19	16.0	6.19	6.5	2.88
1696184760.0	1.55		20.2	14.19	46.8	0	0	1016.54	26.23	16.0	6.19	6.53	2.86
1696184820.0	1.55		20.4	14.19	46.6	0	0	1016.53	26.26	16.0	6.19	6.55	2.85
1696184880.0	1.57		20.6	14.19	46.4	0	0	1016.53	26.3	16.0	4.63	6.58	2.84
1696184940.0	1.57		20.8	14.19	46.2	0	0	1016.52	26.34	16.0	4.63	6.6	2.83
1696185000.0	1.57		21.0	14.19	46.0	0	0	1016.52	26.38	16.0	4.63	6.63	2.81
1696185060.0	1.57		21.0	14.19	46.0	0	0	1016.51	26.38	16.0	4.63	6.64	2.83
1696185120.0	1.57		21.0	14.19	46.0	0	0	1016.51	26.38	16.0	4.63	6.65	2.84
1696185180.0	1.58		21.0	14.19	46.0	0	0	1016.5	26.38	16.0	4.38	6.66	2.85
1696185240.0	1.58		21.0	14.19	46.0	0	0	1016.5	26.38	16.0	4.38	6.68	2.86
1696185300.0	1.58		21.0	14.19	46.0	0	0	1016.5	26.38	16.0	4.38	6.69	2.88
1696185360.0	1.58		17.4	14.18	46.0	0	0	1016.49	26.4	16.0	4.38	6.68	3.1
1696185420.0	1.58		13.8	14.16	46.0	0	0	1016.49	26.43	16.0	4.38	6.66	3.33
1696185480.0			10.2	14.15	46.0	0	0	1016.48	26.45	16.0	359.0	6.65	3.55
1696185540.0			6.6	14.14	46.0	0	0	1016.48	26.48	16.0	359.0	6.64	3.78
1696185600.0			3.0	14.13	46.0	0	0	1016.47	26.5	16.0	359.0	6.63	4.0
1696185660.0			3.0	14.1	46.0	0	0	1016.47	26.53	16.0	359.0	6.63	4.03
1696185720.0			3.0	14.08	46.0	0	0	1016.46	26.55	16.0	359.0	6.63	4.05
1696185780.0			3.0	14.05	46.0	0	0	1016.46	26.58	16.0	359.0	6.63	4.08
1696185840.0			3.0	14.03	46.0	0	0	1016.45	26.6	16.0	359.0	6.63	4.1
1696185900.0			3.0	14.0	46.0	0	0	1016.45	26.63	16.0	359.0	6.63	4.13
1696185960.0			3.0	14.0	46.0	0	0	1016.45	26.63	16.0	359.0	6.64	4.13
1696186020.0			3.0	14.0	46.0	0	0	1016.44	26.63	16.0	359.0	6.65	4.13
1696186080.0			3.0	14.0	46.0	0	0	1016.44	26.63	16.0	0.19	6.66	4.13
1696186140.0			3.0	14.0	46.0	0	0	1016.43	26.63	16.0	0.19	6.68	4.13
1696186200.0			3.0	14.0	46.0	0	0	1016.43	26.63	16.0	0.19	6.69	4.13
1696186260.0			3.0	14.0	46.0	0	0	1016.42	26.63	16.0	0.19	6.69	4.14
1696186320.0			3.0	14.0	46.0	0	0	1016.42	26.63	16.0	0.19	6.69	4.15
1696186380.0			3.0	14.0	46.0	0	0	1016.41	26.63	16.0	359.0	6.69	4.16
1696186440.0			3.0	14.0	46.0	0	0	1016.41	26.63	16.0	359.0	6.69	4.18
1696186500.0			3.0	14.0	46.0	0	0	1016.4	26.63	16.0	359.0	6.69	4.19
1696186560.0			2.8	14.03	45.8	0	0	1016.4	26.64	16.0	359.0	6.69	4.19
1696186620.0			2.6	14.05	45.6	0	0	1016.4	26.65	16.0	359.0	6.69	4.19
1696186680.0			2.4	14.08	45.4	0	0	1016.39	26.66	16.0	18.19	6.69	4.19
1696186740.0			2.2	14.1	45.2	0	0	1016.39	26.68	16.0	18.19	6.69	4.19
1696186800.0			2.0	14.13	45.0	0	0	1016.38	26.69	16.0	18.19	6.69	4.19
1696186860.0			2.2	14.13	45.0	0	0	1016.38	26.69	16.0	18.19	6.69	4.19
1696186920.0			2.4	14.13	45.0	0	0	1016.37	26.69	16.0	18.19	6.69	4.19
1696186980.0			2.6	14.13	45.0	0	0	1016.37	26.69	16.0	17.88	6.69	4.19
1696187040.0			2.8	14.13	45.0	0	0	1016.37	26.69	16.0	17.88	6.69	4.19
1696187100.0			3.0	14.13	45.0	0	0	1016.36	26.69	16.0	17.88	6.69	4.19
1696187160.0			3.0	14.13	45.0	0	0	1016.36	26.69	16.0	17.88	6.68	4.19
1696187220.0			3.0	14.13	45.0	0	0	1016.35	26.69	16.0	17.88	6.66	4.19
1696187280.0			3.0	14.13	45.0	0	0	1016.35	26.69	16.0	17.5	6.65	4.19
1696187340.0			3.0	14.13	45.0	0	0	1016.34	26.69	16.0	17.5	6.64	4.19
1696187400.0			3.0	14.13	45.0	0	0	1016.34	26.69	16.0	17.5	6.63	4.19
1696187460.0			3.0	14.13	45.2	0	0	1016.34	26.69	16.0	17.5	6.64	4.19
1696187520.0			3.0	14.13	45.4	0	0	1016.33	26.69	16.0	17.5	6.65	4.19
1696187580.0			3.0	14.13	45.6	0	0	1016.33	26.69	16.0	17.19	6.66	4.19
1696187640.0			3.0	14.13	45.8	0	0	1016.32	26.69	16.0	17.19	6.68	4.19
1696187700.0			3.0	14.13	46.0	0	0	1016.32	26.69	16.0	17.19	6.69	4.19
1696187760.0			3.0	14.06	45.4	0	0	1016.32	26.71	16.0	17.19	6.68	4.15
1696187820.0			3.0	14.0	44.8	0	0	1016.31	26.74	16.0	17.19	6.66	4.11
1696187880.0			3.0	13.94	44.2	0	0	1016.31	26.76	16.0	358.38	6.65	4.08
1696187940.0			3.0	13.88	43.6	0	0	1016.3	26.79	16.0	358.38	6.64	4.04
1696188000.0			3.0	13.81	43.0	0	0	1016.3	26.81	16.0	358.38	6.63	4.0
1696188060.0			3.0	13.81	43.0	0	0	1016.29	26.81	16.0	358.38	6.63	4.0
1696188120.0			3.0	13.81	43.0	0	0	1016.29	26.81	16.0	358.38	6.63	4.0
1696188180.0			3.0	13.81	43.0	0	0	1016.29	26.81	16.0	358.13	6.63	4.0
1696188240.0			3.0	13.81	43.0	0	0	1016.28	26.81	16.0	358.13	6.63	4.0
1696188300.0			3.0	13.81	43.0	0	0	1016.28	26.81	16.0	358.13	6.63	4.0
1696188360.0			3.0	13.81	43.0	0	0	1016.27	26.81	16.0	358.13	6.63	3.98
1696188420.0			3.0	13.81	43.0	0	0	1016.27	26.81	16.0	358.13	6.63	3.95
1696188480.0			3.0	13.81	43.0	0	0	1016.27	26.81	16.0	356.0	6.63	3.93
1696188540.0			3.0	13.81	43.0	0	0	1016.26	26.81	16.0	356.0	6.63	3.9
1696188600.0			3.0	13.81	43.0	0	0	1016.26	26.81	16.0	356.0	6.63	3.88
1696188660.0			3.6	13.89	43.4	0	0	1016.25	26.83	16.0	356.0	6.5	3.73
1696188720.0			4.2	13.96	43.8	0	0	1016.25	26.84	16.0	356.0	6.38	3.58
1696188780.0			4.8	14.04	44.2	0	0	1016.24	26.85	16.0	359.0	6.25	3.43
1696188840.0			5.4	14.11	44.6	0	0	1016.24	26.86	16.0	359.0	6.13	3.28
1696188900.0			6.0	14.19	45.0	0	0	1016.24	26.88	16.0	359.0	6.0	3.13
1696188960.0			6.2	14.45	46.0	0	0	1016.23	26.84	16.0	359.0	5.78	2.93
1696189020.0			6.4	14.71	47.0	0	0	1016.23	26.8	16.0	359.0	5.55	2.73
1696189080.0			6.6	14.98	48.0	0	0	1016.22	26.76	16.0	339.88	5.33	2.53
1696189140.0			6.8	15.24	49.0	0	0	1016.22	26.73	16.0	339.88	5.1	2.33
1696189200.0			7.0	15.5	50.0	0	0	1016.22	26.69	16.0	339.88	4.88	2.13
1696189260.0			7.0	15.5	50.0	0	0	1016.21	26.69	16.0	339.88	4.88	2.13
1696189320.0			7.0	15.5	50.0	0	0	1016.21	26.69	16.0	339.88	4.88	2.13
1696189380.0			7.0	15.5	50.0	0	0	1016.2	26.69	16.0	339.81	4.88	2.13
1696189440.0			7.0	15.5	50.0	0	0	1016.2	26.69	16.0	339.81	4.88	2.13
1696189500.0			7.0	15.5	50.0	0	0	1016.2	26.69	16.0	339.81	4.88	2.13
1696189560.0			7.2	15.5	50.0	0	0	1016.19	26.69	16.0	339.81	4.88	2.1
1696189620.0			7.4	15.5	50.0	0	0	1016.19	26.69	16.0	339.81	4.88	2.08
1696189680.0			7.6	15.5	50.0	0	0	1016.18	26.69	16.0	339.69	4.88	2.05
1696189740.0			7.8	15.5	50.0	0	0	1016.18	26.69	16.0	339.69	4.88	2.03
1696189800.0			8.0	15.5	50.0	0	0	1016.17	26.69	16.0	339.69	4.88	2.0
1696189860.0			8.2	15.5	50.0	0	0	1016.17	26.69	16.0	339.69	4.88	2.0
1696189920.0			8.4	15.5	50.0	0	0	1016.17	26.69	16.0	339.69	4.88	2.0
1696189980.0			8.6	15.5	50.0	0	0	1016.16	26.69	16.0	339.69	4.88	2.0
1696190040.0			8.8	15.5	50.0	0	0	1016.16	26.69	16.0	339.69	4.88	2.0
1696190100.0			9.0	15.5	50.0	0	0	1016.15	26.69	16.0	339.69	4.88	2.0
1696190160.0			12.4	15.5	50.0	0	0	1016.15	26.69	16.0	339.69	4.88	1.86
1696190220.0			15.8	15.5	50.0	0	0	1016.15	26.69	16.0	339.69	4.88	1.73
1696190280.0	1.42		19.2	15.5	50.0	0	0	1016.14	26.69	16.0	336.63	4.88	1.59
1696190340.0	1.42		22.6	15.5	50.0	0	0	1016.14	26.69	16.0	336.63	4.88	1.45
1696190400.0	1.42		26.0	15.5	50.0	0	0	1016.13	26.69	16.0	336.63	4.88	1.31
1696190460.0	1.42		25.8	15.5	50.0	0	0	1016.13	26.69	16.0	336.63	4.88	1.31
1696190520.0	1.42		25.6	15.5	50.0	0	0	1016.12	26.69	16.0	336.63	4.88	1.31
1696190580.0	1.42		25.4	15.5	50.0	0	0	1016.11	26.69	16.0	336.63	4.88	1.31
1696190640.0	1.42		25.2	15.5	50.0	0	0	1016.1	26.69	16.0	336.63	4.88	1.31
1696190700.0	1.42		25.0	15.5	50.0	0	0	1016.1	26.69	16.0	336.63	4.88	1.31
1696190760.0	1.42		25.0	15.5	50.0	0	0	1016.09	26.69	16.0	336.63	4.88	1.31
1696190820.0	1.42		25.0	15.5	50.0	0	0	1016.08	26.69	16.0	336.63	4.88	1.31
1696190880.0	1.42		25.0	15.5	50.0	0	0	1016.08	26.69	16.0	336.63	4.88	1.31
1696190940.0	1.42		25.0	15.5	50.0	0	0	1016.07	26.69	16.0	336.63	4.88	1.31
1696191000.0	1.42		25.0	15.5	50.0	0	0	1016.06	26.69	16.0	336.63	4.88	1.31
1696191060.0	1.42		24.8	15.5	50.0	0	0	1016.05	26.68	16.0	336.63	4.88	1.31
1696191120.0	1.42		24.6	15.5	50.0	0	0	1016.05	26.66	16.0	336.63	4.88	1.31
1696191180.0	1.42		24.4	15.5	50.0	0	0	1016.04	26.65	16.0	336.63	4.88	1.31
1696191240.0	1.42		24.2	15.5	50.0	0	0	1016.03	26.64	16.0	336.63	4.88	1.31
1696191300.0	1.42		24.0	15.5	50.0	0	0	1016.02	26.63	16.0	336.63	4.88	1.31
1696191360.0	1.42		24.0	15.5	50.0	0	0	1016.02	26.63	16.0	336.63	4.88	1.48
1696191420.0	1.42		24.0	15.5	50.0	0	0	1016.01	26.63	16.0	336.63	4.88	1.64
1696191480.0	1.41		24.0	15.5	50.0	0	0	1016.0	26.63	16.0	325.81	4.88	1.8
1696191540.0	1.41		24.0	15.5	50.0	0	0	1016.0	26.63	16.0	325.81	4.88	1.96
1696191600.0	1.41		24.0	15.5	50.0	0	0	1015.99	26.63	16.0	325.81	4.88	2.13
1696191660.0	1.41		23.8	15.5	50.0	0	0	1015.98	26.63	16.0	325.81	4.88	2.13
1696191720.0	1.41		23.6	15.5	50.0	0	0	1015.97	26.63	16.0	325.81	4.88	2.13
1696191780.0	1.41		23.4	15.5	50.0	0	0	1015.97	26.63	16.0	325.81	4.88	2.13
1696191840.0	1.41		23.2	15.5	50.0	0	0	1015.96	26.63	16.0	325.81	4.88	2.13
1696191900.0	1.41		23.0	15.5	50.0	0	0	1015.95	26.63	16.0	325.81	4.88	2.13
1696191960.0	1.41		23.0	15.5	50.2	0	0	1015.94	26.63	16.0	325.81	4.88	2.13
1696192020.0	1.41		23.0	15.5	50.4	0	0	1015.94	26.63	16.0	325.81	4.88	2.13
1696192080.0	1.41		23.0	15.5	50.6	0	0	1015.93	26.63	16.0	324.69	4.88	2.13
1696192140.0	1.41		23.0	15.5	50.8	0	0	1015.92	26.63	16.0	324.69	4.88	2.13
1696192200.0	1.41		23.0	15.5	51.0	0	0	1015.92	26.63	16.0	324.69	4.88	2.13
1696192260.0	1.41		25.6	15.5	50.8	0	0	1015.91	26.64	16.0	324.69	4.86	2.13
1696192320.0	1.41		28.2	15.5	50.6	0	0	1015.9	26.65	16.0	324.69	4.85	2.13
1696192380.0	1.41		30.8	15.5	50.4	0	0	1015.89	26.66	16.0	323.38	4.84	2.13
1696192440.0	1.41		33.4	15.5	50.2	0	0	1015.89	26.68	16.0	323.38	4.83	2.13
1696192500.0	1.41		36.0	15.5	50.0	0	0	1015.88	26.69	16.0	323.38	4.81	2.13
1696192560.0	1.41		36.4	15.3	49.2	0	0	1015.87	26.73	16.0	323.38	4.88	2.48
1696192620.0	1.41		36.8	15.1	48.4	0	0	1015.87	26.76	16.0	323.38	4.94	2.83
1696192680.0	1.59		37.2	14.9	47.6	0	0	1015.86	26.8	16.0	4.38	5.0	3.18
1696192740.0	1.59		37.6	14.7	46.8	0	0	1015.85	26.84	16.0	4.38	5.06	3.53
1696192800.0	1.59		38.0	14.5	46.0	0	0	1015.84	26.88	16.0	4.38	5.13	3.88
1696192860.0	1.59		38.4	14.5	46.0	0	0	1015.84	26.88	16.0	4.38	5.1	3.9
1696192920.0	1.59		38.8	14.5	46.0	0	0	1015.83	26.88	16.0	4.38	5.08	3.93
1696192980.0	1.59		39.2	14.5	46.0	0	0	1015.82	26.88	16.0	4.81	5.05	3.95
1696193040.0	1.59		39.6	14.5	46.0	0	0	1015.81	26.88	16.0	4.81	5.03	3.98
1696193100.0	1.59		40.0	14.5	46.0	0	0	1015.81	26.88	16.0	4.81	5.0	4.0
1696193160.0	1.59		40.4	14.5	46.0	0	0	1015.8	26.88	16.0	4.81	4.97	4.0
1696193220.0	1.59		40.8	14.5	46.0	0	0	1015.79	26.88	16.0	4.81	4.95	4.0
1696193280.0	1.59		41.2	14.5	46.0	0	0	1015.79	26.88	16.0	5.88	4.93	4.0
1696193340.0	1.59		41.6	14.5	46.0	0	0	1015.78	26.88	16.0	5.88	4.9	4.0
1696193400.0	1.59		42.0	14.5	46.0	0	0	1015.77	26.88	16.0	5.88	4.88	4.0
1696193460.0	1.59		42.4	14.5	46.0	0	0	1015.76	26.88	16.0	5.88	4.88	4.0
1696193520.0	1.59		42.8	14.5	46.0	0	0	1015.76	26.88	16.0	5.88	4.88	4.0
1696193580.0	1.59		43.2	14.5	46.0	0	0	1015.75	26.88	16.0	6.19	4.88	4.0
1696193640.0	1.59		43.6	14.5	46.0	0	0	1015.74	26.88	16.0	6.19	4.88	4.0
1696193700.0	1.59		44.0	14.5	46.0	0	0	1015.74	26.88	16.0	6.19	4.88	4.0
1696193760.0	1.59		44.4	14.5	46.0	0	0	1015.73	26.88	16.0	6.19	4.86	4.0
1696193820.0	1.59		44.8	14.5	46.0	0	0	1015.72	26.88	16.0	6.19	4.85	4.0
1696193880.0	1.6		45.2	14.5	46.0	0	0	1015.71	26.88	16.0	8.19	4.84	4.0
1696193940.0	1.6		45.6	14.5	46.0	0	0	1015.71	26.88	16.0	8.19	4.83	4.0
1696194000.0	1.6		46.0	14.5	46.0	0	0	1015.7	26.88	16.0	8.19	4.81	4.0
1696194060.0	1.6		45.6	14.5	46.0	0	0	1015.71	26.86	16.0	8.19	4.83	4.0
1696194120.0	1.6		45.2	14.5	46.0	0	0	1015.72	26.85	16.0	8.19	4.84	4.0
1696194180.0	1.59		44.8	14.5	46.0	0	0	1015.73	26.84	16.0	7.69	4.85	4.0
1696194240.0	1.59		44.4	14.5	46.0	0	0	1015.74	26.83	16.0	7.69	4.86	4.0
1696194300.0	1.59		44.0	14.5	46.0	0	0	1015.75	26.81	16.0	7.69	4.88	4.0
1696194360.0	1.59		43.6	14.5	46.0	0	0	1015.75	26.81	16.0	7.69	4.88	4.0
1696194420.0	1.59		43.2	14.5	46.0	0	0	1015.76	26.81	16.0	7.69	4.88	4.0
1696194480.0	1.58		42.8	14.5	46.0	0	0	1015.77	26.81	16.0	6.38	4.88	4.0
1696194540.0	1.58		42.4	14.5	46.0	0	0	1015.78	26.81	16.0	6.38	4.88	4.0
1696194600.0	1.58		42.0	14.5	46.0	0	0	1015.79	26.81	16.0	6.38	4.88	4.0
1696194660.0	1.58		41.4	14.5	46.0	0	0	1015.8	26.79	16.0	6.38	4.9	4.0
1696194720.0	1.58		40.8	14.5	46.0	0	0	1015.81	26.76	16.0	6.38	4.93	4.0
1696194780.0	1.57		40.2	14.5	46.0	0	0	1015.82	26.74	16.0	6.0	4.95	4.0
1696194840.0	1.57		39.6	14.5	46.0	0	0	1015.83	26.71	16.0	6.0	4.97	4.0
1696194900.0	1.57		39.0	14.5	46.0	0	0	1015.84	26.69	16.0	6.0	5.0	4.0
1696194960.0	1.57		38.6	14.53	46.2	0	0	1015.85	26.65	16.0	6.0	5.03	3.76
1696195020.0	1.57		38.2	14.55	46.4	0	0	1015.86	26.61	16.0	6.0	5.05	3.53
1696195080.0	1.54		37.8	14.58	46.6	0	0	1015.87	26.58	16.0	351.38	5.08	3.29
1696195140.0	1.54		37.4	14.6	46.8	0	0	1015.88	26.54	16.0	351.38	5.1	3.05
1696195200.0	1.54		37.0	14.63	47.0	0	0	1015.88	26.5	16.0	351.38	5.13	2.81
1696195260.0	1.54		36.6	14.63	47.0	0	0	1015.89	26.48	16.0	351.38	5.13	2.81
1696195320.0	1.54		36.2	14.63	47.0	0	0	1015.9	26.45	16.0	351.38	5.13	2.81
1696195380.0	1.53		35.8	14.63	47.0	0	0	1015.91	26.43	16.0	350.88	5.13	2.81
1696195440.0	1.53		35.4	14.63	47.0	0	0	1015.92	26.4	16.0	350.88	5.13	2.81
1696195500.0	1.53		35.0	14.63	47.0	0	0	1015.93	26.38	16.0	350.88	5.13	2.81
1696195560.0	1.53		34.6	14.63	47.2	0	0	1015.94	26.38	16.0	350.88	5.16	2.81
1696195620.0	1.53		34.2	14.63	47.4	0	0	1015.95	26.38	16.0	350.88	5.2	2.81
1696195680.0	1.52		33.8	14.63	47.6	0	0	1015.96	26.38	16.0	350.38	5.24	2.81
1696195740.0	1.52		33.4	14.63	47.8	0	0	1015.97	26.38	16.0	350.38	5.28	2.81
1696195800.0	1.52		33.0	14.63	48.0	0	0	1015.98	26.38	16.0	350.38	5.31	2.81
1696195860.0	1.52		32.4	14.63	48.0	0	0	1015.99	26.36	16.0	350.38	5.31	2.81
1696195920.0	1.52		31.8	14.63	48.0	0	0	1016.0	26.35	16.0	350.38	5.31	2.81
1696195980.0	1.51		31.2	14.63	48.0	0	0	1016.01	26.34	16.0	349.88	5.31	2.81
1696196040.0	1.51		30.6	14.63	48.0	0	0	1016.01	26.33	16.0	349.88	5.31	2.81
1696196100.0	1.51		30.0	14.63	48.0	0	0	1016.02	26.31	16.0	349.88	5.31	2.81
1696196160.0	1.51		28.0	14.6	48.2	0	0	1016.03	26.25	16.0	349.88	5.39	2.79
1696196220.0	1.51		26.0	14.58	48.4	0	0	1016.04	26.19	16.0	349.88	5.46	2.76
1696196280.0	1.47		24.0	14.55	48.6	0	0	1016.05	26.13	16.0	340.88	5.54	2.74
1696196340.0	1.47		22.0	14.53	48.8	0	0	1016.06	26.06	16.0	340.88	5.61	2.71
1696196400.0	1.47		20.0	14.5	49.0	0	0	1016.07	26.0	16.0	340.88	5.69	2.69
1696196460.0	1.47		20.0	14.48	49.0	0	0	1016.08	25.98	16.0	340.88	5.69	2.71
1696196520.0	1.47		20.0	14.45	49.0	0	0	1016.09	25.95	16.0	340.88	5.69	2.74
1696196580.0	1.47		20.0	14.43	49.0	0	0	1016.1	25.93	16.0	341.19	5.69	2.76
1696196640.0	1.47		20.0	14.4	49.0	0	0	1016.11	25.9	16.0	341.19	5.69	2.79
1696196700.0	1.47		20.0	14.38	49.0	0	0	1016.12	25.88	16.0	341.19	5.69	2.81
1696196760.0	1.47		20.0	14.38	49.0	0	0	1016.13	25.88	16.0	341.19	5.68	2.81
1696196820.0	1.47		20.0	14.38	49.0	0	0	1016.14	25.88	16.0	341.19	5.66	2.81
1696196880.0	1.47		20.0	14.38	49.0	0	0	1016.14	25.88	16.0	341.5	5.65	2.81
1696196940.0	1.47		20.0	14.38	49.0	0	0	1016.15	25.88	16.0	341.5	5.64	2.81
1696197000.0	1.47		20.0	14.38	49.0	0	0	1016.16	25.88	16.0	341.5	5.63	2.81
1696197060.0	1.47		20.0	14.36	49.0	0	0	1016.17	25.86	16.0	341.5	5.63	2.81
1696197120.0	1.47		20.0	14.35	49.0	0	0	1016.18	25.85	16.0	341.5	5.63	2.81
1696197180.0	1.47		20.0	14.34	49.0	0	0	1016.19	25.84	16.0	341.81	5.63	2.81
1696197240.0	1.47		20.0	14.33	49.0	0	0	1016.2	25.83	16.0	341.81	5.63	2.81
1696197300.0	1.47		20.0	14.31	49.0	0	0	1016.21	25.81	16.0	341.81	5.63	2.81
1696197360.0	1.47		16.0	14.33	49.0	0	0	1016.22	25.78	16.0	341.81	5.63	2.88
1696197420.0	1.47		12.0	14.34	49.0	0	0	1016.23	25.74	16.0	341.81	5.63	2.94
1696197480.0			8.0	14.35	49.0	0	0	1016.24	25.7	16.0	333.19	5.63	3.0
1696197540.0			4.0	14.36	49.0	0	0	1016.25	25.66	16.0	333.19	5.63	3.06
1696197600.0			0.0	14.38	49.0	0	0	1016.26	25.63	16.0	333.19	5.63	3.13
1696197660.0			0.0	14.38	49.2	0	0	1016.26	25.6	16.0	333.19	5.6	3.13
1696197720.0			0.0	14.38	49.4	0	0	1016.26	25.58	16.0	333.19	5.58	3.13
1696197780.0			0.0	14.38	49.6	0	0	1016.26	25.55	16.0	332.69	5.55	3.13
1696197840.0			0.0	14.38	49.8	0	0	1016.26	25.53	16.0	332.69	5.53	3.13
1696197900.0			0.0	14.38	50.0	0	0	1016.26	25.5	16.0	332.69	5.5	3.13
1696197960.0			0.0	14.38	50.0	0	0	1016.26	25.48	16.0	332.69	5.48	3.13
1696198020.0			0.0	14.38	50.0	0	0	1016.26	25.45	16.0	332.69	5.45	3.13
1696198080.0			0.0	14.38	50.0	0	0	1016.27	25.43	16.0	332.19	5.43	3.13
1696198140.0			0.0	14.38	50.0	0	0	1016.27	25.4	16.0	332.19	5.4	3.13
1696198200.0			0.0	14.38	50.0	0	0	1016.27	25.38	16.0	332.19	5.38	3.13
1696198260.0			0.0	14.38	50.0	0	0	1016.27	25.36	16.0	332.19	5.36	3.1
1696198320.0			0.0	14.38	50.0	0	0	1016.27	25.35	16.0	332.19	5.35	3.08
1696198380.0			0.0	14.38	50.0	0	0	1016.27	25.34	16.0	331.69	5.34	3.05
1696198440.0			0.0	14.38	50.0	0	0	1016.27	25.33	16.0	331.69	5.33	3.03
1696198500.0			0.0	14.38	50.0	0	0	1016.27	25.31	16.0	331.69	5.31	3.0
1696198560.0			0.0	14.34	50.2	0	0	1016.28	25.23	16.0	331.69	5.29	3.04
1696198620.0			0.0	14.3	50.4	0	0	1016.28	25.14	16.0	331.69	5.26	3.08
1696198680.0			0.0	14.26	50.6	0	0	1016.28	25.05	16.0	331.13	5.24	3.11
1696198740.0			0.0	14.23	50.8	0	0	1016.28	24.96	16.0	331.13	5.21	3.15
1696198800.0			0.0	14.19	51.0	0	0	1016.28	24.88	16.0	331.13	5.19	3.19
1696198860.0			0.0	14.21	51.0	0	0	1016.28	24.86	16.0	331.13	5.18	3.19
1696198920.0			0.0	14.24	51.0	0	0	1016.28	24.85	16.0	331.13	5.16	3.19
1696198980.0			0.0	14.26	51.0	0	0	1016.29	24.84	16.0	330.63	5.15	3.19
1696199040.0			0.0	14.29	51.0	0	0	1016.29	24.83	16.0	330.63	5.14	3.19
1696199100.0			0.0	14.31	51.0	0	0	1016.29	24.81	16.0	330.63	5.13	3.19
1696199160.0			0.0	14.23	50.8	0	0	1016.29	24.79	16.0	330.63	4.97	3.15
1696199220.0			0.0	14.14	50.6	0	0	1016.29	24.76	16.0	330.63	4.83	3.11
1696199280.0			0.0	14.05	50.4	0	0	1016.29	24.74	16.0	334.5	4.68	3.08
1696199340.0			0.0	13.96	50.2	0	0	1016.29	24.71	16.0	334.5	4.53	3.04
1696199400.0			0.0	13.88	50.0	0	0	1016.29	24.69	16.0	334.5	4.38	3.0
1696199460.0			0.0	13.9	50.2	0	0	1016.3	24.68	16.0	334.5	4.34	3.0
1696199520.0			0.0	13.93	50.4	0	0	1016.3	24.66	16.0	334.5	4.3	3.0
1696199580.0			0.0	13.95	50.6	0	0	1016.3	24.65	16.0	332.31	4.26	3.0
1696199640.0			0.0	13.98	50.8	0	0	1016.3	24.64	16.0	332.31	4.22	3.0
1696199700.0			0.0	14.0	51.0	0	0	1016.3	24.63	16.0	332.31	4.19	3.0
1696199760.0			0.0	14.03	51.4	0	0	1016.3	24.54	16.0	332.31	4.15	2.9
1696199820.0			0.0	14.05	51.8	0	0	1016.3	24.45	16.0	332.31	4.11	2.8
1696199880.0			0.0	14.08	52.2	0	0	1016.3	24.36	16.0	330.0	4.08	2.7
1696199940.0			0.0	14.1	52.6	0	0	1016.31	24.28	16.0	330.0	4.04	2.6
1696200000.0			0.0	14.13	53.0	0	0	1016.31	24.19	16.0	330.0	4.0	2.5
1696200060.0			0.2	14.14	53.0	0	0	1016.31	24.18	16.0	330.0	3.98	2.5
1696200120.0			0.4	14.15	53.0	0	0	1016.31	24.16	16.0	330.0	3.95	2.5
1696200180.0			0.6	14.16	53.0	0	0	1016.31	24.15	16.0	327.69	3.93	2.5
1696200240.0			0.8	14.18	53.0	0	0	1016.31	24.14	16.0	327.69	3.9	2.5
1696200300.0			1.0	14.19	53.0	0	0	1016.31	24.13	16.0	327.69	3.88	2.5
1696200360.0			1.0	14.19	53.2	0	0	1016.31	24.08	16.0	327.69	3.83	2.48
1696200420.0			1.0	14.19	53.4	0	0	1016.32	24.03	16.0	327.69	3.78	2.45
1696200480.0			1.0	14.19	53.6	0	0	1016.32	23.98	16.0	325.31	3.73	2.42
1696200540.0			1.0	14.19	53.8	0	0	1016.32	23.93	16.0	325.31	3.68	2.4
1696200600.0			1.0	14.19	54.0	0	0	1016.32	23.88	16.0	325.31	3.63	2.38
1696200660.0			1.0	14.21	54.0	0	0	1016.32	23.86	16.0	325.31	3.6	2.38
1696200720.0			1.0	14.24	54.0	0	0	1016.32	23.85	16.0	325.31	3.58	2.38
1696200780.0			1.0	14.26	54.0	0	0	1016.32	23.84	16.0	323.0	3.55	2.38
1696200840.0			1.0	14.29	54.0	0	0	1016.33	23.83	16.0	323.0	3.53	2.38
1696200900.0			1.0	14.31	54.0	0	0	1016.33	23.81	16.0	323.0	3.5	2.38
1696200960.0			1.0	14.43	55.4	0	0	1016.33	23.65	16.0	323.0	3.46	2.16
1696201020.0			1.0	14.54	56.8	0	0	1016.33	23.49	16.0	323.0	3.43	1.95
1696201080.0			1.0	14.65	58.2	0	0	1016.33	23.33	16.0	338.19	3.39	1.74
1696201140.0			1.0	14.76	59.6	0	0	1016.33	23.16	16.0	338.19	3.35	1.53
1696201200.0			1.0	14.88	61.0	0	0	1016.33	23.0	16.0	338.19	3.31	1.31
1696201260.0			1.0	14.9	61.2	0	0	1016.33	22.98	16.0	338.19	3.33	1.31
1696201320.0			1.0	14.93	61.4	0	0	1016.32	22.95	16.0	338.19	3.34	1.31
1696201380.0			1.0	14.95	61.6	0	0	1016.32	22.93	16.0	339.13	3.35	1.31
1696201440.0			1.0	14.98	61.8	0	0	1016.31	22.9	16.0	339.13	3.36	1.31
1696201500.0			1.0	15.0	62.0	0	0	1016.31	22.88	16.0	339.13	3.38	1.31
1696201560.0			1.0	15.0	62.0	0	0	1016.3	22.86	16.0	339.13	3.4	1.31
1696201620.0			1.0	15.0	62.0	0	0	1016.29	22.85	16.0	339.13	3.43	1.31
1696201680.0			1.0	15.0	62.0	0	0	1016.29	22.84	16.0	339.88	3.45	1.31
1696201740.0			1.0	15.0	62.0	0	0	1016.28	22.83	16.0	339.88	3.48	1.31
1696201800.0			1.0	15.0	62.0	0	0	1016.28	22.81	16.0	339.88	3.5	1.31
1696201860.0			1.0	15.0	62.0	0	0	1016.27	22.79	16.0	339.88	3.53	1.31
1696201920.0			1.0	15.0	62.0	0	0	1016.27	22.76	16.0	339.88	3.55	1.31
1696201980.0			1.0	15.0	62.0	0	0	1016.26	22.74	16.0	340.69	3.58	1.31
1696202040.0			1.0	15.0	62.0	0	0	1016.26	22.71	16.0	340.69	3.6	1.31
1696202100.0			1.0	15.0	62.0	0	0	1016.25	22.69	16.0	340.69	3.63	1.31
1696202160.0			0.8	15.04	63.0	0	0	1016.24	22.53	16.0	340.69	3.63	1.31
1696202220.0			0.6	15.08	64.0	0	0	1016.24	22.36	16.0	340.69	3.63	1.31
1696202280.0			0.4	15.11	65.0	0	0	1016.23	22.2	16.0	341.5	3.63	1.31
1696202340.0			0.2	15.15	66.0	0	0	1016.23	22.04	16.0	341.5	3.63	1.31
1696202400.0			0.0	15.19	67.0	0	0	1016.22	21.88	16.0	341.5	3.63	1.31
1696202460.0			0.0	15.19	67.0	0	0	1016.22	21.86	16.0	341.5	3.64	1.31
1696202520.0			0.0	15.19	67.0	0	0	1016.21	21.85	16.0	341.5	3.65	1.31
1696202580.0			0.0	15.19	67.0	0	0	1016.21	21.84	16.0	342.38	3.66	1.31
1696202640.0			0.0	15.19	67.0	0	0	1016.2	21.83	16.0	342.38	3.68	1.31
1696202700.0			0.0	15.19	67.0	0	0	1016.19	21.81	16.0	342.38	3.69	1.31
1696202760.0			0.0	15.09	66.6	0	0	1016.19	21.81	16.0	342.38	3.59	1.29
1696202820.0			0.0	14.99	66.2	0	0	1016.18	21.81	16.0	342.38	3.49	1.26
1696202880.0			0.0	14.89	65.8	0	0	1016.18	21.81	16.0	345.0	3.39	1.24
1696202940.0			0.0	14.79	65.4	0	0	1016.17	21.81	16.0	345.0	3.29	1.21
1696203000.0			0.0	14.69	65.0	0	0	1016.17	21.81	16.0	345.0	3.19	1.19
1696203060.0			0.0	14.69	65.0	0	0	1016.16	21.79	16.0	345.0	3.19	1.19
1696203120.0			0.0	14.69	65.0	0	0	1016.15	21.76	16.0	345.0	3.19	1.19
1696203180.0			0.0	14.69	65.0	0	0	1016.15	21.74	16.0	344.88	3.19	1.19
1696203240.0			0.0	14.69	65.0	0	0	1016.14	21.71	16.0	344.88	3.19	1.19
1696203300.0			0.0	14.69	65.0	0	0	1016.14	21.69	16.0	344.88	3.19	1.19
1696203360.0			0.0	14.71	66.0	0	0	1016.13	21.58	16.0	344.88	3.19	1.19
1696203420.0			0.0	14.74	67.0	0	0	1016.13	21.46	16.0	344.88	3.19	1.19
1696203480.0			0.0	14.76	68.0	0	0	1016.12	21.35	16.0	344.81	3.19	1.19
1696203540.0			0.0	14.79	69.0	0	0	1016.12	21.24	16.0	344.81	3.19	1.19
1696203600.0			0.0	14.81	70.0	0	0	1016.11	21.13	16.0	344.81	3.19	1.19
1696203660.0			0.0	14.81	70.0	0	0	1016.1	21.1	16.0	344.81	3.21	1.19
1696203720.0			0.0	14.81	70.0	0	0	1016.1	21.08	16.0	344.81	3.24	1.19
1696203780.0			0.0	14.81	70.0	0	0	1016.09	21.05	16.0	344.69	3.26	1.19
1696203840.0			0.0	14.81	70.0	0	0	1016.09	21.03	16.0	344.69	3.29	1.19
1696203900.0			0.0	14.81	70.0	0	0	1016.08	21.0	16.0	344.69	3.31	1.19
1696203960.0			0.0	14.81	70.0	0	0	1016.08	20.98	16.0	344.69	3.31	1.19
1696204020.0			0.0	14.81	70.0	0	0	1016.07	20.95	16.0	344.69	3.31	1.19
1696204080.0			0.0	14.81	70.0	0	0	1016.07	20.93	16.0	343.63	3.31	1.19
1696204140.0			0.0	14.81	70.0	0	0	1016.06	20.9	16.0	343.63	3.31	1.19
1696204200.0			0.0	14.81	70.0	0	0	1016.05	20.88	16.0	343.63	3.31	1.19
1696204260.0			0.0	14.81	70.2	0	0	1016.05	20.86	16.0	343.63	3.31	1.19
1696204320.0			0.0	14.81	70.4	0	0	1016.04	20.85	16.0	343.63	3.31	1.19
1696204380.0			0.0	14.81	70.6	0	0	1016.04	20.84	16.0	343.5	3.31	1.19
1696204440.0			0.0	14.81	70.8	0	0	1016.03	20.83	16.0	343.5	3.31	1.19
1696204500.0			0.0	14.81	71.0	0	0	1016.03	20.81	16.0	343.5	3.31	1.19
1696204560.0			0.0	14.83	71.6	0	0	1016.02	20.73	16.0	343.5	3.33	1.19
1696204620.0			0.0	14.84	72.2	0	0	1016.02	20.64	16.0	343.5	3.34	1.19
1696204680.0			0.0	14.85	72.8	0	0	1016.01	20.55	16.0	344.38	3.35	1.19
1696204740.0			0.0	14.86	73.4	0	0	1016.0	20.46	16.0	344.38	3.36	1.19
1696204800.0			0.0	14.88	74.0	0	0	1016.0	20.38	16.0	344.38	3.38	1.19
1696204860.0			0.0	14.88	74.0	0	0	1016.02	20.36	16.0	344.38	3.4	1.21
1696204920.0			0.0	14.88	74.0	0	0	1016.04	20.35	16.0	344.38	3.43	1.24
1696204980.0			0.0	14.88	74.0	0	0	1016.06	20.34	16.0	344.81	3.45	1.26
1696205040.0			0.0	14.88	74.0	0	0	1016.08	20.33	16.0	344.81	3.48	1.29
1696205100.0			0.0	14.88	74.0	0	0	1016.1	20.31	16.0	344.81	3.5	1.31
1696205160.0			0.0	14.88	74.0	0	0	1016.12	20.31	16.0	344.81	3.53	1.31
1696205220.0			0.0	14.88	74.0	0	0	1016.14	20.31	16.0	344.81	3.55	1.31
1696205280.0			0.0	14.88	74.0	0	0	1016.16	20.31	16.0	345.13	3.58	1.31
1696205340.0			0.0	14.88	74.0	0	0	1016.18	20.31	16.0	345.13	3.6	1.31
1696205400.0			0.0	14.88	74.0	0	0	1016.2	20.31	16.0	345.13	3.63	1.31
1696205460.0			0.0	14.9	74.2	0	0	1016.22	20.29	16.0	345.13	3.64	1.31
1696205520.0			0.0	14.93	74.4	0	0	1016.24	20.26	16.0	345.13	3.65	1.31
1696205580.0			0.0	14.95	74.6	0	0	1016.26	20.24	16.0	345.38	3.66	1.31
1696205640.0			0.0	14.98	74.8	0	0	1016.28	20.21	16.0	345.38	3.68	1.31
1696205700.0			0.0	15.0	75.0	0	0	1016.3	20.19	16.0	345.38	3.69	1.31
1696205760.0			0.0	15.0	75.0	0	0	1016.32	20.15	16.0	345.38	3.69	1.31
1696205820.0			0.0	15.0	75.0	0	0	1016.34	20.11	16.0	345.38	3.69	1.31
1696205880.0			0.0	15.0	75.0	0	0	1016.36	20.08	16.0	346.63	3.69	1.31
1696205940.0			0.0	15.0	75.0	0	0	1016.38	20.04	16.0	346.63	3.69	1.31
1696206000.0			0.0	15.0	75.0	0	0	1016.4	20.0	16.0	346.63	3.69	1.31
1696206060.0			0.0	15.0	75.2	0	0	1016.42	20.0	16.0	346.63	3.71	1.31
1696206120.0			0.0	15.0	75.4	0	0	1016.44	20.0	16.0	346.63	3.74	1.31
1696206180.0			0.0	15.0	75.6	0	0	1016.46	20.0	16.0	346.88	3.76	1.31
1696206240.0			0.0	15.0	75.8	0	0	1016.48	20.0	16.0	346.88	3.79	1.31
1696206300.0			0.0	15.0	76.0	0	0	1016.5	20.0	16.0	346.88	3.81	1.31
1696206360.0			0.0	15.0	76.0	0	0	1016.52	19.98	16.0	346.88	3.89	1.33
1696206420.0			0.0	15.0	76.0	0	0	1016.54	19.95	16.0	346.88	3.96	1.34
1696206480.0			0.0	15.0	76.0	0	0	1016.56	19.93	16.0	347.0	4.04	1.35
1696206540.0			0.0	15.0	76.0	0	0	1016.58	19.9	16.0	347.0	4.11	1.36
1696206600.0			0.0	15.0	76.0	0	0	1016.6	19.88	16.0	347.0	4.19	1.38
1696206660.0			0.0	15.0	75.6	0	0	1016.62	19.84	16.0	347.0	4.19	1.38
1696206720.0			0.0	15.0	75.2	0	0	1016.64	19.8	16.0	347.0	4.19	1.38
1696206780.0			0.0	15.0	74.8	0	0	1016.66	19.76	16.0	347.13	4.19	1.38
1696206840.0			0.0	15.0	74.4	0	0	1016.68	19.73	16.0	347.13	4.19	1.38
1696206900.0			0.0	15.0	74.0	0	0	1016.7	19.69	16.0	347.13	4.19	1.38
1696206960.0			0.0	15.0	74.0	0	0	1016.72	19.69	16.0	347.13	4.19	1.38
1696207020.0			0.0	15.0	74.0	0	0	1016.74	19.69	16.0	347.13	4.19	1.38
1696207080.0			0.0	15.0	74.0	0	0	1016.76	19.69	16.0	347.19	4.19	1.38
1696207140.0			0.0	15.0	74.0	0	0	1016.78	19.69	16.0	347.19	4.19	1.38
1696207200.0			0.0	15.0	74.0	0	0	1016.8	19.69	16.0	347.19	4.19	1.38
1696207260.0			0.0	15.0	74.0	0	0	1016.82	19.69	16.0	347.19	4.21	1.38
1696207320.0			0.0	15.0	74.0	0	0	1016.84	19.69	16.0	347.19	4.24	1.38
1696207380.0			0.0	15.0	74.0	0	0	1016.86	19.69	16.0	347.31	4.26	1.38
1696207440.0			0.0	15.0	74.0	0	0	1016.88	19.69	16.0	347.31	4.29	1.38
1696207500.0			0.0	15.0	74.0	0	0	1016.9	19.69	16.0	347.31	4.31	1.38
1696207560.0			0.0	15.0	74.0	0	0	1016.92	19.68	16.0	347.31	4.31	1.38
1696207620.0			0.0	15.0	74.0	0	0	1016.94	19.66	16.0	347.31	4.31	1.38
1696207680.0			0.0	15.0	74.0	0	0	1016.96	19.65	16.0	347.38	4.31	1.38
1696207740.0			0.0	15.0	74.0	0	0	1016.98	19.64	16.0	347.38	4.31	1.38
1696207800.0			0.0	15.0	74.0	0	0	1017.0	19.63	16.0	347.38	4.31	1.38
1696207860.0			0.0	15.0	74.2	0	0	1017.02	19.6	16.0	347.38	4.33	1.38
1696207920.0			0.0	15.0	74.4	0	0	1017.04	19.58	16.0	347.38	4.34	1.38
1696207980.0			0.0	15.0	74.6	0	0	1017.06	19.55	16.0	347.38	4.35	1.38
1696208040.0			0.0	15.0	74.8	0	0	1017.08	19.52	16.0	347.38	4.36	1.38
1696208100.0			0.0	15.0	75.0	0	0	1017.1	19.5	16.0	347.38	4.38	1.38
1696208160.0			0.0	15.0	75.6	0	0	1017.12	19.48	16.0	347.38	4.38	1.38
1696208220.0			0.0	15.0	76.2	0	0	1017.14	19.45	16.0	347.38	4.38	1.38
1696208280.0			0.0	15.0	76.8	0	0	1017.16	19.43	16.0	347.5	4.38	1.38
1696208340.0			0.0	15.0	77.4	0	0	1017.18	19.4	16.0	347.5	4.38	1.38
1696208400.0			0.0	15.0	78.0	0	0	1017.2	19.38	16.0	347.5	4.38	1.38
1696208460.0			0.0	15.0	78.0	0	0	1017.2	19.38	16.0	347.5	4.38	1.38
1696208520.0			0.0	15.0	78.0	0	0	1017.19	19.38	16.0	347.5	4.38	1.38
1696208580.0			0.0	15.0	78.0	0	0	1017.19	19.38	16.0	347.38	4.38	1.38
1696208640.0			0.0	15.0	78.0	0	0	1017.19	19.38	16.0	347.38	4.38	1.38
1696208700.0			0.0	15.0	78.0	0	0	1017.18	19.38	16.0	347.38	4.38	1.38
1696208760.0			0.0	15.0	78.0	0	0	1017.18	19.36	16.0	347.38	4.36	1.38
1696208820.0			0.0	15.0	78.0	0	0	1017.18	19.35	16.0	347.38	4.35	1.38
1696208880.0			0.0	15.0	78.0	0	0	1017.17	19.34	16.0	347.19	4.34	1.38
1696208940.0			0.0	15.0	78.0	0	0	1017.17	19.33	16.0	347.19	4.33	1.38
1696209000.0			0.0	15.0	78.0	0	0	1017.17	19.31	16.0	347.19	4.31	1.38
1696209060.0			0.0	15.0	78.2	0	0	1017.16	19.31	16.0	347.19	4.31	1.38
1696209120.0			0.0	15.0	78.4	0	0	1017.16	19.31	16.0	347.19	4.31	1.38
1696209180.0			0.0	15.0	78.6	0	0	1017.16	19.31	16.0	347.0	4.31	1.38
1696209240.0			0.0	15.0	78.8	0	0	1017.15	19.31	16.0	347.0	4.31	1.38
1696209300.0			0.0	15.0	79.0	0	0	1017.15	19.31	16.0	347.0	4.31	1.38
1696209360.0			0.0	15.0	79.4	0	0	1017.15	19.23	16.0	347.0	4.29	1.36
1696209420.0			0.0	15.0	79.8	0	0	1017.14	19.14	16.0	347.0	4.26	1.35
1696209480.0			0.0	15.0	80.2	0	0	1017.14	19.05	16.0	345.31	4.24	1.34
1696209540.0			0.0	15.0	80.6	0	0	1017.14	18.96	16.0	345.31	4.21	1.33
1696209600.0			0.0	15.0	81.0	0	0	1017.13	18.88	16.0	345.31	4.19	1.31
1696209660.0			0.0	15.0	81.0	0	0	1017.13	18.88	16.0	345.31	4.19	1.31
1696209720.0			0.0	15.0	81.0	0	0	1017.13	18.88	16.0	345.31	4.19	1.31
1696209780.0			0.0	15.0	81.0	0	0	1017.12	18.88	16.0	345.13	4.19	1.31
1696209840.0			0.0	15.0	81.0	0	0	1017.12	18.88	16.0	345.13	4.19	1.31
1696209900.0			0.0	15.0	81.0	0	0	1017.12	18.88	16.0	345.13	4.19	1.31
1696209960.0			0.0	15.0	81.0	0	0	1017.11	18.86	16.0	345.13	4.18	1.31
1696210020.0			0.0	15.0	81.0	0	0	1017.11	18.85	16.0	345.13	4.16	1.31
1696210080.0			0.0	15.0	81.0	0	0	1017.11	18.84	16.0	344.88	4.15	1.31
1696210140.0			0.0	15.0	81.0	0	0	1017.1	18.83	16.0	344.88	4.14	1.31
1696210200.0			0.0	15.0	81.0	0	0	1017.1	18.81	16.0	344.88	4.13	1.31
1696210260.0			0.0	15.0	81.0	0	0	1017.1	18.81	16.0	344.88	4.13	1.31
1696210320.0			0.0	15.0	81.0	0	0	1017.09	18.81	16.0	344.88	4.13	1.31
1696210380.0			0.0	15.0	81.0	0	0	1017.09	18.81	16.0	344.69	4.13	1.31
1696210440.0			0.0	15.0	81.0	0	0	1017.09	18.81	16.0	344.69	4.13	1.31
1696210500.0			0.0	15.0	81.0	0	0	1017.08	18.81	16.0	344.69	4.13	1.31
1696210560.0			0.0	15.0	80.8	0	0	1017.08	18.75	16.0	344.69	4.13	1.29
1696210620.0			0.0	15.0	80.6	0	0	1017.08	18.69	16.0	344.69	4.13	1.26
1696210680.0			0.0	15.0	80.4	0	0	1017.07	18.63	16.0	345.0	4.13	1.24
1696210740.0			0.0	15.0	80.2	0	0	1017.07	18.56	16.0	345.0	4.13	1.21
1696210800.0			0.0	15.0	80.0	0	0	1017.07	18.5	16.0	345.0	4.13	1.19
1696210860.0			0.0	15.0	80.0	0	0	1017.06	18.5	16.0	345.0	4.1	1.19
1696210920.0			0.0	15.0	80.0	0	0	1017.06	18.5	16.0	345.0	4.08	1.19
1696210980.0			0.0	15.0	80.0	0	0	1017.06	18.5	16.0	344.31	4.05	1.19
1696211040.0			0.0	15.0	80.0	0	0	1017.05	18.5	16.0	344.31	4.03	1.19
1696211100.0			0.0	15.0	80.0	0	0	1017.05	18.5	16.0	344.31	4.0	1.19
1696211160.0			0.0	15.0	80.0	0	0	1017.05	18.48	16.0	344.31	4.0	1.19
1696211220.0			0.0	15.0	80.0	0	0	1017.04	18.45	16.0	344.31	4.0	1.19
1696211280.0			0.0	15.0	80.0	0	0	1017.04	18.43	16.0	343.63	4.0	1.19
1696211340.0			0.0	15.0	80.0	0	0	1017.04	18.4	16.0	343.63	4.0	1.19
1696211400.0			0.0	15.0	80.0	0	0	1017.03	18.38	16.0	343.63	4.0	1.19
1696211460.0			0.0	15.0	80.0	0	0	1017.03	18.38	16.0	343.63	3.98	1.21
1696211520.0			0.0	15.0	80.0	0	0	1017.03	18.38	16.0	343.63	3.95	1.24
1696211580.0			0.0	15.0	80.0	0	0	1017.02	18.38	16.0	343.0	3.93	1.26
1696211640.0			0.0	15.0	80.0	0	0	1017.02	18.38	16.0	343.0	3.9	1.29
1696211700.0			0.0	15.0	80.0	0	0	1017.02	18.38	16.0	343.0	3.88	1.31
1696211760.0			0.0	14.98	80.8	0	0	1017.01	18.34	16.0	343.0	3.88	1.31
1696211820.0			0.0	14.95	81.6	0	0	1017.01	18.3	16.0	343.0	3.88	1.31
1696211880.0			0.0	14.93	82.4	0	0	1017.01	18.26	16.0	342.38	3.88	1.31
1696211940.0			0.0	14.9	83.2	0	0	1017.0	18.23	16.0	342.38	3.88	1.31
1696212000.0			0.0	14.88	84.0	0	0	1017.0	18.19	16.0	342.38	3.88	1.31
1696212060.0			0.0	14.88	84.0	0	0	1016.99	18.19	16.0	342.38	3.88	1.31
1696212120.0			0.0	14.88	84.0	0	0	1016.98	18.19	16.0	342.38	3.88	1.31
1696212180.0			0.0	14.88	84.0	0	0	1016.96	18.19	16.0	342.38	3.88	1.31
1696212240.0			0.0	14.88	84.0	0	0	1016.95	18.19	16.0	342.38	3.88	1.31
1696212300.0			0.0	14.88	84.0	0	0	1016.94	18.19	16.0	342.38	3.88	1.31
1696212360.0			0.0	14.88	83.8	0	0	1016.93	18.18	16.0	342.38	3.88	1.31
1696212420.0			0.0	14.88	83.6	0	0	1016.92	18.16	16.0	342.38	3.88	1.31
1696212480.0			0.0	14.88	83.4	0	0	1016.91	18.15	16.0	342.38	3.88	1.31
1696212540.0			0.0	14.88	83.2	0	0	1016.89	18.14	16.0	342.38	3.88	1.31
1696212600.0			0.0	14.88	83.0	0	0	1016.88	18.13	16.0	342.38	3.88	1.31
1696212660.0			0.0	14.88	83.2	0	0	1016.87	18.13	16.0	342.38	3.88	1.31
1696212720.0			0.0	14.88	83.4	0	0	1016.86	18.13	16.0	342.38	3.88	1.31
1696212780.0			0.0	14.88	83.6	0	0	1016.85	18.13	16.0	342.38	3.88	1.31
1696212840.0			0.0	14.88	83.8	0	0	1016.84	18.13	16.0	342.38	3.88	1.31
1696212900.0			0.0	14.88	84.0	0	0	1016.82	18.13	16.0	342.38	3.88	1.31
1696212960.0			0.0	14.88	84.0	0	0	1016.81	18.1	16.0	342.38	3.88	1.31
1696213020.0			0.0	14.88	84.0	0	0	1016.8	18.08	16.0	342.38	3.88	1.31
1696213080.0			0.0	14.88	84.0	0	0	1016.79	18.05	16.0	342.5	3.88	1.31
1696213140.0			0.0	14.88	84.0	0	0	1016.78	18.02	16.0	342.5	3.88	1.31
1696213200.0			0.0	14.88	84.0	0	0	1016.77	18.0	16.0	342.5	3.88	1.31
1696213260.0			0.0	14.88	84.0	0	0	1016.75	18.0	16.0	342.5	3.88	1.31
1696213320.0			0.0	14.88	84.0	0	0	1016.74	18.0	16.0	342.5	3.88	1.31
1696213380.0			0.0	14.88	84.0	0	0	1016.73	18.0	16.0	342.63	3.88	1.31
1696213440.0			0.0	14.88	84.0	0	0	1016.72	18.0	16.0	342.63	3.88	1.31
1696213500.0			0.0	14.88	84.0	0	0	1016.71	18.0	16.0	342.63	3.88	1.31
1696213560.0			0.0	14.88	84.2	0	0	1016.7	18.0	16.0	342.63	3.9	1.31
1696213620.0			0.0	14.88	84.4	0	0	1016.68	18.0	16.0	342.63	3.93	1.31
1696213680.0			0.0	14.88	84.6	0	0	1016.67	18.0	16.0	342.69	3.95	1.31
1696213740.0			0.0	14.88	84.8	0	0	1016.66	18.0	16.0	342.69	3.98	1.31
1696213800.0			0.0	14.88	85.0	0	0	1016.65	18.0	16.0	342.69	4.0	1.31
1696213860.0			0.0	14.88	85.0	0	0	1016.64	17.98	16.0	342.69	4.0	1.33
1696213920.0			0.0	14.88	85.0	0	0	1016.63	17.95	16.0	342.69	4.0	1.34
1696213980.0			0.0	14.88	85.0	0	0	1016.61	17.93	16.0	342.81	4.0	1.35
1696214040.0			0.0	14.88	85.0	0	0	1016.6	17.9	16.0	342.81	4.0	1.36
1696214100.0			0.0	14.88	85.0	0	0	1016.59	17.88	16.0	342.81	4.0	1.38
1696214160.0			0.0	14.86	84.8	0	0	1016.58	17.8	16.0	342.81	3.9	1.33
1696214220.0			0.0	14.85	84.6	0	0	1016.57	17.73	16.0	342.81	3.8	1.27
1696214280.0			0.0	14.84	84.4	0	0	1016.56	17.65	16.0	347.5	3.7	1.23
1696214340.0			0.0	14.83	84.2	0	0	1016.54	17.58	16.0	347.5	3.6	1.18
1696214400.0			0.0	14.81	84.0	0	0	1016.53	17.5	16.0	347.5	3.5	1.13
1696214460.0			0.0	14.81	84.0	0	0	1016.52	17.5	16.0	347.5	3.5	1.13
1696214520.0			0.0	14.81	84.0	0	0	1016.51	17.5	16.0	347.5	3.5	1.13
1696214580.0			0.0	14.81	84.0	0	0	1016.5	17.5	16.0	347.5	3.5	1.13
1696214640.0			0.0	14.81	84.0	0	0	1016.49	17.5	16.0	347.5	3.5	1.13
1696214700.0			0.0	14.81	84.0	0	0	1016.47	17.5	16.0	347.5	3.5	1.13
1696214760.0			0.0	14.81	84.0	0	0	1016.46	17.5	16.0	347.5	3.5	1.13
1696214820.0			0.0	14.81	84.0	0	0	1016.45	17.5	16.0	347.5	3.5	1.13
1696214880.0			0.0	14.81	84.0	0	0	1016.44	17.5	16.0	344.13	3.5	1.13
1696214940.0			0.0	14.81	84.0	0	0	1016.43	17.5	16.0	344.13	3.5	1.13
1696215000.0			0.0	14.81	84.0	0	0	1016.42	17.5	16.0	344.13	3.5	1.13
1696215060.0			0.0	14.81	84.2	0	0	1016.4	17.48	16.0	344.13	3.53	1.13
1696215120.0			0.0	14.81	84.4	0	0	1016.39	17.45	16.0	344.13	3.55	1.13
1696215180.0			0.0	14.81	84.6	0	0	1016.38	17.43	16.0	344.0	3.58	1.13
1696215240.0			0.0	14.81	84.8	0	0	1016.37	17.4	16.0	344.0	3.6	1.13
1696215300.0			0.0	14.81	85.0	0	0	1016.36	17.38	16.0	344.0	3.63	1.13
1696215360.0			0.0	14.83	85.6	0	0	1016.35	17.38	16.0	344.0	3.64	1.13
1696215420.0			0.0	14.84	86.2	0	0	1016.33	17.38	16.0	344.0	3.65	1.13
1696215480.0			0.0	14.85	86.8	0	0	1016.32	17.38	16.0	347.19	3.66	1.13
1696215540.0			0.0	14.86	87.4	0	0	1016.31	17.38	16.0	347.19	3.68	1.13
1696215600.0			0.0	14.88	88.0	0	0	1016.3	17.38	16.0	347.19	3.69	1.13
1696215660.0			0.0	14.88	88.0	0	0	1016.31	17.36	16.0	347.19	3.69	1.13
1696215720.0			0.0	14.88	88.0	0	0	1016.33	17.35	16.0	347.19	3.69	1.13
1696215780.0			0.0	14.88	88.0	0	0	1016.35	17.34	16.0	348.19	3.69	1.13
1696215840.0			0.0	14.88	88.0	0	0	1016.36	17.33	16.0	348.19	3.69	1.13
1696215900.0			0.0	14.88	88.0	0	0	1016.38	17.31	16.0	348.19	3.69	1.13
1696215960.0			0.0	14.88	88.0	0	0	1016.39	17.31	16.0	348.19	3.71	1.1
1696216020.0			0.0	14.88	88.0	0	0	1016.41	17.31	16.0	348.19	3.74	1.08
1696216080.0			0.0	14.88	88.0	0	0	1016.42	17.31	16.0	349.19	3.76	1.05
1696216140.0			0.0	14.88	88.0	0	0	1016.44	17.31	16.0	349.19	3.79	1.02
1696216200.0			0.0	14.88	88.0	0	0	1016.46	17.31	16.0	349.19	3.81	1.0
1696216260.0			0.0	14.88	88.0	0	0	1016.47	17.31	16.0	349.19	3.81	1.0
1696216320.0			0.0	14.88	88.0	0	0	1016.49	17.31	16.0	349.19	3.81	1.0
1696216380.0			0.0	14.88	88.0	0	0	1016.5	17.31	16.0	350.31	3.81	1.0
1696216440.0			0.0	14.88	88.0	0	0	1016.52	17.31	16.0	350.31	3.81	1.0
1696216500.0			0.0	14.88	88.0	0	0	1016.53	17.31	16.0	350.31	3.81	1.0
1696216560.0			0.0	14.86	88.0	0	0	1016.55	17.29	16.0	350.31	3.81	1.0
1696216620.0			0.0	14.85	88.0	0	0	1016.57	17.26	16.0	350.31	3.81	1.0
1696216680.0			0.0	14.84	88.0	0	0	1016.58	17.24	16.0	347.69	3.81	1.0
1696216740.0			0.0	14.83	88.0	0	0	1016.6	17.21	16.0	347.69	3.81	1.0
1696216800.0			0.0	14.81	88.0	0	0	1016.61	17.19	16.0	347.69	3.81	1.0
1696216860.0			0.0	14.81	88.2	0	0	1016.63	17.15	16.0	347.69	3.81	1.0
1696216920.0			0.0	14.81	88.4	0	0	1016.64	17.11	16.0	347.69	3.81	1.0
1696216980.0			0.0	14.81	88.6	0	0	1016.66	17.08	16.0	342.38	3.81	1.0
1696217040.0			0.0	14.81	88.8	0	0	1016.68	17.04	16.0	342.38	3.81	1.0
1696217100.0			0.0	14.81	89.0	0	0	1016.69	17.0	16.0	342.38	3.81	1.0
1696217160.0			0.0	14.81	89.0	0	0	1016.71	17.0	16.0	342.38	3.81	1.0
1696217220.0			0.0	14.81	89.0	0	0	1016.72	17.0	16.0	342.38	3.81	1.0
1696217280.0			0.0	14.81	89.0	0	0	1016.74	17.0	16.0	342.0	3.81	1.0
1696217340.0			0.0	14.81	89.0	0	0	1016.75	17.0	16.0	342.0	3.81	1.0
1696217400.0			0.0	14.81	89.0	0	0	1016.77	17.0	16.0	342.0	3.81	1.0
1696217460.0			0.0	14.81	89.0	0	0	1016.78	16.98	16.0	342.0	3.81	1.0
1696217520.0			0.0	14.81	89.0	0	0	1016.8	16.95	16.0	342.0	3.81	1.0
1696217580.0			0.0	14.81	89.0	0	0	1016.82	16.93	16.0	341.69	3.81	1.0
1696217640.0			0.0	14.81	89.0	0	0	1016.83	16.9	16.0	341.69	3.81	1.0
1696217700.0			0.0	14.81	89.0	0	0	1016.85	16.88	16.0	341.69	3.81	1.0
1696217760.0			0.0	14.79	89.0	0	0	1016.86	16.86	16.0	341.69	3.81	0.98
1696217820.0			0.0	14.76	89.0	0	0	1016.88	16.85	16.0	341.69	3.81	0.95
1696217880.0			0.0	14.74	89.0	0	0	1016.89	16.84	16.0	341.38	3.81	0.93
1696217940.0			0.0	14.71	89.0	0	0	1016.91	16.83	16.0	341.38	3.81	0.9
1696218000.0			0.0	14.69	89.0	0	0	1016.93	16.81	16.0	341.38	3.81	0.88
1696218060.0			0.0	14.69	89.0	0	0	1016.94	16.81	16.0	341.38	3.79	0.88
1696218120.0			0.0	14.69	89.0	0	0	1016.96	16.81	16.0	341.38	3.76	0.88
1696218180.0			0.0	14.69	89.0	0	0	1016.97	16.81	16.0	341.19	3.74	0.88
1696218240.0			0.0	14.69	89.0	0	0	1016.99	16.81	16.0	341.19	3.71	0.88
1696218300.0			0.0	14.69	89.0	0	0	1017.0	16.81	16.0	341.19	3.69	0.88
1696218360.0			0.0	14.69	89.0	0	0	1017.02	16.81	16.0	341.19	3.69	0.86
1696218420.0			0.0	14.69	89.0	0	0	1017.04	16.81	16.0	341.19	3.69	0.85
1696218480.0			0.0	14.69	89.0	0	0	1017.05	16.81	16.0	340.88	3.69	0.84
1696218540.0			0.0	14.69	89.0	0	0	1017.07	16.81	16.0	340.88	3.69	0.83
1696218600.0			0.0	14.69	89.0	0	0	1017.08	16.81	16.0	340.88	3.69	0.81
1696218660.0			0.0	14.69	89.0	0	0	1017.1	16.81	16.0	340.88	3.69	0.81
1696218720.0			0.0	14.69	89.0	0	0	1017.11	16.81	16.0	340.88	3.69	0.81
1696218780.0			0.0	14.69	89.0	0	0	1017.13	16.81	16.0	340.63	3.69	0.81
1696218840.0			0.0	14.69	89.0	0	0	1017.15	16.81	16.0	340.63	3.69	0.81
1696218900.0			0.0	14.69	89.0	0	0	1017.16	16.81	16.0	340.63	3.69	0.81
1696218960.0			0.0	14.68	89.0	0	0	1017.18	16.77	16.0	340.63	3.68	0.79
1696219020.0			0.0	14.66	89.0	0	0	1017.19	16.74	16.0	340.63	3.66	0.76
1696219080.0			0.0	14.65	89.0	0	0	1017.21	16.7	16.0	340.13	3.65	0.74
1696219140.0			0.0	14.64	89.0	0	0	1017.22	16.66	16.0	340.13	3.64	0.71
1696219200.0			0.0	14.63	89.0	0	0	1017.24	16.63	16.0	340.13	3.63	0.69
1696219260.0			0.0	14.63	89.0	0	0	1017.23	16.63	16.0	340.13	3.63	0.69
1696219320.0			0.0	14.63	89.0	0	0	1017.22	16.63	16.0	340.13	3.63	0.69
1696219380.0			0.0	14.63	89.0	0	0	1017.21	16.63	16.0	339.19	3.63	0.69
1696219440.0			0.0	14.63	89.0	0	0	1017.21	16.63	16.0	339.19	3.63	0.69
1696219500.0			0.0	14.63	89.0	0	0	1017.2	16.63	16.0	339.19	3.63	0.69
1696219560.0			0.0	14.64	89.0	0	0	1017.19	16.63	16.0	339.19	3.63	0.69
1696219620.0			0.0	14.65	89.0	0	0	1017.18	16.63	16.0	339.19	3.63	0.69
1696219680.0			0.0	14.66	89.0	0	0	1017.17	16.63	16.0	338.0	3.63	0.69
1696219740.0			0.0	14.68	89.0	0	0	1017.16	16.63	16.0	338.0	3.63	0.69
1696219800.0			0.0	14.69	89.0	0	0	1017.16	16.63	16.0	338.0	3.63	0.69
1696219860.0			0.0	14.69	89.2	0	0	1017.15	16.6	16.0	338.0	3.63	0.68
1696219920.0			0.0	14.69	89.4	0	0	1017.14	16.58	16.0	338.0	3.63	0.66
1696219980.0			0.0	14.69	89.6	0	0	1017.13	16.55	16.0	336.5	3.63	0.65
1696220040.0			0.0	14.69	89.8	0	0	1017.12	16.52	16.0	336.5	3.63	0.64
1696220100.0			0.0	14.69	90.0	0	0	1017.11	16.5	16.0	336.5	3.63	0.63
1696220160.0			0.0	14.68	90.2	0	0	1017.11	16.48	16.0	336.5	3.63	0.63
1696220220.0			0.0	14.66	90.4	0	0	1017.1	16.45	16.0	336.5	3.63	0.63
1696220280.0			0.0	14.65	90.6	0	0	1017.09	16.43	16.0	334.63	3.63	0.63
1696220340.0			0.0	14.64	90.8	0	0	1017.08	16.4	16.0	334.63	3.63	0.63
1696220400.0			0.0	14.63	91.0	0	0	1017.07	16.38	16.0	334.63	3.63	0.63
1696220460.0			0.0	14.63	91.0	0	0	1017.06	16.38	16.0	334.63	3.63	0.6
1696220520.0			0.0	14.63	91.0	0	0	1017.06	16.38	16.0	334.63	3.63	0.57
1696220580.0			0.0	14.63	91.0	0	0	1017.05	16.38	16.0	332.19	3.63	0.55
1696220640.0			0.0	14.63	91.0	0	0	1017.04	16.38	16.0	332.19	3.63	0.53
1696220700.0			0.0	14.63	91.0	0	0	1017.03	16.38	16.0	332.19	3.63	0.5
1696220760.0			0.0	14.68	91.4	0	0	1017.02	16.34	16.0	332.19	3.6	0.53
1696220820.0			0.0	14.73	91.8	0	0	1017.01	16.3	16.0	332.19	3.58	0.55
1696220880.0			0.0	14.78	92.2	0	0	1017.01	16.26	16.0	341.81	3.55	0.57
1696220940.0			0.0	14.83	92.6	0	0	1017.0	16.23	16.0	341.81	3.53	0.6
1696221000.0			0.0	14.88	93.0	0	0	1016.99	16.19	16.0	341.81	3.5	0.63
1696221060.0			0.0	14.86	93.0	0	0	1016.98	16.19	16.0	341.81	3.48	0.6
1696221120.0			0.0	14.85	93.0	0	0	1016.97	16.19	16.0	341.81	3.45	0.57
1696221180.0			0.0	14.84	93.0	0	0	1016.96	16.19	16.0	342.13	3.43	0.55
1696221240.0			0.0	14.83	93.0	0	0	1016.96	16.19	16.0	342.13	3.4	0.53
1696221300.0			0.0	14.81	93.0	0	0	1016.95	16.19	16.0	342.13	3.38	0.5
1696221360.0			0.0	14.81	93.0	0	0	1016.94	16.19	16.0	342.13	3.36	0.48
1696221420.0			0.0	14.81	93.0	0	0	1016.93	16.19	16.0	342.13	3.35	0.45
1696221480.0			0.0	14.81	93.0	0	0	1016.92	16.19	16.0	342.31	3.34	0.43
1696221540.0			0.0	14.81	93.0	0	0	1016.91	16.19	16.0	342.31	3.33	0.4
1696221600.0			0.0	14.81	93.0	0	0	1016.91	16.19	16.0	342.31	3.31	0.38
1696221660.0			0.0	14.81	93.0	0	0	1016.9	16.19	16.0	342.31	3.29	0.36
1696221720.0			0.0	14.81	93.0	0	0	1016.89	16.19	16.0	342.31	3.26	0.35
1696221780.0			0.0	14.81	93.0	0	0	1016.88	16.19	16.0	342.0	3.24	0.34
1696221840.0			0.0	14.81	93.0	0	0	1016.87	16.19	16.0	342.0	3.21	0.33
1696221900.0			0.0	14.81	93.0	0	0	1016.86	16.19	16.0	342.0	3.19	0.31
1696221960.0			0.0	14.81	93.0	0	0	1016.86	16.18	16.0	342.0	3.18	0.29
1696222020.0			0.0	14.81	93.0	0	0	1016.85	16.16	16.0	342.0	3.16	0.26
1696222080.0			0.0	14.81	93.0	0	0	1016.84	16.15	16.0	340.31	3.15	0.24
1696222140.0			0.0	14.81	93.0	0	0	1016.83	16.14	16.0	340.31	3.14	0.21
1696222200.0			0.0	14.81	93.0	0	0	1016.82	16.13	16.0	340.31	3.13	0.19
1696222260.0			0.0	14.79	93.0	0	0	1016.81	16.13	16.0	340.31	3.13	0.18
1696222320.0			0.0	14.76	93.0	0	0	1016.81	16.13	16.0	340.31	3.13	0.16
1696222380.0			0.0	14.74	93.0	0	0	1016.8	16.13	16.0	336.13	3.13	0.15
1696222440.0			0.0	14.71	93.0	0	0	1016.79	16.13	16.0	336.13	3.13	0.14
1696222500.0			0.0	14.69	93.0	0	0	1016.78	16.13	16.0	336.13	3.13	0.13
1696222560.0			0.0	14.69	93.0	0	0	1016.77	16.13	16.0	336.13	3.13	0.1
1696222620.0			0.0	14.69	93.0	0	0	1016.76	16.13	16.0	336.13	3.13	0.08
1696222680.0			0.0	14.69	93.0	0	0	1016.76	16.13	16.0	328.31	3.13	0.05
1696222740.0			0.0	14.69	93.0	0	0	1016.75	16.13	16.0	328.31	3.13	0.02
1696222800.0			0.0	14.69	93.0	0	0	1016.74	16.13	16.0	328.31	3.13	0.0
1696222860.0			0.0	14.69	93.0	0	0	1016.73	16.13	16.0	328.31	3.13	0.03
1696222920.0			0.0	14.69	93.0	0	0	1016.72	16.13	16.0	328.31	3.13	0.05
1696222980.0			0.0	14.69	93.0	0	0	1016.71	16.13	16.0	329.31	3.13	0.08
1696223040.0			0.0	14.69	93.0	0	0	1016.7	16.13	16.0	329.31	3.13	0.1
1696223100.0			0.0	14.69	93.0	0	0	1016.69	16.13	16.0	329.31	3.13	0.13
1696223160.0			0.0	14.69	93.0	0	0	1016.68	16.1	16.0	329.31	3.14	0.13
1696223220.0			0.0	14.69	93.0	0	0	1016.66	16.08	16.0	329.31	3.15	0.13
1696223280.0			0.0	14.69	93.0	0	0	1016.65	16.05	16.0	330.0	3.16	0.13
1696223340.0			0.0	14.69	93.0	0	0	1016.64	16.02	16.0	330.0	3.18	0.13
1696223400.0			0.0	14.69	93.0	0	0	1016.63	16.0	16.0	330.0	3.19	0.13
1696223460.0			0.0	14.69	93.0	0	0	1016.62	16.0	16.0	330.0	3.19	0.13
1696223520.0			0.0	14.69	93.0	0	0	1016.61	16.0	16.0	330.0	3.19	0.13
1696223580.0			0.0	14.69	93.0	0	0	1016.6	16.0	16.0	330.63	3.19	0.13
1696223640.0			0.0	14.69	93.0	0	0	1016.59	16.0	16.0	330.63	3.19	0.13
1696223700.0			0.0	14.69	93.0	0	0	1016.58	16.0	16.0	330.63	3.19	0.13
1696223760.0			0.0	14.53	91.8	0	0	1016.57	15.98	16.0	330.63	2.68	0.1
1696223820.0			0.0	14.36	90.6	0	0	1016.56	15.95	16.0	330.63	2.16	0.08
1696223880.0			0.0	14.2	89.4	0	0	1016.55	15.93	16.0	331.0	1.65	0.05
1696223940.0			0.0	14.04	88.2	0	0	1016.54	15.9	16.0	331.0	1.14	0.02
1696224000.0			0.0	13.88	87.0	0	0	1016.53	15.88	16.0	331.0	0.63	0.0
1696224060.0			0.0	13.86	87.0	0	0	1016.52	15.86	16.0	331.0	0.64	0.03
1696224120.0			0.0	13.85	87.0	0	0	1016.5	15.85	16.0	331.0	0.65	0.05
1696224180.0			0.0	13.84	87.0	0	0	1016.49	15.84	16.0	340.88	0.66	0.08
1696224240.0			0.0	13.83	87.0	0	0	1016.48	15.83	16.0	340.88	0.68	0.1
1696224300.0			0.0	13.81	87.0	0	0	1016.47	15.81	16.0	340.88	0.69	0.13
1696224360.0			0.0	13.81	87.0	0	0	1016.46	15.81	16.0	340.88	0.69	0.13
1696224420.0			0.0	13.81	87.0	0	0	1016.45	15.81	16.0	340.88	0.69	0.13
1696224480.0			0.0	13.81	87.0	0	0	1016.44	15.81	16.0	339.81	0.69	0.13
1696224540.0			0.0	13.81	87.0	0	0	1016.43	15.81	16.0	339.81	0.69	0.13
1696224600.0			0.0	13.81	87.0	0	0	1016.42	15.81	16.0	339.81	0.69	0.13
1696224660.0			0.2	13.81	87.0	0	0	1016.41	15.81	16.0	339.81	0.69	0.1
1696224720.0			0.4	13.81	87.0	0	0	1016.4	15.81	16.0	339.81	0.69	0.08
1696224780.0			0.6	13.81	87.0	0	0	1016.39	15.81	16.0	337.69	0.69	0.05
1696224840.0			0.8	13.81	87.0	0	0	1016.38	15.81	16.0	337.69	0.69	0.02
1696224900.0			1.0	13.81	87.0	0	0	1016.37	15.81	16.0	337.69	0.69	0.0
1696224960.0			1.0	13.83	87.0	0	0	1016.36	15.83	16.0	337.69	0.69	0.0
1696225020.0			1.0	13.84	87.0	0	0	1016.34	15.84	16.0	337.69	0.69	0.0
1696225080.0			1.0	13.85	87.0	0	0	1016.33	15.85	16.0	334.69	0.69	0.0
1696225140.0			1.0	13.86	87.0	0	0	1016.32	15.86	16.0	334.69	0.69	0.0
1696225200.0			1.0	13.88	87.0	0	0	1016.31	15.88	16.0	334.69	0.69	0.0
1696225260.0			1.0	13.88	87.0	0	0	1016.3	15.86	16.0	334.69	0.69	0.0
1696225320.0			1.0	13.88	87.0	0	0	1016.29	15.85	16.0	334.69	0.69	0.0
1696225380.0			1.0	13.88	87.0	0	0	1016.28	15.84	16.0	331.0	0.69	0.0
1696225440.0			1.0	13.88	87.0	0	0	1016.27	15.83	16.0	331.0	0.69	0.0
1696225500.0			1.0	13.88	87.0	0	0	1016.26	15.81	16.0	331.0	0.69	0.0
1696225560.0			1.0	13.88	87.0	0	0	1016.25	15.81	16.0	331.0	0.68	0.0
1696225620.0			1.0	13.88	87.0	0	0	1016.24	15.81	16.0	331.0	0.66	0.0
1696225680.0			1.0	13.88	87.0	0	0	1016.23	15.81	16.0	326.5	0.65	0.0
1696225740.0			1.0	13.88	87.0	0	0	1016.22	15.81	16.0	326.5	0.64	0.0
1696225800.0			1.0	13.88	87.0	0	0	1016.21	15.81	16.0	326.5	0.63	0.0
1696225860.0			1.0	13.88	87.0	0	0	1016.2	15.81	16.0	326.5	0.63	0.0
1696225920.0			1.0	13.88	87.0	0	0	1016.18	15.81	16.0	326.5	0.63	0.0
1696225980.0			1.0	13.88	87.0	0	0	1016.17	15.81	16.0	321.31	0.63	0.0
1696226040.0			1.0	13.88	87.0	0	0	1016.16	15.81	16.0	321.31	0.63	0.0
1696226100.0			1.0	13.88	87.0	0	0	1016.15	15.81	16.0	321.31	0.63	0.0
1696226160.0			1.0	13.88	87.0	0	0	1016.14	15.81	16.0	321.31	0.6	0.0
1696226220.0			1.0	13.88	87.0	0	0	1016.13	15.81	16.0	321.31	0.57	0.0
1696226280.0			1.0	13.88	87.0	0	0	1016.12	15.81	16.0	315.69	0.55	0.0
1696226340.0			1.0	13.88	87.0	0	0	1016.11	15.81	16.0	315.69	0.53	0.0
1696226400.0			1.0	13.88	87.0	0	0	1016.1	15.81	16.0	315.69	0.5	0.0
1696226460.0			1.0	13.88	87.0	0	0	1016.11	15.81	16.0	315.69	0.5	0.0
1696226520.0			1.0	13.88	87.0	0	0	1016.12	15.81	16.0	315.69	0.5	0.0
1696226580.0			1.0	13.88	87.0	0	0	1016.13	15.81	16.0	318.0	0.5	0.0
1696226640.0			1.0	13.88	87.0	0	0	1016.14	15.81	16.0	318.0	0.5	0.0
1696226700.0			1.0	13.88	87.0	0	0	1016.15	15.81	16.0	318.0	0.5	0.0
1696226760.0			1.0	13.88	87.0	0	0	1016.17	15.81	16.0	318.0	0.5	0.0
1696226820.0			1.0	13.88	87.0	0	0	1016.18	15.81	16.0	318.0	0.5	0.0
1696226880.0			1.0	13.88	87.0	0	0	1016.19	15.81	16.0	320.0	0.5	0.0
1696226940.0			1.0	13.88	87.0	0	0	1016.2	15.81	16.0	320.0	0.5	0.0
1696227000.0			1.0	13.88	87.0	0	0	1016.21	15.81	16.0	320.0	0.5	0.0
1696227060.0			1.0	13.88	87.0	0	0	1016.22	15.81	16.0	320.0	0.5	0.0
1696227120.0			1.0	13.88	87.0	0	0	1016.23	15.81	16.0	320.0	0.5	0.0
1696227180.0			1.0	13.88	87.0	0	0	1016.24	15.81	16.0	321.88	0.5	0.0
1696227240.0			1.0	13.88	87.0	0	0	1016.25	15.81	16.0	321.88	0.5	0.0
1696227300.0			1.0	13.88	87.0	0	0	1016.27	15.81	16.0	321.88	0.5	0.0
1696227360.0			1.0	13.9	88.0	0	0	1016.28	15.69	16.0	321.88	1.08	0.03
1696227420.0			1.0	13.93	89.0	0	0	1016.29	15.56	16.0	321.88	1.65	0.05
1696227480.0			1.0	13.95	90.0	0	0	1016.3	15.44	16.0	323.63	2.22	0.08
1696227540.0			1.0	13.98	91.0	0	0	1016.31	15.31	16.0	323.63	2.8	0.1
1696227600.0			1.0	14.0	92.0	0	0	1016.32	15.19	16.0	323.63	3.38	0.13
1696227660.0			1.0	14.0	92.0	0	0	1016.33	15.19	16.0	323.63	3.38	0.13
1696227720.0			1.0	14.0	92.0	0	0	1016.34	15.19	16.0	323.63	3.38	0.13
1696227780.0			1.0	14.0	92.0	0	0	1016.35	15.19	16.0	325.13	3.38	0.13
1696227840.0			1.0	14.0	92.0	0	0	1016.37	15.19	16.0	325.13	3.38	0.13
1696227900.0			1.0	14.0	92.0	0	0	1016.38	15.19	16.0	325.13	3.38	0.13
1696227960.0			1.0	14.0	92.0	0	0	1016.39	15.19	16.0	325.13	3.38	0.14
1696228020.0			1.0	14.0	92.0	0	0	1016.4	15.19	16.0	325.13	3.38	0.15
1696228080.0			1.0	14.0	92.0	0	0	1016.41	15.19	16.0	326.5	3.38	0.16
1696228140.0			1.0	14.0	92.0	0	0	1016.42	15.19	16.0	326.5	3.38	0.18
1696228200.0			1.0	14.0	92.0	0	0	1016.43	15.19	16.0	326.5	3.38	0.19
1696228260.0			0.8	14.0	92.0	0	0	1016.44	15.19	16.0	326.5	3.4	0.19
1696228320.0			0.6	14.0	92.0	0	0	1016.45	15.19	16.0	326.5	3.43	0.19
1696228380.0			0.4	14.0	92.0	0	0	1016.47	15.19	16.0	327.69	3.45	0.19
1696228440.0			0.2	14.0	92.0	0	0	1016.48	15.19	16.0	327.69	3.48	0.19
1696228500.0			0.0	14.0	92.0	0	0	1016.49	15.19	16.0	327.69	3.5	0.19
1696228560.0			0.0	13.96	91.8	0	0	1016.5	15.19	16.0	327.69	3.46	0.19
1696228620.0			0.0	13.93	91.6	0	0	1016.51	15.19	16.0	327.69	3.43	0.19
1696228680.0			0.0	13.89	91.4	0	0	1016.52	15.19	16.0	10.31	3.39	0.19
1696228740.0			0.0	13.85	91.2	0	0	1016.53	15.19	16.0	10.31	3.35	0.19
1696228800.0			0.0	13.81	91.0	0	0	1016.54	15.19	16.0	10.31	3.31	0.19
1696228860.0			0.0	13.79	91.0	0	0	1016.55	15.19	16.0	10.31	3.29	0.19
1696228920.0			0.0	13.76	91.0	0	0	1016.57	15.19	16.0	10.31	3.26	0.19
1696228980.0			0.0	13.74	91.0	0	0	1016.58	15.19	16.0	15.88	3.24	0.19
1696229040.0			0.0	13.71	91.0	0	0	1016.59	15.19	16.0	15.88	3.21	0.19
1696229100.0			0.0	13.69	91.0	0	0	1016.6	15.19	16.0	15.88	3.19	0.19
1696229160.0			0.0	13.69	90.8	0	0	1016.61	15.19	16.0	15.88	3.19	0.19
1696229220.0			0.0	13.69	90.6	0	0	1016.62	15.19	16.0	15.88	3.19	0.19
1696229280.0			0.0	13.69	90.4	0	0	1016.63	15.19	16.0	21.69	3.19	0.19
1696229340.0			0.0	13.69	90.2	0	0	1016.64	15.19	16.0	21.69	3.19	0.19
1696229400.0			0.0	13.69	90.0	0	0	1016.65	15.19	16.0	21.69	3.19	0.19
1696229460.0			0.0	13.69	90.0	0	0	1016.67	15.19	16.0	21.69	3.19	0.19
1696229520.0			0.0	13.69	90.0	0	0	1016.68	15.19	16.0	21.69	3.19	0.19
1696229580.0			0.0	13.69	90.0	0	0	1016.69	15.19	16.0	27.69	3.19	0.19
1696229640.0			0.0	13.69	90.0	0	0	1016.7	15.19	16.0	27.69	3.19	0.19
1696229700.0			0.0	13.69	90.0	0	0	1016.71	15.19	16.0	27.69	3.19	0.19
1696229760.0			0.0	13.68	90.0	0	0	1016.72	15.19	16.0	27.69	3.18	0.19
1696229820.0			0.0	13.66	90.0	0	0	1016.73	15.19	16.0	27.69	3.16	0.19
1696229880.0			0.0	13.65	90.0	0	0	1016.74	15.19	16.0	33.81	3.15	0.19
1696229940.0			0.0	13.64	90.0	0	0	1016.75	15.19	16.0	33.81	3.14	0.19
1696230000.0			0.0	13.63	90.0	0	0	1016.77	15.19	16.0	33.81	3.13	0.19
1696230060.0			0.0	13.63	90.0	0	0	1016.77	15.19	16.0	33.81	3.14	0.19
1696230120.0			0.0	13.63	90.0	0	0	1016.77	15.19	16.0	33.81	3.15	0.19
1696230180.0			0.0	13.63	90.0	0	0	1016.77	15.19	16.0	32.13	3.16	0.19
1696230240.0			0.0	13.63	90.0	0	0	1016.77	15.19	16.0	32.13	3.18	0.19
1696230300.0			0.0	13.63	90.0	0	0	1016.78	15.19	16.0	32.13	3.19	0.19
1696230360.0			0.0	13.63	90.2	0	0	1016.78	15.19	16.0	32.13	3.19	0.21
1696230420.0			0.0	13.63	90.4	0	0	1016.78	15.19	16.0	32.13	3.19	0.24
1696230480.0			0.0	13.63	90.6	0	0	1016.78	15.19	16.0	30.0	3.19	0.26
1696230540.0			0.0	13.63	90.8	0	0	1016.79	15.19	16.0	30.0	3.19	0.29
1696230600.0			0.0	13.63	91.0	0	0	1016.79	15.19	16.0	30.0	3.19	0.31
1696230660.0			0.0	13.64	91.0	0	0	1016.79	15.19	16.0	30.0	3.19	0.33
1696230720.0			0.0	13.65	91.0	0	0	1016.79	15.19	16.0	30.0	3.19	0.34
1696230780.0			0.0	13.66	91.0	0	0	1016.79	15.19	16.0	27.81	3.19	0.35
1696230840.0			0.0	13.68	91.0	0	0	1016.8	15.19	16.0	27.81	3.19	0.36
1696230900.0			0.0	13.69	91.0	0	0	1016.8	15.19	16.0	27.81	3.19	0.38
1696230960.0			0.0	13.69	91.0	0	0	1016.8	15.19	16.0	27.81	3.21	0.38
1696231020.0			0.0	13.69	91.0	0	0	1016.8	15.19	16.0	27.81	3.24	0.38
1696231080.0			0.0	13.69	91.0	0	0	1016.81	15.19	16.0	25.19	3.26	0.38
1696231140.0			0.0	13.69	91.0	0	0	1016.81	15.19	16.0	25.19	3.29	0.38
1696231200.0			0.0	13.69	91.0	0	0	1016.81	15.19	16.0	25.19	3.31	0.38
1696231260.0			0.0	13.68	91.0	0	0	1016.81	15.15	16.0	25.19	3.23	0.44
1696231320.0			0.0	13.66	91.0	0	0	1016.81	15.11	16.0	25.19	3.14	0.5
1696231380.0			0.0	13.65	91.0	0	0	1016.82	15.08	16.0	326.63	3.05	0.56
1696231440.0			0.0	13.64	91.0	0	0	1016.82	15.04	16.0	326.63	2.96	0.63
1696231500.0			0.0	13.63	91.0	0	0	1016.82	15.0	16.0	326.63	2.88	0.69
1696231560.0			0.0	13.63	91.0	0	0	1016.82	15.0	16.0	326.63	2.88	0.69
1696231620.0			0.0	13.63	91.0	0	0	1016.83	15.0	16.0	326.63	2.88	0.69
1696231680.0			0.0	13.63	91.0	0	0	1016.83	15.0	16.0	329.88	2.88	0.69
1696231740.0			0.0	13.63	91.0	0	0	1016.83	15.0	16.0	329.88	2.88	0.69
1696231800.0			0.0	13.63	91.0	0	0	1016.83	15.0	16.0	329.88	2.88	0.69
1696231860.0			0.0	13.6	91.0	0	0	1016.83	14.98	16.0	329.88	2.88	0.69
1696231920.0			0.0	13.58	91.0	0	0	1016.84	14.95	16.0	329.88	2.88	0.69
1696231980.0			0.0	13.55	91.0	0	0	1016.84	14.93	16.0	333.0	2.88	0.69
1696232040.0			0.0	13.53	91.0	0	0	1016.84	14.9	16.0	333.0	2.88	0.69
1696232100.0			0.0	13.5	91.0	0	0	1016.84	14.88	16.0	333.0	2.88	0.69
1696232160.0			0.0	13.5	91.0	0	0	1016.85	14.88	16.0	333.0	2.9	0.71
1696232220.0			0.0	13.5	91.0	0	0	1016.85	14.88	16.0	333.0	2.93	0.74
1696232280.0			0.0	13.5	91.0	0	0	1016.85	14.88	16.0	336.0	2.95	0.76
1696232340.0			0.0	13.5	91.0	0	0	1016.85	14.88	16.0	336.0	2.98	0.79
1696232400.0			0.0	13.5	91.0	0	0	1016.85	14.88	16.0	336.0	3.0	0.81
1696232460.0			0.0	13.5	91.0	0	0	1016.86	14.88	16.0	336.0	3.0	0.81
1696232520.0			0.0	13.5	91.0	0	0	1016.86	14.88	16.0	336.0	3.0	0.81
1696232580.0			0.0	13.5	91.0	0	0	1016.86	14.88	16.0	338.69	3.0	0.81
1696232640.0			0.0	13.5	91.0	0	0	1016.86	14.88	16.0	338.69	3.0	0.81
1696232700.0			0.0	13.5	91.0	0	0	1016.87	14.88	16.0	338.69	3.0	0.81
1696232760.0			0.0	13.48	91.0	0	0	1016.87	14.88	16.0	338.69	3.03	0.81
1696232820.0			0.0	13.45	91.0	0	0	1016.87	14.88	16.0	338.69	3.05	0.81
1696232880.0			0.0	13.43	91.0	0	0	1016.87	14.88	16.0	341.13	3.08	0.81
1696232940.0			0.0	13.4	91.0	0	0	1016.87	14.88	16.0	341.13	3.1	0.81
1696233000.0			0.0	13.38	91.0	0	0	1016.88	14.88	16.0	341.13	3.13	0.81
1696233060.0			0.0	13.38	91.0	0	0	1016.88	14.88	16.0	341.13	3.13	0.81
1696233120.0			0.0	13.38	91.0	0	0	1016.88	14.88	16.0	341.13	3.13	0.81
1696233180.0			0.0	13.38	91.0	0	0	1016.88	14.88	16.0	343.31	3.13	0.81
1696233240.0			0.0	13.38	91.0	0	0	1016.89	14.88	16.0	343.31	3.13	0.81
1696233300.0			0.0	13.38	91.0	0	0	1016.89	14.88	16.0	343.31	3.13	0.81
1696233360.0			0.0	13.38	91.0	0	0	1016.89	14.86	16.0	343.31	3.14	0.81
1696233420.0			0.0	13.38	91.0	0	0	1016.89	14.85	16.0	343.31	3.15	0.81
1696233480.0			0.0	13.38	91.0	0	0	1016.89	14.84	16.0	345.19	3.16	0.81
1696233540.0			0.0	13.38	91.0	0	0	1016.9	14.83	16.0	345.19	3.18	0.81
1696233600.0			0.0	13.38	91.0	0	0	1016.9	14.81	16.0	345.19	3.19	0.81
1696233660.0			0.0	13.38	91.0	0	0	1016.9	14.83	16.0	345.19	3.23	0.83
1696233720.0			0.0	13.38	91.0	0	0	1016.91	14.84	16.0	345.19	3.26	0.84
1696233780.0			0.0	13.38	91.0	0	0	1016.91	14.85	16.0	346.81	3.3	0.85
1696233840.0			0.0	13.38	91.0	0	0	1016.91	14.86	16.0	346.81	3.34	0.86
1696233900.0			0.0	13.38	91.0	0	0	1016.92	14.88	16.0	346.81	3.38	0.88
1696233960.0			0.0	13.38	91.0	0	0	1016.92	14.88	16.0	346.81	3.43	0.9
1696234020.0			0.0	13.38	91.0	0	0	1016.93	14.88	16.0	346.81	3.48	0.93
1696234080.0			0.0	13.38	91.0	0	0	1016.93	14.88	16.0	348.13	3.53	0.95
1696234140.0			0.0	13.38	91.0	0	0	1016.93	14.88	16.0	348.13	3.58	0.98
1696234200.0			0.0	13.38	91.0	0	0	1016.94	14.88	16.0	348.13	3.63	1.0
1696234260.0			0.0	13.38	91.0	0	0	1016.94	14.88	16.0	348.13	3.66	1.02
1696234320.0			0.0	13.38	91.0	0	0	1016.94	14.88	16.0	348.13	3.7	1.05
1696234380.0			0.0	13.38	91.0	0	0	1016.95	14.88	16.0	349.13	3.74	1.08
1696234440.0			0.0	13.38	91.0	0	0	1016.95	14.88	16.0	349.13	3.78	1.1
1696234500.0			0.0	13.38	91.0	0	0	1016.95	14.88	16.0	349.13	3.81	1.13
1696234560.0			0.0	13.38	91.0	0	0	1016.96	14.88	16.0	349.13	3.85	1.14
1696234620.0			0.0	13.38	91.0	0	0	1016.96	14.88	16.0	349.13	3.89	1.15
1696234680.0			0.0	13.38	91.0	0	0	1016.97	14.88	16.0	349.88	3.93	1.16
1696234740.0			0.0	13.38	91.0	0	0	1016.97	14.88	16.0	349.88	3.96	1.18
1696234800.0			0.0	13.38	91.0	0	0	1016.97	14.88	16.0	349.88	4.0	1.19
1696234860.0			0.0	13.44	91.2	0	0	1016.98	14.88	16.0	349.88	4.04	1.23
1696234920.0			0.0	13.5	91.4	0	0	1016.98	14.88	16.0	349.88	4.08	1.26
1696234980.0			0.0	13.56	91.6	0	0	1016.98	14.88	16.0	350.69	4.11	1.3
1696235040.0			0.0	13.63	91.8	0	0	1016.99	14.88	16.0	350.69	4.15	1.34
1696235100.0			0.0	13.69	92.0	0	0	1016.99	14.88	16.0	350.69	4.19	1.38
1696235160.0			0.0	13.69	92.0	0	0	1017.0	14.9	16.0	350.69	4.22	1.4
1696235220.0			0.0	13.69	92.0	0	0	1017.0	14.93	16.0	350.69	4.26	1.43
1696235280.0			0.0	13.69	92.0	0	0	1017.0	14.95	16.0	351.31	4.3	1.45
1696235340.0			0.0	13.69	92.0	0	0	1017.01	14.98	16.0	351.31	4.34	1.48
1696235400.0			0.0	13.69	92.0	0	0	1017.01	15.0	16.0	351.31	4.38	1.5
1696235460.0			0.0	13.69	92.0	0	0	1017.01	14.98	16.0	351.31	4.43	1.5
1696235520.0			0.0	13.69	92.0	0	0	1017.02	14.95	16.0	351.31	4.47	1.5
1696235580.0			0.0	13.69	92.0	0	0	1017.02	14.93	16.0	351.81	4.53	1.5
1696235640.0			0.0	13.69	92.0	0	0	1017.03	14.9	16.0	351.81	4.58	1.5
1696235700.0			0.0	13.69	92.0	0	0	1017.03	14.88	16.0	351.81	4.63	1.5
1696235760.0			0.0	13.69	92.0	0	0	1017.03	14.9	16.0	351.81	4.64	1.53
1696235820.0			0.0	13.69	92.0	0	0	1017.04	14.93	16.0	351.81	4.65	1.55
1696235880.0			0.0	13.69	92.0	0	0	1017.04	14.95	16.0	352.31	4.66	1.58
1696235940.0			0.0	13.69	92.0	0	0	1017.04	14.98	16.0	352.31	4.68	1.6
1696236000.0			0.0	13.69	92.0	0	0	1017.05	15.0	16.0	352.31	4.69	1.63
1696236060.0			0.0	13.71	92.0	0	0	1017.05	15.0	16.0	352.31	4.72	1.64
1696236120.0			0.0	13.74	92.0	0	0	1017.06	15.0	16.0	352.31	4.76	1.65
1696236180.0			0.0	13.76	92.0	0	0	1017.06	15.0	16.0	352.69	4.8	1.66
1696236240.0			0.0	13.79	92.0	0	0	1017.06	15.0	16.0	352.69	4.84	1.68
1696236300.0			0.0	13.81	92.0	0	0	1017.07	15.0	16.0	352.69	4.88	1.69
1696236360.0			0.0	13.81	92.0	0	0	1017.07	15.0	16.0	352.69	4.93	1.69
1696236420.0			0.0	13.81	92.0	0	0	1017.07	15.0	16.0	352.69	4.97	1.69
1696236480.0			0.0	13.81	92.0	0	0	1017.08	15.0	16.0	353.19	5.03	1.69
1696236540.0			0.0	13.81	92.0	0	0	1017.08	15.0	16.0	353.19	5.08	1.69
1696236600.0			0.0	13.81	92.0	0	0	1017.08	15.0	16.0	353.19	5.13	1.69
1696236660.0			0.0	13.81	92.0	0	0	1017.09	15.0	16.0	353.19	5.16	1.71
1696236720.0			0.0	13.81	92.0	0	0	1017.09	15.0	16.0	353.19	5.2	1.74
1696236780.0			0.0	13.81	92.0	0	0	1017.1	15.0	16.0	353.63	5.24	1.76
1696236840.0			0.0	13.81	92.0	0	0	1017.1	15.0	16.0	353.63	5.28	1.79
1696236900.0			0.0	13.81	92.0	0	0	1017.1	15.0	16.0	353.63	5.31	1.81
1696236960.0			0.0	13.81	92.0	0	0	1017.11	15.03	16.0	353.63	5.33	1.83
1696237020.0			0.0	13.81	92.0	0	0	1017.11	15.05	16.0	353.63	5.34	1.84
1696237080.0			0.0	13.81	92.0	0	0	1017.11	15.08	16.0	354.0	5.35	1.85
1696237140.0			0.0	13.81	92.0	0	0	1017.12	15.1	16.0	354.0	5.36	1.86
1696237200.0			0.0	13.81	92.0	0	0	1017.12	15.13	16.0	354.0	5.38	1.88
1696237260.0			0.0	13.83	92.0	0	0	1017.12	15.13	16.0	354.0	5.38	1.86
1696237320.0			0.0	13.84	92.0	0	0	1017.12	15.13	16.0	354.0	5.38	1.85
1696237380.0			0.0	13.85	92.0	0	0	1017.12	15.13	16.0	354.13	5.38	1.84
1696237440.0			0.0	13.86	92.0	0	0	1017.12	15.13	16.0	354.13	5.38	1.83
1696237500.0			0.0	13.88	92.0	0	0	1017.12	15.13	16.0	354.13	5.38	1.81
1696237560.0			0.0	13.88	92.0	0	0	1017.12	15.13	16.0	354.13	5.4	1.81
1696237620.0			0.0	13.88	92.0	0	0	1017.12	15.13	16.0	354.13	5.43	1.81
1696237680.0			0.0	13.88	92.0	0	0	1017.12	15.13	16.0	354.19	5.45	1.81
1696237740.0			0.0	13.88	92.0	0	0	1017.12	15.13	16.0	354.19	5.48	1.81
1696237800.0			0.0	13.88	92.0	0	0	1017.12	15.13	16.0	354.19	5.5	1.81
1696237860.0			0.0	13.86	92.0	0	0	1017.13	15.1	16.0	354.19	5.5	1.81
1696237920.0			0.0	13.85	92.0	0	0	1017.13	15.08	16.0	354.19	5.5	1.81
1696237980.0			0.0	13.84	92.0	0	0	1017.13	15.05	16.0	354.31	5.5	1.81
1696238040.0			0.0	13.83	92.0	0	0	1017.13	15.03	16.0	354.31	5.5	1.81
1696238100.0			0.0	13.81	92.0	0	0	1017.13	15.0	16.0	354.31	5.5	1.81
1696238160.0			0.0	13.81	92.0	0	0	1017.13	15.0	16.0	354.31	5.5	1.79
1696238220.0			0.0	13.81	92.0	0	0	1017.13	15.0	16.0	354.31	5.5	1.76
1696238280.0			0.0	13.81	92.0	0	0	1017.13	15.0	16.0	354.38	5.5	1.74
1696238340.0			0.0	13.81	92.0	0	0	1017.13	15.0	16.0	354.38	5.5	1.71
1696238400.0			0.0	13.81	92.0	0	0	1017.13	15.0	16.0	354.38	5.5	1.69
1696238460.0			0.0	13.81	92.0	0	0	1017.13	15.0	16.0	354.38	5.5	1.69
1696238520.0			0.0	13.81	92.0	0	0	1017.13	15.0	16.0	354.38	5.5	1.69
1696238580.0			0.0	13.81	92.0	0	0	1017.13	15.0	16.0	354.5	5.5	1.69
1696238640.0			0.0	13.81	92.0	0	0	1017.13	15.0	16.0	354.5	5.5	1.69
1696238700.0			0.0	13.81	92.0	0	0	1017.13	15.0	16.0	354.5	5.5	1.69
1696238760.0			0.0	13.81	92.2	0	0	1017.13	14.98	16.0	354.5	5.33	1.58
1696238820.0			0.0	13.81	92.4	0	0	1017.13	14.95	16.0	354.5	5.15	1.46
1696238880.0			0.0	13.81	92.6	0	0	1017.13	14.93	16.0	8.81	4.97	1.35
1696238940.0			0.0	13.81	92.8	0	0	1017.13	14.9	16.0	8.81	4.8	1.24
1696239000.0			0.0	13.81	93.0	0	0	1017.13	14.88	16.0	8.81	4.63	1.13
1696239060.0			0.0	13.81	93.0	0	0	1017.13	14.88	16.0	8.81	4.63	1.14
1696239120.0			0.0	13.81	93.0	0	0	1017.13	14.88	16.0	8.81	4.63	1.15
1696239180.0			0.0	13.81	93.0	0	0	1017.13	14.88	16.0	10.38	4.63	1.16
1696239240.0			0.0	13.81	93.0	0	0	1017.13	14.88	16.0	10.38	4.63	1.18
1696239300.0			0.0	13.81	93.0	0	0	1017.13	14.88	16.0	10.38	4.63	1.19
1696239360.0			0.0	13.81	93.0	0	0	1017.13	14.88	16.0	10.38	4.63	1.19
1696239420.0			0.0	13.81	93.0	0	0	1017.13	14.88	16.0	10.38	4.63	1.19
1696239480.0			0.0	13.81	93.0	0	0	1017.13	14.88	16.0	12.0	4.63	1.19
1696239540.0			0.0	13.81	93.0	0	0	1017.13	14.88	16.0	12.0	4.63	1.19
1696239600.0			0.0	13.81	93.0	0	0	1017.13	14.88	16.0	12.0	4.63	1.19
1696239660.0			0.0	13.81	93.0	0	0	1017.13	14.88	16.0	12.0	4.63	1.19
1696239720.0			0.0	13.81	93.0	0	0	1017.13	14.88	16.0	12.0	4.63	1.19
1696239780.0			0.0	13.81	93.0	0	0	1017.13	14.88	16.0	13.38	4.63	1.19
1696239840.0			0.0	13.81	93.0	0	0	1017.13	14.88	16.0	13.38	4.63	1.19
1696239900.0			0.0	13.81	93.0	0	0	1017.14	14.88	16.0	13.38	4.63	1.19
1696239960.0			0.0	13.81	93.0	0	0	1017.14	14.88	16.0	13.38	4.6	1.19
1696240020.0			0.0	13.81	93.0	0	0	1017.14	14.88	16.0	13.38	4.58	1.19
1696240080.0			0.0	13.81	93.0	0	0	1017.14	14.88	16.0	14.31	4.55	1.19
1696240140.0			0.0	13.81	93.0	0	0	1017.14	14.88	16.0	14.31	4.53	1.19
1696240200.0			0.0	13.81	93.0	0	0	1017.14	14.88	16.0	14.31	4.5	1.19
1696240260.0			0.0	13.81	93.0	0	0	1017.14	14.88	16.0	14.31	4.47	1.19
1696240320.0			0.0	13.81	93.0	0	0	1017.14	14.88	16.0	14.31	4.45	1.19
1696240380.0			0.0	13.81	93.0	0	0	1017.14	14.88	16.0	12.69	4.43	1.19
1696240440.0			0.0	13.81	93.0	0	0	1017.14	14.88	16.0	12.69	4.4	1.19
1696240500.0			0.0	13.81	93.0	0	0	1017.14	14.88	16.0	12.69	4.38	1.19
1696240560.0			0.0	13.81	93.0	0	0	1017.14	14.88	16.0	12.69	4.38	1.19
1696240620.0			0.0	13.81	93.0	0	0	1017.14	14.88	16.0	12.69	4.38	1.19
1696240680.0			0.0	13.81	93.0	0	0	1017.14	14.88	16.0	4.0	4.38	1.19
1696240740.0			0.0	13.81	93.0	0	0	1017.14	14.88	16.0	4.0	4.38	1.19
1696240800.0			0.0	13.81	93.0	0	0	1017.14	14.88	16.0	4.0	4.38	1.19
1696240860.0			0.0	13.81	93.0	0	0	1017.14	14.88	16.0	4.0	4.4	1.19
1696240920.0			0.0	13.81	93.0	0	0	1017.14	14.88	16.0	4.0	4.43	1.19
1696240980.0			0.0	13.81	93.0	0	0	1017.13	14.88	16.0	12.0	4.45	1.19
1696241040.0			0.0	13.81	93.0	0	0	1017.13	14.88	16.0	12.0	4.47	1.19
1696241100.0			0.0	13.81	93.0	0	0	1017.13	14.88	16.0	12.0	4.5	1.19
1696241160.0			0.0	13.81	93.0	0	0	1017.13	14.88	16.0	12.0	4.54	1.19
1696241220.0			0.0	13.81	93.0	0	0	1017.12	14.88	16.0	12.0	4.58	1.19
1696241280.0			0.0	13.81	93.0	0	0	1017.12	14.88	16.0	7.13	4.61	1.19
1696241340.0			0.0	13.81	93.0	0	0	1017.12	14.88	16.0	7.13	4.65	1.19
1696241400.0			0.0	13.81	93.0	0	0	1017.12	14.88	16.0	7.13	4.69	1.19
1696241460.0			0.0	13.81	93.0	0	0	1017.12	14.88	16.0	7.13	4.72	1.19
1696241520.0			0.0	13.81	93.0	0	0	1017.11	14.88	16.0	7.13	4.76	1.19
1696241580.0			0.0	13.81	93.0	0	0	1017.11	14.88	16.0	2.0	4.8	1.19
1696241640.0			0.0	13.81	93.0	0	0	1017.11	14.88	16.0	2.0	4.84	1.19
1696241700.0			0.0	13.81	93.0	0	0	1017.11	14.88	16.0	2.0	4.88	1.19
1696241760.0			0.0	13.81	93.0	0	0	1017.11	14.88	16.0	2.0	4.93	1.19
1696241820.0			0.0	13.81	93.0	0	0	1017.1	14.88	16.0	2.0	4.97	1.19
1696241880.0			0.0	13.81	93.0	0	0	1017.1	14.88	16.0	359.0	5.03	1.19
1696241940.0			0.0	13.81	93.0	0	0	1017.1	14.88	16.0	359.0	5.08	1.19
1696242000.0			0.0	13.81	93.0	0	0	1017.1	14.88	16.0	359.0	5.13	1.19
1696242060.0			0.0	13.79	93.2	0	0	1017.1	14.84	16.0	359.0	4.8	1.02
1696242120.0			0.0	13.76	93.4	0	0	1017.09	14.8	16.0	359.0	4.47	0.86
1696242180.0			0.0	13.74	93.6	0	0	1017.09	14.76	16.0	19.63	4.15	0.7
1696242240.0			0.0	13.71	93.8	0	0	1017.09	14.73	16.0	19.63	3.83	0.54
1696242300.0			0.0	13.69	94.0	0	0	1017.09	14.69	16.0	19.63	3.5	0.38
1696242360.0			0.0	13.69	94.0	0	0	1017.08	14.69	16.0	19.63	3.54	0.4
1696242420.0			0.0	13.69	94.0	0	0	1017.08	14.69	16.0	19.63	3.58	0.43
1696242480.0			0.0	13.69	94.0	0	0	1017.08	14.69	16.0	17.13	3.61	0.45
1696242540.0			0.0	13.69	94.0	0	0	1017.08	14.69	16.0	17.13	3.65	0.48
1696242600.0			0.0	13.69	94.0	0	0	1017.08	14.69	16.0	17.13	3.69	0.5
1696242660.0			0.0	13.69	94.0	0	0	1017.07	14.69	16.0	17.13	3.73	0.53
1696242720.0			0.0	13.69	94.0	0	0	1017.07	14.69	16.0	17.13	3.76	0.55
1696242780.0			0.0	13.69	94.0	0	0	1017.07	14.69	16.0	14.63	3.8	0.57
1696242840.0			0.0	13.69	94.0	0	0	1017.07	14.69	16.0	14.63	3.84	0.6
1696242900.0			0.0	13.69	94.0	0	0	1017.07	14.69	16.0	14.63	3.88	0.63
1696242960.0			0.0	13.69	94.0	0	0	1017.06	14.68	16.0	14.63	3.94	0.63
1696243020.0			0.0	13.69	94.0	0	0	1017.06	14.66	16.0	14.63	4.0	0.63
1696243080.0			0.0	13.69	94.0	0	0	1017.06	14.65	16.0	12.19	4.06	0.63
1696243140.0			0.0	13.69	94.0	0	0	1017.06	14.64	16.0	12.19	4.13	0.63
1696243200.0			0.0	13.69	94.0	0	0	1017.06	14.63	16.0	12.19	4.19	0.63
1696243260.0			0.0	13.68	94.0	0	0	1017.05	14.63	16.0	12.19	4.21	0.64
1696243320.0			0.0	13.66	94.0	0	0	1017.05	14.63	16.0	12.19	4.24	0.65
1696243380.0			0.0	13.65	94.0	0	0	1017.05	14.63	16.0	10.13	4.26	0.66
1696243440.0			0.0	13.64	94.0	0	0	1017.05	14.63	16.0	10.13	4.29	0.68
1696243500.0			0.0	13.63	94.0	0	0	1017.04	14.63	16.0	10.13	4.31	0.69
1696243560.0			0.0	13.63	94.0	0	0	1017.04	14.63	16.0	10.13	4.35	0.71
1696243620.0			0.0	13.63	94.0	0	0	1017.04	14.63	16.0	10.13	4.39	0.74
1696243680.0			0.0	13.63	94.0	0	0	1017.04	14.63	16.0	8.13	4.43	0.76
1696243740.0			0.0	13.63	94.0	0	0	1017.04	14.63	16.0	8.13	4.46	0.79
1696243800.0			0.0	13.63	94.0	0	0	1017.03	14.63	16.0	8.13	4.5	0.81
1696243860.0			0.0	13.63	94.0	0	0	1017.03	14.63	16.0	8.13	4.5	0.81
1696243920.0			0.0	13.63	94.0	0	0	1017.03	14.63	16.0	8.13	4.5	0.81
1696243980.0			0.0	13.63	94.0	0	0	1017.03	14.63	16.0	8.13	4.5	0.81
1696244040.0			0.0	13.63	94.0	0	0	1017.03	14.63	16.0	8.13	4.5	0.81
1696244100.0			0.0	13.63	94.0	0	0	1017.02	14.63	16.0	8.13	4.5	0.81
1696244160.0			0.0	13.63	94.0	0	0	1017.02	14.63	16.0	8.13	4.5	0.81
1696244220.0			0.0	13.63	94.0	0	0	1017.02	14.63	16.0	8.13	4.5	0.81
1696244280.0			0.0	13.63	94.0	0	0	1017.02	14.63	16.0	8.13	4.5	0.81
1696244340.0			0.0	13.63	94.0	0	0	1017.02	14.63	16.0	8.13	4.5	0.81
1696244400.0			0.0	13.63	94.0	0	0	1017.01	14.63	16.0	8.13	4.5	0.81
