timestamp	cloud-base	cloud-ceiling	cloud-cover	dew-point	humidity	precipitation-intensity	precipitation-type	pressure-surface-level	temperature	visibility	wind-direction	wind-gust	wind-speed
1696244400.0			0.0	13.69	94.0	0	0	1017.9	14.63	14.23	4.5	4.69	0.88
1696244460.0			0.0	13.69	94.0	0	0	1017.9	14.64	14.23	4.5	4.71	0.9
1696244520.0			0.0	13.69	94.0	0	0	1017.91	14.65	14.23	4.5	4.74	0.93
1696244580.0			0.0	13.69	94.0	0	0	1017.92	14.66	14.23	4.31	4.76	0.95
1696244640.0			0.0	13.69	94.0	0	0	1017.92	14.68	14.24	4.31	4.79	0.98
1696244700.0			0.0	13.69	94.0	0	0	1017.93	14.69	14.24	4.31	4.81	1.0
1696244760.0			0.0	13.69	93.8	0	0	1017.93	14.69	14.24	4.31	4.81	1.0
1696244820.0			0.0	13.69	93.6	0	0	1017.94	14.69	14.24	4.31	4.81	1.0
1696244880.0			0.0	13.69	93.4	0	0	1017.94	14.69	14.24	4.0	4.81	1.0
1696244940.0			0.0	13.69	93.2	0	0	1017.95	14.69	14.24	4.0	4.81	1.0
1696245000.0			0.0	13.69	93.0	0	0	1017.96	14.69	14.24	4.0	4.81	1.0
1696245060.0			0.0	13.69	93.0	0	0	1017.96	14.71	14.24	4.0	4.83	1.0
1696245120.0			0.0	13.69	93.0	0	0	1017.97	14.74	14.25	4.0	4.84	1.0
1696245180.0			0.0	13.69	93.0	0	0	1017.97	14.76	14.25	3.69	4.85	1.0
1696245240.0			0.0	13.69	93.0	0	0	1017.98	14.79	14.25	3.69	4.86	1.0
1696245300.0			0.0	13.69	93.0	0	0	1017.98	14.81	14.25	3.69	4.88	1.0
1696245360.0			0.0	13.68	93.0	0	0	1017.99	14.79	14.25	3.69	4.88	1.02
1696245420.0			0.0	13.66	93.0	0	0	1018.0	14.76	14.25	3.69	4.88	1.05
1696245480.0			0.0	13.65	93.0	0	0	1018.0	14.74	14.25	3.31	4.88	1.08
1696245540.0			0.0	13.64	93.0	0	0	1018.01	14.71	14.25	3.31	4.88	1.1
1696245600.0			0.0	13.63	93.0	0	0	1018.01	14.69	14.26	3.31	4.88	1.13
1696245660.0			0.0	13.63	93.0	0	0	1018.02	14.71	14.26	3.31	4.9	1.13
1696245720.0			0.0	13.63	93.0	0	0	1018.02	14.74	14.26	3.31	4.93	1.13
1696245780.0			0.0	13.63	93.0	0	0	1018.03	14.76	14.26	3.0	4.95	1.13
1696245840.0			0.0	13.63	93.0	0	0	1018.04	14.79	14.26	3.0	4.97	1.13
1696245900.0			0.0	13.63	93.0	0	0	1018.04	14.81	14.26	3.0	5.0	1.13
1696245960.0			0.0	13.66	93.0	0	0	1018.05	14.83	14.21	3.0	4.86	1.1
1696246020.0			0.0	13.7	93.0	0	0	1018.05	14.84	14.15	3.0	4.72	1.08
1696246080.0			0.0	13.74	93.0	0	0	1018.06	14.85	14.1	347.5	4.59	1.05
1696246140.0			0.0	13.78	93.0	0	0	1018.06	14.86	14.04	347.5	4.45	1.02
1696246200.0			0.0	13.81	93.0	0	0	1018.07	14.88	13.99	347.5	4.31	1.0
1696246260.0			0.0	13.83	93.0	0	0	1018.07	14.9	14.0	347.5	4.35	1.02
1696246320.0			0.0	13.84	93.0	0	0	1018.08	14.93	14.0	347.5	4.39	1.05
1696246380.0			0.0	13.85	93.0	0	0	1018.09	14.95	14.01	351.13	4.43	1.08
1696246440.0			0.0	13.86	93.0	0	0	1018.09	14.98	14.02	351.13	4.46	1.1
1696246500.0			0.0	13.88	93.0	0	0	1018.1	15.0	14.03	351.13	4.5	1.13
1696246560.0			0.0	13.88	93.0	0	0	1018.1	15.03	14.04	351.13	4.53	1.14
1696246620.0			0.0	13.88	93.0	0	0	1018.11	15.05	14.05	351.13	4.55	1.15
1696246680.0			0.0	13.88	93.0	0	0	1018.11	15.08	14.06	354.19	4.58	1.16
1696246740.0			0.0	13.88	93.0	0	0	1018.12	15.1	14.07	354.19	4.6	1.18
1696246800.0			0.0	13.88	93.0	0	0	1018.13	15.13	14.08	354.19	4.63	1.19
1696246860.0			0.0	13.88	92.8	0	0	1018.13	15.13	14.08	354.19	4.64	1.19
1696246920.0			0.0	13.88	92.6	0	0	1018.14	15.13	14.09	354.19	4.65	1.19
1696246980.0			0.0	13.88	92.4	0	0	1018.14	15.13	14.1	356.81	4.66	1.19
1696247040.0			0.0	13.88	92.2	0	0	1018.15	15.13	14.11	356.81	4.68	1.19
1696247100.0			0.0	13.88	92.0	0	0	1018.15	15.13	14.12	356.81	4.69	1.19
1696247160.0			0.0	13.9	92.2	0	0	1018.16	15.14	14.13	356.81	4.71	1.21
1696247220.0			0.0	13.93	92.4	0	0	1018.17	15.15	14.14	356.81	4.74	1.24
1696247280.0			0.0	13.95	92.6	0	0	1018.17	15.16	14.15	358.88	4.76	1.26
1696247340.0			0.0	13.98	92.8	0	0	1018.18	15.18	14.16	358.88	4.79	1.29
1696247400.0			0.0	14.0	93.0	0	0	1018.18	15.19	14.17	358.88	4.81	1.31
1696247460.0			0.0	14.04	93.0	0	0	1018.19	15.23	14.53	358.88	4.83	1.31
1696247520.0			0.0	14.08	93.0	0	0	1018.19	15.26	14.9	358.88	4.84	1.31
1696247580.0			0.0	14.11	93.0	0	0	1018.2	15.3	15.27	0.5	4.85	1.31
1696247640.0			0.0	14.15	93.0	0	0	1018.21	15.34	15.63	0.5	4.86	1.31
1696247700.0			0.0	14.19	93.0	0	0	1018.21	15.38	16.0	0.5	4.88	1.31
1696247760.0			0.0	14.19	92.8	0	0	1018.22	15.4	16.0	0.5	4.9	1.33
1696247820.0			0.0	14.19	92.6	0	0	1018.22	15.43	16.0	0.5	4.93	1.34
1696247880.0			0.0	14.19	92.4	0	0	1018.23	15.45	16.0	1.69	4.95	1.35
1696247940.0			0.0	14.19	92.2	0	0	1018.23	15.48	16.0	1.69	4.97	1.36
1696248000.0			0.0	14.19	92.0	0	0	1018.24	15.5	16.0	1.69	5.0	1.38
1696248060.0			0.0	14.19	92.0	0	0	1018.23	15.54	16.0	1.69	5.04	1.38
1696248120.0			0.0	14.19	92.0	0	0	1018.22	15.58	16.0	1.69	5.08	1.38
1696248180.0			0.0	14.19	92.0	0	0	1018.21	15.61	16.0	0.31	5.11	1.38
1696248240.0			0.0	14.19	92.0	0	0	1018.2	15.65	16.0	0.31	5.15	1.38
1696248300.0			0.0	14.19	92.0	0	0	1018.18	15.69	16.0	0.31	5.19	1.38
1696248360.0			0.0	14.21	91.8	0	0	1018.17	15.71	16.0	0.31	5.23	1.38
1696248420.0			0.0	14.24	91.6	0	0	1018.16	15.74	16.0	0.31	5.26	1.38
1696248480.0			0.0	14.26	91.4	0	0	1018.15	15.76	16.0	358.88	5.3	1.38
1696248540.0			0.0	14.29	91.2	0	0	1018.14	15.79	16.0	358.88	5.34	1.38
1696248600.0			0.0	14.31	91.0	0	0	1018.13	15.81	16.0	358.88	5.38	1.38
1696248660.0			0.0	14.31	91.0	0	0	1018.12	15.83	16.0	358.88	5.4	1.38
1696248720.0			0.0	14.31	91.0	0	0	1018.11	15.84	16.0	358.88	5.43	1.38
1696248780.0			0.0	14.31	91.0	0	0	1018.1	15.85	16.0	357.81	5.45	1.38
1696248840.0			0.0	14.31	91.0	0	0	1018.08	15.86	16.0	357.81	5.48	1.38
1696248900.0			0.0	14.31	91.0	0	0	1018.07	15.88	16.0	357.81	5.5	1.38
1696248960.0			0.0	14.35	90.8	0	0	1018.06	15.98	16.0	357.81	5.54	1.38
1696249020.0			0.0	14.39	90.6	0	0	1018.05	16.08	16.0	357.81	5.58	1.38
1696249080.0			0.0	14.43	90.4	0	0	1018.04	16.18	16.0	357.13	5.61	1.38
1696249140.0			0.0	14.46	90.2	0	0	1018.03	16.27	16.0	357.13	5.65	1.38
1696249200.0			0.0	14.5	90.0	0	0	1018.02	16.38	16.0	357.13	5.69	1.38
1696249260.0			0.0	14.53	89.8	0	0	1018.01	16.4	16.0	357.13	5.71	1.38
1696249320.0			0.0	14.55	89.6	0	0	1018.0	16.43	16.0	357.13	5.74	1.38
1696249380.0			0.0	14.58	89.4	0	0	1017.98	16.45	16.0	356.88	5.76	1.38
1696249440.0			0.0	14.6	89.2	0	0	1017.97	16.48	16.0	356.88	5.79	1.38
1696249500.0			0.0	14.63	89.0	0	0	1017.96	16.5	16.0	356.88	5.81	1.38
1696249560.0			0.0	14.6	89.0	0	0	1017.95	16.5	16.0	356.88	5.71	1.34
1696249620.0			0.0	14.58	89.0	0	0	1017.94	16.5	16.0	356.88	5.61	1.3
1696249680.0			0.0	14.55	89.0	0	0	1017.93	16.5	16.0	356.81	5.51	1.26
1696249740.0			0.0	14.53	89.0	0	0	1017.92	16.5	16.0	356.81	5.41	1.23
1696249800.0			0.0	14.5	89.0	0	0	1017.91	16.5	16.0	356.81	5.31	1.19
1696249860.0			0.0	14.6	88.6	0	0	1017.9	16.64	16.0	356.81	5.33	1.19
1696249920.0			0.0	14.7	88.2	0	0	1017.88	16.77	16.0	356.81	5.34	1.19
1696249980.0			0.0	14.8	87.8	0	0	1017.87	16.91	16.0	356.81	5.35	1.19
1696250040.0			0.0	14.9	87.4	0	0	1017.86	17.05	16.0	356.81	5.36	1.19
1696250100.0			0.0	15.0	87.0	0	0	1017.85	17.19	16.0	356.81	5.38	1.19
1696250160.0			0.0	15.0	86.8	0	0	1017.84	17.21	16.0	356.81	5.4	1.21
1696250220.0			0.0	15.0	86.6	0	0	1017.83	17.24	16.0	356.81	5.43	1.24
1696250280.0			0.0	15.0	86.4	0	0	1017.82	17.26	16.0	357.0	5.45	1.26
1696250340.0			0.0	15.0	86.2	0	0	1017.81	17.29	16.0	357.0	5.48	1.29
1696250400.0			0.0	15.0	86.0	0	0	1017.8	17.31	16.0	357.0	5.5	1.31
1696250460.0			0.0	15.03	86.0	0	0	1017.78	17.35	16.0	357.0	5.53	1.31
1696250520.0			0.0	15.05	86.0	0	0	1017.77	17.39	16.0	357.0	5.55	1.31
1696250580.0			0.0	15.08	86.0	0	0	1017.76	17.43	16.0	357.31	5.58	1.31
1696250640.0			0.0	15.1	86.0	0	0	1017.75	17.46	16.0	357.31	5.6	1.31
1696250700.0			0.0	15.13	86.0	0	0	1017.74	17.5	16.0	357.31	5.63	1.31
1696250760.0			0.0	15.13	85.8	0	0	1017.73	17.52	16.0	357.31	5.64	1.31
1696250820.0			0.0	15.13	85.6	0	0	1017.72	17.55	16.0	357.31	5.65	1.31
1696250880.0			0.0	15.13	85.4	0	0	1017.71	17.58	16.0	357.63	5.66	1.31
1696250940.0			0.0	15.13	85.2	0	0	1017.7	17.6	16.0	357.63	5.68	1.31
1696251000.0			0.0	15.13	85.0	0	0	1017.68	17.63	16.0	357.63	5.69	1.31
1696251060.0			0.0	15.2	84.2	0	0	1017.67	17.86	16.0	357.63	5.71	1.33
1696251120.0			0.0	15.28	83.4	0	0	1017.66	18.1	16.0	357.63	5.74	1.34
1696251180.0			0.0	15.35	82.6	0	0	1017.65	18.34	16.0	358.0	5.76	1.35
1696251240.0			0.0	15.43	81.8	0	0	1017.64	18.58	16.0	358.0	5.79	1.36
1696251300.0			0.0	15.5	81.0	0	0	1017.63	18.81	16.0	358.0	5.81	1.38
1696251360.0			0.0	15.53	81.0	0	0	1017.62	18.83	16.0	358.0	5.85	1.38
1696251420.0			0.0	15.55	81.0	0	0	1017.61	18.84	16.0	358.0	5.89	1.38
1696251480.0			0.0	15.58	81.0	0	0	1017.6	18.85	16.0	358.38	5.93	1.38
1696251540.0			0.0	15.6	81.0	0	0	1017.58	18.86	16.0	358.38	5.96	1.38
1696251600.0			0.0	15.63	81.0	0	0	1017.57	18.88	16.0	358.38	6.0	1.38
1696251660.0			0.0	15.63	81.0	0	0	1017.57	18.9	16.0	358.38	5.96	1.38
1696251720.0			0.0	15.63	81.0	0	0	1017.56	18.93	16.0	358.38	5.93	1.38
1696251780.0			0.0	15.63	81.0	0	0	1017.55	18.95	16.0	359.0	5.89	1.38
1696251840.0			0.0	15.63	81.0	0	0	1017.54	18.98	16.0	359.0	5.85	1.38
1696251900.0			0.0	15.63	81.0	0	0	1017.53	19.0	16.0	359.0	5.81	1.38
1696251960.0			0.0	15.63	80.8	0	0	1017.53	19.02	16.0	359.0	5.78	1.38
1696252020.0			0.0	15.63	80.6	0	0	1017.52	19.05	16.0	359.0	5.74	1.38
1696252080.0			0.0	15.63	80.4	0	0	1017.51	19.08	16.0	359.0	5.7	1.38
1696252140.0			0.0	15.63	80.2	0	0	1017.5	19.1	16.0	359.0	5.66	1.38
1696252200.0			0.0	15.63	80.0	0	0	1017.49	19.13	16.0	359.0	5.63	1.38
1696252260.0			0.0	15.66	79.2	0	0	1017.49	19.3	16.0	359.0	5.58	1.36
1696252320.0			0.0	15.7	78.4	0	0	1017.48	19.48	16.0	359.0	5.53	1.35
1696252380.0			0.0	15.74	77.6	0	0	1017.47	19.65	16.0	0.38	5.48	1.34
1696252440.0			0.0	15.78	76.8	0	0	1017.46	19.83	16.0	0.38	5.43	1.33
1696252500.0			0.0	15.81	76.0	0	0	1017.45	20.0	16.0	0.38	5.38	1.31
1696252560.0			0.0	15.83	76.0	0	0	1017.45	20.02	16.0	0.38	5.36	1.31
1696252620.0			0.0	15.84	76.0	0	0	1017.44	20.05	16.0	0.38	5.35	1.31
1696252680.0			0.0	15.85	76.0	0	0	1017.43	20.08	16.0	1.0	5.34	1.31
1696252740.0			0.0	15.86	76.0	0	0	1017.42	20.1	16.0	1.0	5.33	1.31
1696252800.0			0.0	15.88	76.0	0	0	1017.42	20.13	16.0	1.0	5.31	1.31
1696252860.0			0.0	15.88	76.0	0	0	1017.41	20.14	16.0	1.0	5.28	1.31
1696252920.0			0.0	15.88	76.0	0	0	1017.4	20.15	16.0	1.0	5.24	1.31
1696252980.0			0.0	15.88	76.0	0	0	1017.39	20.16	16.0	1.69	5.2	1.31
1696253040.0			0.0	15.88	76.0	0	0	1017.38	20.18	16.0	1.69	5.16	1.31
1696253100.0			0.0	15.88	76.0	0	0	1017.38	20.19	16.0	1.69	5.13	1.31
1696253160.0			0.0	15.94	76.2	0	0	1017.37	20.25	16.0	1.69	5.04	1.31
1696253220.0			0.0	16.0	76.4	0	0	1017.36	20.31	16.0	1.69	4.95	1.31
1696253280.0			0.0	16.06	76.6	0	0	1017.35	20.38	16.0	4.0	4.86	1.31
1696253340.0			0.0	16.13	76.8	0	0	1017.34	20.44	16.0	4.0	4.78	1.31
1696253400.0			0.0	16.19	77.0	0	0	1017.34	20.5	16.0	4.0	4.69	1.31
1696253460.0			0.0	16.21	76.8	0	0	1017.33	20.5	16.0	4.0	4.68	1.31
1696253520.0			0.0	16.24	76.6	0	0	1017.32	20.5	16.0	4.0	4.66	1.31
1696253580.0			0.0	16.26	76.4	0	0	1017.31	20.5	16.0	5.13	4.65	1.31
1696253640.0			0.0	16.29	76.2	0	0	1017.3	20.5	16.0	5.13	4.64	1.31
1696253700.0			0.0	16.31	76.0	0	0	1017.3	20.5	16.0	5.13	4.63	1.31
1696253760.0			0.0	16.29	75.2	0	0	1017.29	20.64	16.0	5.13	4.6	1.49
1696253820.0			0.0	16.26	74.4	0	0	1017.28	20.78	16.0	5.13	4.58	1.66
1696253880.0			0.0	16.24	73.6	0	0	1017.27	20.91	16.0	19.5	4.55	1.84
1696253940.0			0.0	16.21	72.8	0	0	1017.27	21.05	16.0	19.5	4.53	2.01
1696254000.0			0.0	16.19	72.0	0	0	1017.26	21.19	16.0	19.5	4.5	2.19
1696254060.0			0.0	16.19	72.0	0	0	1017.25	21.21	16.0	19.5	4.47	2.19
1696254120.0			0.0	16.19	72.0	0	0	1017.24	21.24	16.0	19.5	4.45	2.19
1696254180.0			0.0	16.19	72.0	0	0	1017.23	21.26	16.0	21.88	4.43	2.19
1696254240.0			0.0	16.19	72.0	0	0	1017.23	21.29	16.0	21.88	4.4	2.19
1696254300.0			0.0	16.19	72.0	0	0	1017.22	21.31	16.0	21.88	4.38	2.19
1696254360.0			0.0	16.19	72.0	0	0	1017.21	21.33	16.0	21.88	4.34	2.19
1696254420.0			0.0	16.19	72.0	0	0	1017.2	21.34	16.0	21.88	4.3	2.19
1696254480.0			0.0	16.19	72.0	0	0	1017.19	21.35	16.0	23.0	4.26	2.19
1696254540.0			0.0	16.19	72.0	0	0	1017.19	21.36	16.0	23.0	4.22	2.19
1696254600.0			0.0	16.19	72.0	0	0	1017.18	21.38	16.0	23.0	4.19	2.19
1696254660.0			0.0	16.25	71.8	0	0	1017.17	21.46	16.0	23.0	4.18	2.15
1696254720.0			0.0	16.31	71.6	0	0	1017.16	21.55	16.0	23.0	4.16	2.11
1696254780.0			0.0	16.38	71.4	0	0	1017.15	21.64	16.0	33.0	4.15	2.08
1696254840.0			0.0	16.44	71.2	0	0	1017.15	21.73	16.0	33.0	4.14	2.04
1696254900.0			0.0	16.5	71.0	0	0	1017.14	21.81	16.0	33.0	4.13	2.0
1696254960.0			0.0	16.5	71.0	0	0	1017.13	21.83	16.0	33.0	4.13	2.0
1696255020.0			0.0	16.5	71.0	0	0	1017.12	21.84	16.0	33.0	4.13	2.0
1696255080.0			0.0	16.5	71.0	0	0	1017.11	21.85	16.0	35.0	4.13	2.0
1696255140.0			0.0	16.5	71.0	0	0	1017.11	21.86	16.0	35.0	4.13	2.0
1696255200.0			0.0	16.5	71.0	0	0	1017.1	21.88	16.0	35.0	4.13	2.0
1696255260.0			0.0	16.5	70.8	0	0	1017.1	21.9	16.0	35.0	4.1	2.0
1696255320.0			0.0	16.5	70.6	0	0	1017.1	21.93	16.0	35.0	4.08	2.0
1696255380.0			0.0	16.5	70.4	0	0	1017.1	21.95	16.0	35.88	4.05	2.0
1696255440.0			0.0	16.5	70.2	0	0	1017.1	21.98	16.0	35.88	4.03	2.0
1696255500.0			0.0	16.5	70.0	0	0	1017.1	22.0	16.0	35.88	4.0	2.0
1696255560.0			0.0	16.5	70.0	0	0	1017.1	22.03	16.0	35.88	3.98	2.0
1696255620.0			0.0	16.5	70.0	0	0	1017.1	22.05	16.0	35.88	3.95	2.0
1696255680.0			0.0	16.5	70.0	0	0	1017.1	22.08	16.0	36.0	3.93	2.0
1696255740.0			0.0	16.5	70.0	0	0	1017.1	22.1	16.0	36.0	3.9	2.0
1696255800.0			0.0	16.5	70.0	0	0	1017.1	22.13	16.0	36.0	3.88	2.0
1696255860.0			0.0	16.5	70.0	0	0	1017.1	22.14	16.0	36.0	3.86	1.98
1696255920.0			0.0	16.5	70.0	0	0	1017.1	22.15	16.0	36.0	3.85	1.95
1696255980.0			0.0	16.5	70.0	0	0	1017.1	22.16	16.0	36.88	3.84	1.93
1696256040.0			0.0	16.5	70.0	0	0	1017.1	22.18	16.0	36.88	3.83	1.9
1696256100.0			0.0	16.5	70.0	0	0	1017.1	22.19	16.0	36.88	3.81	1.88
1696256160.0			0.0	16.46	69.6	0	0	1017.1	22.23	16.0	36.88	3.79	1.93
1696256220.0			0.0	16.43	69.2	0	0	1017.1	22.26	16.0	36.88	3.76	1.98
1696256280.0			0.0	16.39	68.8	0	0	1017.1	22.3	16.0	23.88	3.74	2.03
1696256340.0			0.0	16.35	68.4	0	0	1017.1	22.34	16.0	23.88	3.71	2.08
1696256400.0			0.0	16.31	68.0	0	0	1017.1	22.38	16.0	23.88	3.69	2.13
1696256460.0			0.0	16.33	67.8	0	0	1017.1	22.4	16.0	23.88	3.65	2.13
1696256520.0			0.0	16.34	67.6	0	0	1017.1	22.43	16.0	23.88	3.61	2.13
1696256580.0			0.0	16.35	67.4	0	0	1017.1	22.45	16.0	26.0	3.58	2.13
1696256640.0			0.0	16.36	67.2	0	0	1017.1	22.48	16.0	26.0	3.54	2.13
1696256700.0			0.0	16.38	67.0	0	0	1017.1	22.5	16.0	26.0	3.5	2.13
1696256760.0			0.0	16.36	67.0	0	0	1017.1	22.5	16.0	26.0	3.48	2.1
1696256820.0			0.0	16.35	67.0	0	0	1017.1	22.5	16.0	26.0	3.45	2.08
1696256880.0			0.0	16.34	67.0	0	0	1017.1	22.5	16.0	28.13	3.43	2.05
1696256940.0			0.0	16.33	67.0	0	0	1017.1	22.5	16.0	28.13	3.4	2.03
1696257000.0			0.0	16.31	67.0	0	0	1017.1	22.5	16.0	28.13	3.38	2.0
1696257060.0			0.0	16.31	67.0	0	0	1017.1	22.53	16.0	28.13	3.36	2.0
1696257120.0			0.0	16.31	67.0	0	0	1017.1	22.55	16.0	28.13	3.35	2.0
1696257180.0			0.0	16.31	67.0	0	0	1017.1	22.58	16.0	29.38	3.34	2.0
1696257240.0			0.0	16.31	67.0	0	0	1017.1	22.6	16.0	29.38	3.33	2.0
1696257300.0			0.0	16.31	67.0	0	0	1017.1	22.63	16.0	29.38	3.31	2.0
1696257360.0			0.0	16.33	66.8	0	0	1017.1	22.68	15.58	29.38	3.29	2.04
1696257420.0			0.0	16.34	66.6	0	0	1017.1	22.73	15.17	29.38	3.26	2.08
1696257480.0			0.0	16.35	66.4	0	0	1017.1	22.78	14.75	31.69	3.24	2.11
1696257540.0			0.0	16.36	66.2	0	0	1017.1	22.83	14.33	31.69	3.21	2.15
1696257600.0			0.0	16.38	66.0	0	0	1017.1	22.88	13.91	31.69	3.19	2.19
1696257660.0			0.0	16.38	66.0	0	0	1017.1	22.9	13.91	31.69	3.18	2.19
1696257720.0			0.0	16.38	66.0	0	0	1017.1	22.93	13.91	31.69	3.16	2.19
1696257780.0			0.0	16.38	66.0	0	0	1017.1	22.95	13.91	33.13	3.15	2.19
1696257840.0			0.0	16.38	66.0	0	0	1017.1	22.98	13.91	33.13	3.14	2.19
1696257900.0			0.0	16.38	66.0	0	0	1017.1	23.0	13.91	33.13	3.13	2.19
1696257960.0			0.0	16.38	65.8	0	0	1017.1	23.0	13.91	33.13	3.13	2.19
1696258020.0			0.0	16.38	65.6	0	0	1017.1	23.0	13.91	33.13	3.13	2.19
1696258080.0			0.0	16.38	65.4	0	0	1017.1	23.0	13.91	35.38	3.13	2.19
1696258140.0			0.0	16.38	65.2	0	0	1017.1	23.0	13.91	35.38	3.13	2.19
1696258200.0			0.0	16.38	65.0	0	0	1017.1	23.0	13.91	35.38	3.13	2.19
1696258260.0			0.0	16.38	65.0	0	0	1017.1	23.03	13.91	35.38	3.1	2.19
1696258320.0			0.0	16.38	65.0	0	0	1017.1	23.05	13.91	35.38	3.08	2.19
1696258380.0			0.0	16.38	65.0	0	0	1017.1	23.08	13.91	36.88	3.05	2.19
1696258440.0			0.0	16.38	65.0	0	0	1017.1	23.1	13.91	36.88	3.03	2.19
1696258500.0			0.0	16.38	65.0	0	0	1017.1	23.13	13.91	36.88	3.0	2.19
1696258560.0			0.0	16.4	64.8	0	0	1017.1	23.18	14.33	36.88	2.98	2.17
1696258620.0			0.0	16.43	64.6	0	0	1017.1	23.23	14.75	36.88	2.95	2.16
1696258680.0			0.0	16.45	64.4	0	0	1017.1	23.28	15.17	32.31	2.93	2.15
1696258740.0			0.0	16.48	64.2	0	0	1017.1	23.33	15.58	32.31	2.9	2.14
1696258800.0			0.0	16.5	64.0	0	0	1017.1	23.38	16.0	32.31	2.88	2.13
1696258860.0			0.0	16.5	64.0	0	0	1017.11	23.4	16.0	32.31	2.88	2.13
1696258920.0			0.0	16.5	64.0	0	0	1017.12	23.43	16.0	32.31	2.88	2.13
1696258980.0			0.0	16.5	64.0	0	0	1017.14	23.45	16.0	32.38	2.88	2.13
1696259040.0			0.0	16.5	64.0	0	0	1017.15	23.48	16.0	32.38	2.88	2.13
1696259100.0			0.0	16.5	64.0	0	0	1017.16	23.5	16.0	32.38	2.88	2.13
1696259160.0			0.0	16.52	64.0	0	0	1017.17	23.53	16.0	32.38	2.86	2.13
1696259220.0			0.0	16.55	64.0	0	0	1017.19	23.55	16.0	32.38	2.85	2.13
1696259280.0			0.0	16.58	64.0	0	0	1017.2	23.58	16.0	33.31	2.84	2.13
1696259340.0			0.0	16.6	64.0	0	0	1017.21	23.6	16.0	33.31	2.83	2.13
1696259400.0			0.0	16.63	64.0	0	0	1017.23	23.63	16.0	33.31	2.81	2.13
1696259460.0			0.2	16.63	64.0	0	0	1017.24	23.63	16.0	33.31	2.81	2.13
1696259520.0			0.4	16.63	64.0	0	0	1017.25	23.63	16.0	33.31	2.81	2.13
1696259580.0			0.6	16.63	64.0	0	0	1017.26	23.63	16.0	33.31	2.81	2.13
1696259640.0			0.8	16.63	64.0	0	0	1017.28	23.63	16.0	33.31	2.81	2.13
1696259700.0			1.0	16.63	64.0	0	0	1017.29	23.63	16.0	33.31	2.81	2.13
1696259760.0			1.0	16.64	64.0	0	0	1017.3	23.66	16.0	33.31	2.81	2.16
1696259820.0			1.0	16.65	64.0	0	0	1017.31	23.7	16.0	33.31	2.81	2.2
1696259880.0			1.0	16.66	64.0	0	0	1017.33	23.74	16.0	39.69	2.81	2.24
1696259940.0			1.0	16.68	64.0	0	0	1017.34	23.78	16.0	39.69	2.81	2.28
1696260000.0			1.0	16.69	64.0	0	0	1017.35	23.81	16.0	39.69	2.81	2.31
1696260060.0			1.0	16.69	64.0	0	0	1017.36	23.83	16.0	39.69	2.81	2.31
1696260120.0			1.0	16.69	64.0	0	0	1017.38	23.84	16.0	39.69	2.81	2.31
1696260180.0			1.0	16.69	64.0	0	0	1017.39	23.85	16.0	39.69	2.81	2.31
1696260240.0			1.0	16.69	64.0	0	0	1017.4	23.86	16.0	39.69	2.81	2.31
1696260300.0			1.0	16.69	64.0	0	0	1017.41	23.88	16.0	39.69	2.81	2.31
1696260360.0			1.0	16.69	63.8	0	0	1017.43	23.9	16.0	39.69	2.91	2.38
1696260420.0			1.0	16.69	63.6	0	0	1017.44	23.93	16.0	39.69	3.01	2.44
1696260480.0			1.0	16.69	63.4	0	0	1017.45	23.95	16.0	43.19	3.11	2.5
1696260540.0			1.0	16.69	63.2	0	0	1017.46	23.98	16.0	43.19	3.21	2.56
1696260600.0			1.0	16.69	63.0	0	0	1017.48	24.0	16.0	43.19	3.31	2.63
1696260660.0			1.0	16.69	63.0	0	0	1017.49	24.0	16.0	43.19	3.31	2.63
1696260720.0			1.0	16.69	63.0	0	0	1017.5	24.0	16.0	43.19	3.31	2.63
1696260780.0			1.0	16.69	63.0	0	0	1017.52	24.0	16.0	42.88	3.31	2.63
1696260840.0			1.0	16.69	63.0	0	0	1017.53	24.0	16.0	42.88	3.31	2.63
1696260900.0			1.0	16.69	63.0	0	0	1017.54	24.0	16.0	42.88	3.31	2.63
1696260960.0			1.0	16.75	63.0	0	0	1017.55	24.08	16.0	42.88	3.31	2.68
1696261020.0			1.0	16.81	63.0	0	0	1017.57	24.15	16.0	42.88	3.31	2.73
1696261080.0			1.0	16.88	63.0	0	0	1017.58	24.23	16.0	24.88	3.31	2.78
1696261140.0			1.0	16.94	63.0	0	0	1017.59	24.3	16.0	24.88	3.31	2.83
1696261200.0			1.0	17.0	63.0	0	0	1017.6	24.38	16.0	24.88	3.31	2.88
1696261260.0			1.0	17.02	63.0	0	0	1017.62	24.4	16.0	24.88	3.33	2.88
1696261320.0			1.0	17.05	63.0	0	0	1017.63	24.43	16.0	24.88	3.34	2.88
1696261380.0			1.0	17.08	63.0	0	0	1017.64	24.45	16.0	24.63	3.35	2.88
1696261440.0			1.0	17.1	63.0	0	0	1017.65	24.48	16.0	24.63	3.36	2.88
1696261500.0			1.0	17.13	63.0	0	0	1017.67	24.5	16.0	24.63	3.38	2.88
1696261560.0			1.0	17.13	63.0	0	0	1017.68	24.53	16.0	24.63	3.38	2.86
1696261620.0			1.0	17.13	63.0	0	0	1017.69	24.55	16.0	24.63	3.38	2.85
1696261680.0			1.0	17.13	63.0	0	0	1017.7	24.58	16.0	25.13	3.38	2.84
1696261740.0			1.0	17.13	63.0	0	0	1017.72	24.6	16.0	25.13	3.38	2.83
1696261800.0			1.0	17.13	63.0	0	0	1017.73	24.63	16.0	25.13	3.38	2.81
1696261860.0			1.0	17.08	62.6	0	0	1017.74	24.63	16.0	25.13	3.38	2.69
1696261920.0			1.0	17.02	62.2	0	0	1017.75	24.63	16.0	25.13	3.38	2.56
1696261980.0			1.0	16.98	61.8	0	0	1017.77	24.63	16.0	24.69	3.38	2.44
1696262040.0			1.0	16.93	61.4	0	0	1017.78	24.63	16.0	24.69	3.38	2.31
1696262100.0			1.0	16.88	61.0	0	0	1017.79	24.63	16.0	24.69	3.38	2.19
1696262160.0			1.0	16.88	61.0	0	0	1017.81	24.64	16.0	24.69	3.38	2.19
1696262220.0			1.0	16.88	61.0	0	0	1017.82	24.65	16.0	24.69	3.38	2.19
1696262280.0			1.0	16.88	61.0	0	0	1017.83	24.66	16.0	24.38	3.38	2.19
1696262340.0			1.0	16.88	61.0	0	0	1017.84	24.68	16.0	24.38	3.38	2.19
1696262400.0			1.0	16.88	61.0	0	0	1017.86	24.69	16.0	24.38	3.38	2.19
1696262460.0			1.2	16.88	61.0	0	0	1017.85	24.69	16.0	24.38	3.38	2.17
1696262520.0			1.4	16.88	61.0	0	0	1017.85	24.69	16.0	24.38	3.38	2.16
1696262580.0			1.6	16.88	61.0	0	0	1017.85	24.69	16.0	24.19	3.38	2.15
1696262640.0			1.8	16.88	61.0	0	0	1017.85	24.69	16.0	24.19	3.38	2.14
1696262700.0			2.0	16.88	61.0	0	0	1017.84	24.69	16.0	24.19	3.38	2.13
1696262760.0			2.0	16.88	61.0	0	0	1017.84	24.71	16.0	24.19	3.38	2.14
1696262820.0			2.0	16.88	61.0	0	0	1017.84	24.74	16.0	24.19	3.38	2.15
1696262880.0			2.0	16.88	61.0	0	0	1017.84	24.76	16.0	24.0	3.38	2.16
1696262940.0			2.0	16.88	61.0	0	0	1017.84	24.79	16.0	24.0	3.38	2.17
1696263000.0			2.0	16.88	61.0	0	0	1017.83	24.81	16.0	24.0	3.38	2.19
1696263060.0			2.2	16.86	60.8	0	0	1017.83	24.81	16.0	24.0	3.38	2.19
1696263120.0			2.4	16.85	60.6	0	0	1017.83	24.81	16.0	24.0	3.38	2.19
1696263180.0			2.6	16.84	60.4	0	0	1017.83	24.81	16.0	23.81	3.38	2.19
1696263240.0			2.8	16.83	60.2	0	0	1017.82	24.81	16.0	23.81	3.38	2.19
1696263300.0			3.0	16.81	60.0	0	0	1017.82	24.81	16.0	23.81	3.38	2.19
1696263360.0			3.0	16.79	59.6	0	0	1017.82	24.89	16.0	23.81	3.38	2.21
1696263420.0			3.0	16.76	59.2	0	0	1017.82	24.96	16.0	23.81	3.38	2.24
1696263480.0			3.0	16.74	58.8	0	0	1017.82	25.04	16.0	50.88	3.38	2.26
1696263540.0			3.0	16.71	58.4	0	0	1017.81	25.11	16.0	50.88	3.38	2.29
1696263600.0			3.0	16.69	58.0	0	0	1017.81	25.19	16.0	50.88	3.38	2.31
1696263660.0			3.8	16.68	57.8	0	0	1017.81	25.23	16.0	50.88	3.24	2.29
1696263720.0			4.6	16.66	57.6	0	0	1017.81	25.26	16.0	50.88	3.1	2.26
1696263780.0			5.4	16.65	57.4	0	0	1017.8	25.3	16.0	50.13	2.96	2.24
1696263840.0			6.2	16.64	57.2	0	0	1017.8	25.34	16.0	50.13	2.83	2.21
1696263900.0			7.0	16.63	57.0	0	0	1017.8	25.38	16.0	50.13	2.69	2.19
1696263960.0			7.2	16.63	57.0	0	0	1017.8	25.38	16.0	50.13	2.69	2.19
1696264020.0			7.4	16.63	57.0	0	0	1017.8	25.38	16.0	50.13	2.69	2.19
1696264080.0			7.6	16.63	57.0	0	0	1017.79	25.38	16.0	49.13	2.69	2.19
1696264140.0			7.8	16.63	57.0	0	0	1017.79	25.38	16.0	49.13	2.69	2.19
1696264200.0			8.0	16.63	57.0	0	0	1017.79	25.38	16.0	49.13	2.69	2.19
1696264260.0			8.2	16.63	57.0	0	0	1017.79	25.4	16.0	49.13	2.69	2.19
1696264320.0			8.4	16.63	57.0	0	0	1017.78	25.43	16.0	49.13	2.69	2.19
1696264380.0			8.6	16.63	57.0	0	0	1017.78	25.45	16.0	49.0	2.69	2.19
1696264440.0			8.8	16.63	57.0	0	0	1017.78	25.48	16.0	49.0	2.69	2.19
1696264500.0			9.0	16.63	57.0	0	0	1017.78	25.5	16.0	49.0	2.69	2.19
1696264560.0			9.2	16.66	57.0	0	0	1017.78	25.53	16.0	49.0	2.69	2.23
1696264620.0			9.4	16.7	57.0	0	0	1017.77	25.55	16.0	49.0	2.69	2.26
1696264680.0	1.15		9.6	16.74	57.0	0	0	1017.77	25.58	16.0	41.81	2.69	2.3
1696264740.0	1.15		9.8	16.77	57.0	0	0	1017.77	25.6	16.0	41.81	2.69	2.34
1696264800.0	1.15		10.0	16.81	57.0	0	0	1017.77	25.63	16.0	41.81	2.69	2.38
1696264860.0	1.15		10.2	16.81	57.0	0	0	1017.76	25.64	16.0	41.81	2.69	2.38
1696264920.0	1.15		10.4	16.81	57.0	0	0	1017.76	25.65	16.0	41.81	2.69	2.38
1696264980.0	1.15		10.6	16.81	57.0	0	0	1017.76	25.66	16.0	41.69	2.69	2.38
1696265040.0	1.15		10.8	16.81	57.0	0	0	1017.76	25.68	16.0	41.69	2.69	2.38
1696265100.0	1.15		11.0	16.81	57.0	0	0	1017.76	25.69	16.0	41.69	2.69	2.38
1696265160.0	1.15		11.2	16.81	57.0	0	0	1017.75	25.71	16.0	41.69	2.71	2.38
1696265220.0	1.15		11.4	16.81	57.0	0	0	1017.75	25.74	16.0	41.69	2.74	2.38
1696265280.0	1.16		11.6	16.81	57.0	0	0	1017.75	25.76	16.0	40.81	2.76	2.38
1696265340.0	1.16		11.8	16.81	57.0	0	0	1017.75	25.79	16.0	40.81	2.79	2.38
1696265400.0	1.16		12.0	16.81	57.0	0	0	1017.74	25.81	16.0	40.81	2.81	2.38
1696265460.0	1.16		12.2	16.81	57.0	0	0	1017.74	25.81	16.0	40.81	2.81	2.38
1696265520.0	1.16		12.4	16.81	57.0	0	0	1017.74	25.81	16.0	40.81	2.81	2.38
1696265580.0	1.17		12.6	16.81	57.0	0	0	1017.74	25.81	16.0	40.69	2.81	2.38
1696265640.0	1.17		12.8	16.81	57.0	0	0	1017.74	25.81	16.0	40.69	2.81	2.38
1696265700.0	1.17		13.0	16.81	57.0	0	0	1017.73	25.81	16.0	40.69	2.81	2.38
1696265760.0	1.17		13.2	16.79	56.8	0	0	1017.73	25.83	16.0	40.69	2.81	2.24
1696265820.0	1.17		13.4	16.76	56.6	0	0	1017.73	25.84	16.0	40.69	2.81	2.1
1696265880.0	1.21		13.6	16.74	56.4	0	0	1017.73	25.85	16.0	16.88	2.81	1.96
1696265940.0	1.21		13.8	16.71	56.2	0	0	1017.72	25.86	16.0	16.88	2.81	1.83
1696266000.0	1.21		14.0	16.69	56.0	0	0	1017.72	25.88	16.0	16.88	2.81	1.69
1696266060.0	1.21		14.2	16.68	55.8	0	0	1017.71	25.9	16.0	16.88	2.81	1.69
1696266120.0	1.21		14.4	16.66	55.6	0	0	1017.69	25.93	16.0	16.88	2.81	1.69
1696266180.0	1.23		14.6	16.65	55.4	0	0	1017.68	25.95	16.0	16.63	2.81	1.69
1696266240.0	1.23		14.8	16.64	55.2	0	0	1017.67	25.98	16.0	16.63	2.81	1.69
1696266300.0	1.23		15.0	16.63	55.0	0	0	1017.65	26.0	16.0	16.63	2.81	1.69
1696266360.0	1.23		15.0	16.63	55.0	0	0	1017.64	26.0	16.0	16.63	2.83	1.69
1696266420.0	1.23		15.0	16.63	55.0	0	0	1017.62	26.0	16.0	16.63	2.84	1.69
1696266480.0	1.24		15.0	16.63	55.0	0	0	1017.61	26.0	16.0	16.31	2.85	1.69
1696266540.0	1.24		15.0	16.63	55.0	0	0	1017.59	26.0	16.0	16.31	2.86	1.69
1696266600.0	1.24		15.0	16.63	55.0	0	0	1017.58	26.0	16.0	16.31	2.88	1.69
1696266660.0	1.24		15.2	16.6	55.0	0	0	1017.57	26.03	16.0	16.31	2.88	1.69
1696266720.0	1.24		15.4	16.58	55.0	0	0	1017.55	26.05	16.0	16.31	2.88	1.69
1696266780.0	1.25		15.6	16.55	55.0	0	0	1017.54	26.08	16.0	16.13	2.88	1.69
1696266840.0	1.25		15.8	16.52	55.0	0	0	1017.52	26.1	16.0	16.13	2.88	1.69
1696266900.0	1.25		16.0	16.5	55.0	0	0	1017.51	26.13	16.0	16.13	2.88	1.69
1696266960.0	1.25		16.2	16.48	54.8	0	0	1017.5	26.16	16.0	16.13	2.9	1.83
1696267020.0	1.25		16.4	16.45	54.6	0	0	1017.48	26.2	16.0	16.13	2.93	1.96
1696267080.0	1.29		16.6	16.43	54.4	0	0	1017.47	26.24	16.0	34.19	2.95	2.1
1696267140.0	1.29		16.8	16.4	54.2	0	0	1017.45	26.28	16.0	34.19	2.98	2.24
1696267200.0	1.29		17.0	16.38	54.0	0	0	1017.44	26.31	16.0	34.19	3.0	2.38
1696267260.0	1.29		17.0	16.36	53.8	0	0	1017.42	26.31	16.0	34.19	3.0	2.38
1696267320.0	1.29		17.0	16.35	53.6	0	0	1017.41	26.31	16.0	34.19	3.0	2.38
1696267380.0	1.3		17.0	16.34	53.4	0	0	1017.4	26.31	16.0	34.0	3.0	2.38
1696267440.0	1.3		17.0	16.33	53.2	0	0	1017.38	26.31	16.0	34.0	3.0	2.38
1696267500.0	1.3		17.0	16.31	53.0	0	0	1017.37	26.31	16.0	34.0	3.0	2.38
1696267560.0	1.3		17.2	16.31	53.0	0	0	1017.35	26.33	16.0	34.0	3.0	2.38
1696267620.0	1.3		17.4	16.31	53.0	0	0	1017.34	26.34	16.0	34.0	3.0	2.38
1696267680.0	1.32		17.6	16.31	53.0	0	0	1017.33	26.35	16.0	33.69	3.0	2.38
1696267740.0	1.32		17.8	16.31	53.0	0	0	1017.31	26.36	16.0	33.69	3.0	2.38
1696267800.0	1.32		18.0	16.31	53.0	0	0	1017.3	26.38	16.0	33.69	3.0	2.38
1696267860.0	1.32		18.2	16.29	53.0	0	0	1017.28	26.38	16.0	33.69	3.03	2.38
1696267920.0	1.32		18.4	16.26	53.0	0	0	1017.27	26.38	16.0	33.69	3.05	2.38
1696267980.0	1.33		18.6	16.24	53.0	0	0	1017.26	26.38	16.0	33.38	3.08	2.38
1696268040.0	1.33		18.8	16.21	53.0	0	0	1017.24	26.38	16.0	33.38	3.1	2.38
1696268100.0	1.33		19.0	16.19	53.0	0	0	1017.23	26.38	16.0	33.38	3.13	2.38
1696268160.0	1.33		17.0	16.15	52.6	0	0	1017.21	26.43	16.0	33.38	3.16	2.1
1696268220.0	1.33		15.0	16.11	52.2	0	0	1017.2	26.48	16.0	33.38	3.2	1.83
1696268280.0			13.0	16.08	51.8	0	0	1017.18	26.53	16.0	37.38	3.24	1.55
1696268340.0			11.0	16.04	51.4	0	0	1017.17	26.58	16.0	37.38	3.28	1.27
1696268400.0			9.0	16.0	51.0	0	0	1017.16	26.63	16.0	37.38	3.31	1.0
1696268460.0			9.2	15.98	51.0	0	0	1017.14	26.63	16.0	37.38	3.31	0.98
1696268520.0			9.4	15.95	51.0	0	0	1017.13	26.63	16.0	37.38	3.31	0.95
1696268580.0			9.6	15.93	51.0	0	0	1017.11	26.63	16.0	37.81	3.31	0.93
1696268640.0			9.8	15.9	51.0	0	0	1017.1	26.63	16.0	37.81	3.31	0.9
1696268700.0			10.0	15.88	51.0	0	0	1017.09	26.63	16.0	37.81	3.31	0.88
1696268760.0			10.0	15.88	51.0	0	0	1017.07	26.64	16.0	37.81	3.33	0.88
1696268820.0			10.0	15.88	51.0	0	0	1017.06	26.65	16.0	37.81	3.34	0.88
1696268880.0	1.41		10.0	15.88	51.0	0	0	1017.04	26.66	16.0	39.0	3.35	0.88
1696268940.0	1.41		10.0	15.88	51.0	0	0	1017.03	26.68	16.0	39.0	3.36	0.88
1696269000.0	1.41		10.0	15.88	51.0	0	0	1017.01	26.69	16.0	39.0	3.38	0.88
1696269060.0	1.41		10.2	15.86	50.8	0	0	1017.0	26.69	16.0	39.0	3.38	0.88
1696269120.0	1.41		10.4	15.85	50.6	0	0	1016.99	26.69	16.0	39.0	3.38	0.88
1696269180.0	1.42		10.6	15.84	50.4	0	0	1016.97	26.69	16.0	39.5	3.38	0.88
1696269240.0	1.42		10.8	15.83	50.2	0	0	1016.96	26.69	16.0	39.5	3.38	0.88
1696269300.0	1.42		11.0	15.81	50.0	0	0	1016.94	26.69	16.0	39.5	3.38	0.88
1696269360.0	1.42		14.2	15.79	50.0	0	0	1016.93	26.71	16.0	39.5	3.4	0.88
1696269420.0	1.42		17.4	15.76	50.0	0	0	1016.92	26.74	16.0	39.5	3.43	0.88
1696269480.0	1.43		20.6	15.74	50.0	0	0	1016.9	26.76	16.0	40.81	3.45	0.88
1696269540.0	1.43		23.8	15.71	50.0	0	0	1016.89	26.79	16.0	40.81	3.48	0.88
1696269600.0	1.43		27.0	15.69	50.0	0	0	1016.87	26.81	16.0	40.81	3.5	0.88
1696269660.0	1.43		27.0	15.69	50.0	0	0	1016.87	26.81	16.0	40.81	3.5	0.88
1696269720.0	1.43		27.0	15.69	50.0	0	0	1016.86	26.81	16.0	40.81	3.5	0.88
1696269780.0	1.44		27.0	15.69	50.0	0	0	1016.86	26.81	16.0	40.81	3.5	0.88
1696269840.0	1.44		27.0	15.69	50.0	0	0	1016.85	26.81	16.0	40.81	3.5	0.88
1696269900.0	1.44		27.0	15.69	50.0	0	0	1016.85	26.81	16.0	40.81	3.5	0.88
1696269960.0	1.44		27.0	15.69	50.0	0	0	1016.84	26.81	16.0	40.81	3.5	0.88
1696270020.0	1.44		27.0	15.69	50.0	0	0	1016.83	26.81	16.0	40.81	3.5	0.88
1696270080.0	1.44		27.0	15.69	50.0	0	0	1016.83	26.81	16.0	40.81	3.5	0.88
1696270140.0	1.44		27.0	15.69	50.0	0	0	1016.82	26.81	16.0	40.81	3.5	0.88
1696270200.0	1.44		27.0	15.69	50.0	0	0	1016.82	26.81	16.0	40.81	3.5	0.88
1696270260.0	1.44		27.0	15.69	49.8	0	0	1016.81	26.83	16.0	40.81	3.48	0.88
1696270320.0	1.44		27.0	15.69	49.6	0	0	1016.81	26.84	16.0	40.81	3.45	0.88
1696270380.0	1.45		27.0	15.69	49.4	0	0	1016.8	26.85	16.0	39.19	3.43	0.88
1696270440.0	1.45		27.0	15.69	49.2	0	0	1016.8	26.86	16.0	39.19	3.4	0.88
1696270500.0	1.45		27.0	15.69	49.0	0	0	1016.79	26.88	16.0	39.19	3.38	0.88
1696270560.0	1.45		26.8	15.71	49.0	0	0	1016.78	26.88	16.0	39.19	3.36	1.1
1696270620.0	1.45		26.6	15.74	49.0	0	0	1016.78	26.88	16.0	39.19	3.35	1.33
1696270680.0	1.45		26.4	15.76	49.0	0	0	1016.77	26.88	16.0	62.81	3.34	1.55
1696270740.0	1.45		26.2	15.79	49.0	0	0	1016.77	26.88	16.0	62.81	3.33	1.78
1696270800.0	1.45		26.0	15.81	49.0	0	0	1016.76	26.88	16.0	62.81	3.31	2.0
1696270860.0	1.45		26.0	16.08	48.4	0	0	1016.76	27.38	16.0	62.81	3.25	1.94
1696270920.0	1.45		26.0	16.34	47.8	0	0	1016.75	27.88	16.0	62.81	3.19	1.88
1696270980.0	1.64		26.0	16.6	47.2	0	0	1016.75	28.38	16.0	52.0	3.13	1.81
1696271040.0	1.64		26.0	16.86	46.6	0	0	1016.74	28.88	16.0	52.0	3.06	1.75
1696271100.0	1.64		26.0	17.13	46.0	0	0	1016.73	29.38	16.0	52.0	3.0	1.69
1696271160.0	1.64		26.0	17.13	46.0	0	0	1016.73	29.38	16.0	52.0	3.03	1.71
1696271220.0	1.64		26.0	17.13	46.0	0	0	1016.72	29.38	16.0	52.0	3.05	1.74
1696271280.0	1.64		26.0	17.13	46.0	0	0	1016.72	29.38	16.0	51.0	3.08	1.76
1696271340.0	1.64		26.0	17.13	46.0	0	0	1016.71	29.38	16.0	51.0	3.1	1.79
1696271400.0	1.64		26.0	17.13	46.0	0	0	1016.71	29.38	16.0	51.0	3.13	1.81
1696271460.0	1.64		26.0	17.13	46.0	0	0	1016.7	29.38	16.0	51.0	3.13	1.81
1696271520.0	1.64		26.0	17.13	46.0	0	0	1016.7	29.38	16.0	51.0	3.13	1.81
1696271580.0	1.64		26.0	17.13	46.0	0	0	1016.69	29.38	16.0	50.88	3.13	1.81
1696271640.0	1.64		26.0	17.13	46.0	0	0	1016.68	29.38	16.0	50.88	3.13	1.81
1696271700.0	1.64		26.0	17.13	46.0	0	0	1016.68	29.38	16.0	50.88	3.13	1.81
1696271760.0	1.64		26.8	17.1	46.0	0	0	1016.67	29.36	16.0	50.88	3.13	1.63
1696271820.0	1.64		27.6	17.08	46.0	0	0	1016.67	29.35	16.0	50.88	3.13	1.44
1696271880.0	1.64		28.4	17.05	46.0	0	0	1016.66	29.34	16.0	42.31	3.13	1.25
1696271940.0	1.64		29.2	17.02	46.0	0	0	1016.66	29.33	16.0	42.31	3.13	1.06
1696272000.0	1.64		30.0	17.0	46.0	0	0	1016.65	29.31	16.0	42.31	3.13	0.88
1696272060.0	1.64		30.2	17.06	46.2	0	0	1016.65	29.31	16.0	42.31	3.2	0.8
1696272120.0	1.64		30.4	17.13	46.4	0	0	1016.64	29.31	16.0	42.31	3.28	0.73
1696272180.0	1.61		30.6	17.19	46.6	0	0	1016.63	29.31	16.0	36.0	3.35	0.65
1696272240.0	1.61		30.8	17.25	46.8	0	0	1016.63	29.31	16.0	36.0	3.43	0.57
1696272300.0	1.61		31.0	17.31	47.0	0	0	1016.62	29.31	16.0	36.0	3.5	0.5
1696272360.0	1.61		31.0	17.29	47.0	0	0	1016.62	29.33	16.0	36.0	3.5	0.53
1696272420.0	1.61		31.0	17.26	47.0	0	0	1016.61	29.34	16.0	36.0	3.5	0.55
1696272480.0	1.61		31.0	17.24	47.0	0	0	1016.61	29.35	16.0	39.81	3.5	0.57
1696272540.0	1.61		31.0	17.21	47.0	0	0	1016.6	29.36	16.0	39.81	3.5	0.6
1696272600.0	1.61		31.0	17.19	47.0	0	0	1016.6	29.38	16.0	39.81	3.5	0.63
1696272660.0	1.61		31.0	17.19	46.8	0	0	1016.59	29.38	16.0	39.81	3.5	0.63
1696272720.0	1.61		31.0	17.19	46.6	0	0	1016.58	29.38	16.0	39.81	3.5	0.63
1696272780.0	1.61		31.0	17.19	46.4	0	0	1016.58	29.38	16.0	40.0	3.5	0.63
1696272840.0	1.61		31.0	17.19	46.2	0	0	1016.57	29.38	16.0	40.0	3.5	0.63
1696272900.0	1.61		31.0	17.19	46.0	0	0	1016.57	29.38	16.0	40.0	3.5	0.63
1696272960.0	1.61		31.2	17.21	46.2	0	0	1016.56	29.4	16.0	40.0	3.53	0.63
1696273020.0	1.61		31.4	17.24	46.4	0	0	1016.56	29.43	16.0	40.0	3.55	0.63
1696273080.0	1.61		31.6	17.26	46.6	0	0	1016.55	29.45	16.0	38.63	3.58	0.63
1696273140.0	1.61		31.8	17.29	46.8	0	0	1016.54	29.48	16.0	38.63	3.6	0.63
1696273200.0	1.61		32.0	17.31	47.0	0	0	1016.54	29.5	16.0	38.63	3.63	0.63
1696273260.0	1.61		32.0	17.31	46.8	0	0	1016.54	29.5	16.0	38.63	3.6	0.63
1696273320.0	1.61		32.0	17.31	46.6	0	0	1016.54	29.5	16.0	38.63	3.58	0.63
1696273380.0	1.61		32.0	17.31	46.4	0	0	1016.54	29.5	16.0	37.13	3.55	0.63
1696273440.0	1.61		32.0	17.31	46.2	0	0	1016.55	29.5	16.0	37.13	3.53	0.63
1696273500.0	1.61		32.0	17.31	46.0	0	0	1016.55	29.5	16.0	37.13	3.5	0.63
1696273560.0	1.61		32.2	17.31	46.0	0	0	1016.55	29.5	16.0	37.13	3.5	0.63
1696273620.0	1.61		32.4	17.31	46.0	0	0	1016.55	29.5	16.0	37.13	3.5	0.63
1696273680.0	1.61		32.6	17.31	46.0	0	0	1016.55	29.5	16.0	35.81	3.5	0.63
1696273740.0	1.61		32.8	17.31	46.0	0	0	1016.55	29.5	16.0	35.81	3.5	0.63
1696273800.0	1.61		33.0	17.31	46.0	0	0	1016.56	29.5	16.0	35.81	3.5	0.63
1696273860.0	1.61		33.2	17.31	46.0	0	0	1016.56	29.5	16.0	35.81	3.53	0.63
1696273920.0	1.61		33.4	17.31	46.0	0	0	1016.56	29.5	16.0	35.81	3.55	0.63
1696273980.0	1.61		33.6	17.31	46.0	0	0	1016.56	29.5	16.0	34.0	3.58	0.63
1696274040.0	1.61		33.8	17.31	46.0	0	0	1016.56	29.5	16.0	34.0	3.6	0.63
1696274100.0	1.61		34.0	17.31	46.0	0	0	1016.56	29.5	16.0	34.0	3.63	0.63
1696274160.0	1.61		34.0	17.31	46.0	0	0	1016.56	29.5	16.0	34.0	3.6	0.63
1696274220.0	1.61		34.0	17.31	46.0	0	0	1016.57	29.5	16.0	34.0	3.58	0.63
1696274280.0	1.61		34.0	17.31	46.0	0	0	1016.57	29.5	16.0	32.31	3.55	0.63
1696274340.0	1.61		34.0	17.31	46.0	0	0	1016.57	29.5	16.0	32.31	3.53	0.63
1696274400.0	1.61		34.0	17.31	46.0	0	0	1016.57	29.5	16.0	32.31	3.5	0.63
1696274460.0	1.61		34.2	17.31	46.0	0	0	1016.57	29.5	16.0	32.31	3.5	0.63
1696274520.0	1.61		34.4	17.31	46.0	0	0	1016.57	29.5	16.0	32.31	3.5	0.63
1696274580.0	1.61		34.6	17.31	46.0	0	0	1016.58	29.5	16.0	31.31	3.5	0.63
1696274640.0	1.61		34.8	17.31	46.0	0	0	1016.58	29.5	16.0	31.31	3.5	0.63
1696274700.0	1.61		35.0	17.31	46.0	0	0	1016.58	29.5	16.0	31.31	3.5	0.63
1696274760.0	1.61		36.6	17.29	46.0	0	0	1016.58	29.5	16.0	31.31	3.53	0.63
1696274820.0	1.61		38.2	17.26	46.0	0	0	1016.58	29.5	16.0	31.31	3.55	0.63
1696274880.0	1.62		39.8	17.24	46.0	0	0	1016.58	29.5	16.0	26.0	3.58	0.63
1696274940.0	1.62		41.4	17.21	46.0	0	0	1016.58	29.5	16.0	26.0	3.6	0.63
1696275000.0	1.62		43.0	17.19	46.0	0	0	1016.59	29.5	16.0	26.0	3.63	0.63
1696275060.0	1.62		46.0	16.99	47.0	0	0	1016.59	29.08	16.0	26.0	3.4	0.9
1696275120.0	1.62		49.0	16.79	48.0	0	0	1016.59	28.65	16.0	26.0	3.18	1.18
1696275180.0	1.42	1.42	52.0	16.59	49.0	0	0	1016.59	28.23	16.0	11.63	2.95	1.45
1696275240.0	1.42	1.42	55.0	16.39	50.0	0	0	1016.59	27.8	16.0	11.63	2.73	1.73
1696275300.0	1.42	1.42	58.0	16.19	51.0	0	0	1016.59	27.38	16.0	11.63	2.5	2.0
1696275360.0	1.42	1.42	58.0	16.19	51.0	0	0	1016.6	27.38	16.0	11.63	2.5	2.0
1696275420.0	1.42	1.42	58.0	16.19	51.0	0	0	1016.6	27.38	16.0	11.63	2.5	2.0
1696275480.0	1.42	1.42	58.0	16.19	51.0	0	0	1016.6	27.38	16.0	10.0	2.5	2.0
1696275540.0	1.42	1.42	58.0	16.19	51.0	0	0	1016.6	27.38	16.0	10.0	2.5	2.0
1696275600.0	1.42	1.42	58.0	16.19	51.0	0	0	1016.6	27.38	16.0	10.0	2.5	2.0
1696275660.0	1.42	1.42	58.2	16.19	51.0	0	0	1016.6	27.38	16.0	10.0	2.53	2.03
1696275720.0	1.42	1.42	58.4	16.19	51.0	0	0	1016.6	27.38	16.0	10.0	2.55	2.05
1696275780.0	1.42	1.42	58.6	16.19	51.0	0	0	1016.61	27.38	16.0	8.69	2.58	2.08
1696275840.0	1.42	1.42	58.8	16.19	51.0	0	0	1016.61	27.38	16.0	8.69	2.6	2.1
1696275900.0	1.42	1.42	59.0	16.19	51.0	0	0	1016.61	27.38	16.0	8.69	2.63	2.13
1696275960.0	1.42	1.42	59.2	16.19	51.0	0	0	1016.61	27.38	16.0	8.69	2.63	2.14
1696276020.0	1.42	1.42	59.4	16.19	51.0	0	0	1016.61	27.38	16.0	8.69	2.63	2.15
1696276080.0	1.41	1.41	59.6	16.19	51.0	0	0	1016.61	27.38	16.0	5.81	2.63	2.16
1696276140.0	1.41	1.41	59.8	16.19	51.0	0	0	1016.62	27.38	16.0	5.81	2.63	2.17
1696276200.0	1.41	1.41	60.0	16.19	51.0	0	0	1016.62	27.38	16.0	5.81	2.63	2.19
1696276260.0	1.41	1.41	60.0	16.19	51.0	0	0	1016.62	27.38	16.0	5.81	2.64	2.21
1696276320.0	1.41	1.41	60.0	16.19	51.0	0	0	1016.62	27.38	16.0	5.81	2.65	2.24
1696276380.0	1.41	1.41	60.0	16.19	51.0	0	0	1016.62	27.38	16.0	4.81	2.66	2.26
1696276440.0	1.41	1.41	60.0	16.19	51.0	0	0	1016.62	27.38	16.0	4.81	2.68	2.29
1696276500.0	1.41	1.41	60.0	16.19	51.0	0	0	1016.63	27.38	16.0	4.81	2.69	2.31
1696276560.0	1.41	1.41	60.2	16.23	50.8	0	0	1016.63	27.36	16.0	4.81	2.75	2.45
1696276620.0	1.41	1.41	60.4	16.26	50.6	0	0	1016.63	27.35	16.0	4.81	2.81	2.59
1696276680.0	1.44	1.44	60.6	16.3	50.4	0	0	1016.63	27.34	16.0	11.88	2.88	2.73
1696276740.0	1.44	1.44	60.8	16.34	50.2	0	0	1016.63	27.33	16.0	11.88	2.94	2.86
1696276800.0	1.44	1.44	61.0	16.38	50.0	0	0	1016.63	27.31	16.0	11.88	3.0	3.0
1696276860.0	1.44	1.44	61.2	16.38	50.0	0	0	1016.63	27.33	16.0	11.88	3.0	3.0
1696276920.0	1.44	1.44	61.4	16.38	50.0	0	0	1016.62	27.34	16.0	11.88	3.0	3.0
1696276980.0	1.44	1.44	61.6	16.38	50.0	0	0	1016.62	27.35	16.0	13.13	3.0	3.0
1696277040.0	1.44	1.44	61.8	16.38	50.0	0	0	1016.61	27.36	16.0	13.13	3.0	3.0
1696277100.0	1.44	1.44	62.0	16.38	50.0	0	0	1016.61	27.38	16.0	13.13	3.0	3.0
1696277160.0	1.44	1.44	62.2	16.38	50.0	0	0	1016.6	27.38	16.0	13.13	2.98	2.98
1696277220.0	1.44	1.44	62.4	16.38	50.0	0	0	1016.6	27.38	16.0	13.13	2.95	2.95
1696277280.0	1.44	1.44	62.6	16.38	50.0	0	0	1016.59	27.38	16.0	16.13	2.93	2.93
1696277340.0	1.44	1.44	62.8	16.38	50.0	0	0	1016.59	27.38	16.0	16.13	2.9	2.9
1696277400.0	1.44	1.44	63.0	16.38	50.0	0	0	1016.58	27.38	16.0	16.13	2.88	2.88
1696277460.0	1.44	1.44	63.2	16.38	50.0	0	0	1016.58	27.38	16.0	16.13	2.9	2.9
1696277520.0	1.44	1.44	63.4	16.38	50.0	0	0	1016.57	27.38	16.0	16.13	2.93	2.93
1696277580.0	1.44	1.44	63.6	16.38	50.0	0	0	1016.57	27.38	16.0	17.31	2.95	2.95
1696277640.0	1.44	1.44	63.8	16.38	50.0	0	0	1016.56	27.38	16.0	17.31	2.98	2.98
1696277700.0	1.44	1.44	64.0	16.38	50.0	0	0	1016.56	27.38	16.0	17.31	3.0	3.0
1696277760.0	1.44	1.44	61.4	16.36	50.2	0	0	1016.55	27.36	16.0	17.31	2.98	2.93
1696277820.0	1.44	1.44	58.8	16.35	50.4	0	0	1016.54	27.35	16.0	17.31	2.95	2.85
1696277880.0	1.42	1.42	56.2	16.34	50.6	0	0	1016.54	27.34	16.0	23.69	2.93	2.78
1696277940.0	1.42	1.42	53.6	16.33	50.8	0	0	1016.53	27.33	16.0	23.69	2.9	2.7
1696278000.0	1.42	1.42	51.0	16.31	51.0	0	0	1016.53	27.31	16.0	23.69	2.88	2.63
1696278060.0	1.42	1.42	51.0	16.31	51.0	0	0	1016.52	27.31	16.0	23.69	2.88	2.63
1696278120.0	1.42	1.42	51.0	16.31	51.0	0	0	1016.52	27.31	16.0	23.69	2.88	2.63
1696278180.0	1.42	1.42	51.0	16.31	51.0	0	0	1016.51	27.31	16.0	24.88	2.88	2.63
1696278240.0	1.42	1.42	51.0	16.31	51.0	0	0	1016.51	27.31	16.0	24.88	2.88	2.63
1696278300.0	1.42	1.42	51.0	16.31	51.0	0	0	1016.5	27.31	16.0	24.88	2.88	2.63
1696278360.0	1.42	1.42	51.2	16.31	50.8	0	0	1016.5	27.31	16.0	24.88	2.88	2.63
1696278420.0	1.42	1.42	51.4	16.31	50.6	0	0	1016.49	27.31	16.0	24.88	2.88	2.63
1696278480.0	1.42	1.42	51.6	16.31	50.4	0	0	1016.49	27.31	16.0	26.13	2.88	2.63
1696278540.0	1.42	1.42	51.8	16.31	50.2	0	0	1016.48	27.31	16.0	26.13	2.88	2.63
1696278600.0	1.42	1.42	52.0	16.31	50.0	0	0	1016.48	27.31	16.0	26.13	2.88	2.63
1696278660.0	1.42	1.42	52.2	16.27	50.0	0	0	1016.47	27.28	16.0	26.13	2.88	2.44
1696278720.0	1.42	1.42	52.4	16.24	50.0	0	0	1016.47	27.24	16.0	26.13	2.88	2.25
1696278780.0	1.42	1.42	52.6	16.2	50.0	0	0	1016.46	27.2	16.0	18.38	2.88	2.06
1696278840.0	1.42	1.42	52.8	16.16	50.0	0	0	1016.46	27.16	16.0	18.38	2.88	1.88
1696278900.0	1.42	1.42	53.0	16.13	50.0	0	0	1016.45	27.13	16.0	18.38	2.88	1.69
1696278960.0	1.42	1.42	47.2	16.06	50.0	0	0	1016.45	27.1	16.0	18.38	2.86	1.69
1696279020.0	1.42	1.42	41.4	16.0	50.0	0	0	1016.44	27.08	16.0	18.38	2.85	1.69
1696279080.0	1.44		35.6	15.94	50.0	0	0	1016.44	27.05	16.0	2.81	2.84	1.69
1696279140.0	1.44		29.8	15.88	50.0	0	0	1016.43	27.03	16.0	2.81	2.83	1.69
1696279200.0	1.44		24.0	15.81	50.0	0	0	1016.43	27.0	16.0	2.81	2.81	1.69
1696279260.0	1.44		24.0	15.79	50.0	0	0	1016.42	27.0	16.0	2.81	2.81	1.69
1696279320.0	1.44		24.0	15.76	50.0	0	0	1016.42	27.0	16.0	2.81	2.81	1.69
1696279380.0	1.45		24.0	15.74	50.0	0	0	1016.41	27.0	16.0	4.5	2.81	1.69
1696279440.0	1.45		24.0	15.71	50.0	0	0	1016.4	27.0	16.0	4.5	2.81	1.69
1696279500.0	1.45		24.0	15.69	50.0	0	0	1016.4	27.0	16.0	4.5	2.81	1.69
1696279560.0	1.45		24.0	15.69	49.8	0	0	1016.39	27.0	16.0	4.5	2.83	1.69
1696279620.0	1.45		24.0	15.69	49.6	0	0	1016.39	27.0	16.0	4.5	2.84	1.69
1696279680.0	1.45		24.0	15.69	49.4	0	0	1016.38	27.0	16.0	7.19	2.85	1.69
1696279740.0	1.45		24.0	15.69	49.2	0	0	1016.38	27.0	16.0	7.19	2.86	1.69
1696279800.0	1.45		24.0	15.69	49.0	0	0	1016.37	27.0	16.0	7.19	2.88	1.69
1696279860.0	1.45		24.0	15.68	49.0	0	0	1016.37	27.0	16.0	7.19	2.88	1.69
1696279920.0	1.45		24.0	15.66	49.0	0	0	1016.36	27.0	16.0	7.19	2.88	1.69
1696279980.0	1.46		24.0	15.65	49.0	0	0	1016.36	27.0	16.0	8.81	2.88	1.69
1696280040.0	1.46		24.0	15.64	49.0	0	0	1016.35	27.0	16.0	8.81	2.88	1.69
1696280100.0	1.46		24.0	15.63	49.0	0	0	1016.35	27.0	16.0	8.81	2.88	1.69
1696280160.0	1.46		23.8	15.6	49.0	0	0	1016.34	27.0	16.0	8.81	2.9	1.73
1696280220.0	1.46		23.6	15.58	49.0	0	0	1016.34	27.0	16.0	8.81	2.93	1.76
1696280280.0	1.48		23.4	15.55	49.0	0	0	1016.33	27.0	16.0	23.69	2.95	1.8
1696280340.0	1.48		23.2	15.53	49.0	0	0	1016.33	27.0	16.0	23.69	2.98	1.84
1696280400.0	1.48		23.0	15.5	49.0	0	0	1016.32	27.0	16.0	23.69	3.0	1.88
1696280460.0	1.48		23.0	15.5	49.0	0	0	1016.31	27.0	16.0	23.69	3.0	1.88
1696280520.0	1.48		23.0	15.5	49.0	0	0	1016.31	27.0	16.0	23.69	3.0	1.88
1696280580.0	1.47		23.0	15.5	49.0	0	0	1016.3	27.0	16.0	25.13	3.0	1.88
1696280640.0	1.47		23.0	15.5	49.0	0	0	1016.29	27.0	16.0	25.13	3.0	1.88
1696280700.0	1.47		23.0	15.5	49.0	0	0	1016.29	27.0	16.0	25.13	3.0	1.88
1696280760.0	1.47		23.0	15.5	49.0	0	0	1016.28	26.98	16.0	25.13	3.0	1.88
1696280820.0	1.47		23.0	15.5	49.0	0	0	1016.27	26.95	16.0	25.13	3.0	1.88
1696280880.0	1.46		23.0	15.5	49.0	0	0	1016.27	26.93	16.0	26.38	3.0	1.88
1696280940.0	1.46		23.0	15.5	49.0	0	0	1016.26	26.9	16.0	26.38	3.0	1.88
1696281000.0	1.46		23.0	15.5	49.0	0	0	1016.25	26.88	16.0	26.38	3.0	1.88
1696281060.0	1.46		19.8	15.46	48.8	0	0	1016.24	26.9	16.0	26.38	3.0	1.88
1696281120.0	1.46		16.6	15.43	48.6	0	0	1016.24	26.93	16.0	26.38	3.0	1.88
1696281180.0			13.4	15.39	48.4	0	0	1016.23	26.95	16.0	19.0	3.0	1.88
1696281240.0			10.2	15.35	48.2	0	0	1016.22	26.98	16.0	19.0	3.0	1.88
1696281300.0			7.0	15.31	48.0	0	0	1016.22	27.0	16.0	19.0	3.0	1.88
1696281360.0			6.8	15.31	48.0	0	0	1016.21	26.98	16.0	19.0	3.0	1.88
1696281420.0			6.6	15.31	48.0	0	0	1016.2	26.95	16.0	19.0	3.0	1.88
1696281480.0			6.4	15.31	48.0	0	0	1016.2	26.93	16.0	19.63	3.0	1.88
1696281540.0			6.2	15.31	48.0	0	0	1016.19	26.9	16.0	19.63	3.0	1.88
1696281600.0			6.0	15.31	48.0	0	0	1016.18	26.88	16.0	19.63	3.0	1.88
1696281660.0			5.8	15.31	48.2	0	0	1016.17	26.88	16.0	19.63	3.0	1.88
1696281720.0			5.6	15.31	48.4	0	0	1016.17	26.88	16.0	19.63	3.0	1.88
1696281780.0			5.4	15.31	48.6	0	0	1016.16	26.88	16.0	21.13	3.0	1.88
1696281840.0			5.2	15.31	48.8	0	0	1016.15	26.88	16.0	21.13	3.0	1.88
1696281900.0			5.0	15.31	49.0	0	0	1016.15	26.88	16.0	21.13	3.0	1.88
1696281960.0			7.4	15.38	49.0	0	0	1016.14	26.88	16.0	21.13	2.93	1.84
1696282020.0			9.8	15.44	49.0	0	0	1016.13	26.88	16.0	21.13	2.85	1.8
1696282080.0	1.45		12.2	15.5	49.0	0	0	1016.12	26.88	16.0	26.19	2.78	1.76
1696282140.0	1.45		14.6	15.56	49.0	0	0	1016.12	26.88	16.0	26.19	2.7	1.73
1696282200.0	1.45		17.0	15.63	49.0	0	0	1016.11	26.88	16.0	26.19	2.63	1.69
1696282260.0	1.45		17.2	15.63	49.0	0	0	1016.1	26.88	16.0	26.19	2.63	1.69
1696282320.0	1.45		17.4	15.63	49.0	0	0	1016.1	26.88	16.0	26.19	2.63	1.69
1696282380.0	1.45		17.6	15.63	49.0	0	0	1016.09	26.88	16.0	27.19	2.63	1.69
1696282440.0	1.45		17.8	15.63	49.0	0	0	1016.08	26.88	16.0	27.19	2.63	1.69
1696282500.0	1.45		18.0	15.63	49.0	0	0	1016.08	26.88	16.0	27.19	2.63	1.69
1696282560.0	1.45		18.2	15.66	49.2	0	0	1016.07	26.86	16.0	27.19	2.63	1.69
1696282620.0	1.45		18.4	15.7	49.4	0	0	1016.06	26.85	16.0	27.19	2.63	1.69
1696282680.0	1.43		18.6	15.74	49.6	0	0	1016.05	26.84	16.0	17.69	2.63	1.69
1696282740.0	1.43		18.8	15.78	49.8	0	0	1016.05	26.83	16.0	17.69	2.63	1.69
1696282800.0	1.43		19.0	15.81	50.0	0	0	1016.04	26.81	16.0	17.69	2.63	1.69
1696282860.0	1.43		19.2	15.79	50.0	0	0	1016.03	26.81	16.0	17.69	2.63	1.69
1696282920.0	1.43		19.4	15.76	50.0	0	0	1016.03	26.81	16.0	17.69	2.63	1.69
1696282980.0	1.42		19.6	15.74	50.0	0	0	1016.02	26.81	16.0	18.81	2.63	1.69
1696283040.0	1.42		19.8	15.71	50.0	0	0	1016.01	26.81	16.0	18.81	2.63	1.69
1696283100.0	1.42		20.0	15.69	50.0	0	0	1016.0	26.81	16.0	18.81	2.63	1.69
1696283160.0	1.42		20.2	15.69	50.0	0	0	1016.0	26.79	16.0	18.81	2.63	1.69
1696283220.0	1.42		20.4	15.69	50.0	0	0	1015.99	26.76	16.0	18.81	2.63	1.69
1696283280.0	1.42		20.6	15.69	50.0	0	0	1015.98	26.74	16.0	19.81	2.63	1.69
1696283340.0	1.42		20.8	15.69	50.0	0	0	1015.98	26.71	16.0	19.81	2.63	1.69
1696283400.0	1.42		21.0	15.69	50.0	0	0	1015.97	26.69	16.0	19.81	2.63	1.69
1696283460.0	1.42		21.2	15.69	50.0	0	0	1015.96	26.69	16.0	19.81	2.63	1.69
1696283520.0	1.42		21.4	15.69	50.0	0	0	1015.96	26.69	16.0	19.81	2.63	1.69
1696283580.0	1.42		21.6	15.69	50.0	0	0	1015.95	26.69	16.0	20.88	2.63	1.69
1696283640.0	1.42		21.8	15.69	50.0	0	0	1015.94	26.69	16.0	20.88	2.63	1.69
1696283700.0	1.42		22.0	15.69	50.0	0	0	1015.93	26.69	16.0	20.88	2.63	1.69
1696283760.0	1.42		22.2	15.69	50.2	0	0	1015.93	26.63	16.0	20.88	2.63	1.73
1696283820.0	1.42		22.4	15.69	50.4	0	0	1015.92	26.56	16.0	20.88	2.63	1.76
1696283880.0	1.38		22.6	15.69	50.6	0	0	1015.91	26.5	16.0	22.0	2.63	1.8
1696283940.0	1.38		22.8	15.69	50.8	0	0	1015.91	26.44	16.0	22.0	2.63	1.84
1696284000.0	1.38		23.0	15.69	51.0	0	0	1015.9	26.38	16.0	22.0	2.63	1.88
1696284060.0	1.38		22.6	15.71	51.2	0	0	1015.9	26.36	16.0	22.0	2.66	1.9
1696284120.0	1.38		22.2	15.74	51.4	0	0	1015.89	26.35	16.0	22.0	2.7	1.93
1696284180.0	1.36		21.8	15.76	51.6	0	0	1015.89	26.34	16.0	22.19	2.74	1.95
1696284240.0	1.36		21.4	15.79	51.8	0	0	1015.89	26.33	16.0	22.19	2.78	1.98
1696284300.0	1.36		21.0	15.81	52.0	0	0	1015.88	26.31	16.0	22.19	2.81	2.0
1696284360.0	1.36		20.8	15.81	52.0	0	0	1015.88	26.29	16.0	22.19	2.85	2.0
1696284420.0	1.36		20.6	15.81	52.0	0	0	1015.88	26.26	16.0	22.19	2.89	2.0
1696284480.0	1.34		20.4	15.81	52.0	0	0	1015.87	26.24	16.0	21.38	2.93	2.0
1696284540.0	1.34		20.2	15.81	52.0	0	0	1015.87	26.21	16.0	21.38	2.96	2.0
1696284600.0	1.34		20.0	15.81	52.0	0	0	1015.87	26.19	16.0	21.38	3.0	2.0
1696284660.0	1.34		19.6	15.83	52.2	0	0	1015.86	26.18	16.0	21.38	3.04	2.0
1696284720.0	1.34		19.2	15.84	52.4	0	0	1015.86	26.16	16.0	21.38	3.08	2.0
1696284780.0	1.32		18.8	15.85	52.6	0	0	1015.86	26.15	16.0	21.5	3.11	2.0
1696284840.0	1.32		18.4	15.86	52.8	0	0	1015.85	26.14	16.0	21.5	3.15	2.0
1696284900.0	1.32		18.0	15.88	53.0	0	0	1015.85	26.13	16.0	21.5	3.19	2.0
1696284960.0	1.32		17.6	15.93	53.4	0	0	1015.85	26.06	16.0	21.5	3.21	1.96
1696285020.0	1.32		17.2	15.98	53.8	0	0	1015.84	26.0	16.0	21.5	3.24	1.93
1696285080.0	1.24		16.8	16.02	54.2	0	0	1015.84	25.94	16.0	29.13	3.26	1.89
1696285140.0	1.24		16.4	16.08	54.6	0	0	1015.84	25.88	16.0	29.13	3.29	1.85
1696285200.0	1.24		16.0	16.13	55.0	0	0	1015.83	25.81	16.0	29.13	3.31	1.81
1696285260.0	1.24		15.6	16.13	55.0	0	0	1015.83	25.78	16.0	29.13	3.35	1.81
1696285320.0	1.24		15.2	16.13	55.0	0	0	1015.83	25.74	16.0	29.13	3.39	1.81
1696285380.0	1.22		14.8	16.13	55.0	0	0	1015.82	25.7	16.0	29.31	3.43	1.81
1696285440.0	1.22		14.4	16.13	55.0	0	0	1015.82	25.66	16.0	29.31	3.46	1.81
1696285500.0	1.22		14.0	16.13	55.0	0	0	1015.82	25.63	16.0	29.31	3.5	1.81
1696285560.0	1.22		13.6	16.14	55.2	0	0	1015.81	25.6	16.0	29.31	3.54	1.83
1696285620.0	1.22		13.2	16.15	55.4	0	0	1015.81	25.58	16.0	29.31	3.58	1.84
1696285680.0	1.2		12.8	16.16	55.6	0	0	1015.81	25.55	16.0	27.13	3.61	1.85
1696285740.0	1.2		12.4	16.18	55.8	0	0	1015.8	25.53	16.0	27.13	3.65	1.86
1696285800.0	1.2		12.0	16.19	56.0	0	0	1015.8	25.5	16.0	27.13	3.69	1.88
1696285860.0	1.2		11.6	16.19	56.0	0	0	1015.8	25.48	16.0	27.13	3.73	1.88
1696285920.0	1.2		11.2	16.19	56.0	0	0	1015.79	25.45	16.0	27.13	3.76	1.88
1696285980.0			10.8	16.19	56.0	0	0	1015.79	25.43	16.0	27.19	3.8	1.88
1696286040.0			10.4	16.19	56.0	0	0	1015.79	25.4	16.0	27.19	3.84	1.88
1696286100.0			10.0	16.19	56.0	0	0	1015.78	25.38	16.0	27.19	3.88	1.88
1696286160.0			9.6	16.33	57.4	0	0	1015.78	25.2	16.0	27.19	3.93	1.7
1696286220.0			9.2	16.46	58.8	0	0	1015.78	25.03	16.0	27.19	3.98	1.53
1696286280.0			8.8	16.6	60.2	0	0	1015.77	24.85	16.0	40.63	4.03	1.35
1696286340.0			8.4	16.74	61.6	0	0	1015.77	24.68	16.0	40.63	4.08	1.17
1696286400.0			8.0	16.88	63.0	0	0	1015.77	24.5	16.0	40.63	4.13	1.0
1696286460.0			6.8	16.86	62.8	0	0	1015.76	24.53	16.0	40.63	3.76	0.93
1696286520.0			5.6	16.85	62.6	0	0	1015.76	24.55	16.0	40.63	3.4	0.85
1696286580.0			4.4	16.84	62.4	0	0	1015.76	24.58	16.0	25.0	3.04	0.78
1696286640.0			3.2	16.83	62.2	0	0	1015.75	24.6	16.0	25.0	2.68	0.7
1696286700.0			2.0	16.81	62.0	0	0	1015.75	24.63	16.0	25.0	2.31	0.63
1696286760.0			2.0	16.81	62.0	0	0	1015.75	24.63	16.0	25.0	2.31	0.63
1696286820.0			2.0	16.81	62.0	0	0	1015.74	24.63	16.0	25.0	2.31	0.63
1696286880.0			2.0	16.81	62.0	0	0	1015.74	24.63	16.0	28.5	2.31	0.63
1696286940.0			2.0	16.81	62.0	0	0	1015.74	24.63	16.0	28.5	2.31	0.63
1696287000.0			2.0	16.81	62.0	0	0	1015.73	24.63	16.0	28.5	2.31	0.63
1696287060.0			1.8	16.81	62.0	0	0	1015.73	24.6	16.0	28.5	2.33	0.63
1696287120.0			1.6	16.81	62.0	0	0	1015.73	24.58	16.0	28.5	2.34	0.63
1696287180.0			1.4	16.81	62.0	0	0	1015.72	24.55	16.0	30.13	2.35	0.63
1696287240.0			1.2	16.81	62.0	0	0	1015.72	24.53	16.0	30.13	2.36	0.63
1696287300.0			1.0	16.81	62.0	0	0	1015.72	24.5	16.0	30.13	2.38	0.63
1696287360.0			4.8	16.83	63.0	0	0	1015.71	24.34	16.0	30.13	2.38	0.64
1696287420.0			8.6	16.84	64.0	0	0	1015.71	24.18	16.0	30.13	2.38	0.65
1696287480.0	0.82		12.4	16.85	65.0	0	0	1015.71	24.01	16.0	30.63	2.38	0.66
1696287540.0	0.82		16.2	16.86	66.0	0	0	1015.7	23.85	16.0	30.63	2.38	0.68
1696287600.0	0.82		20.0	16.88	67.0	0	0	1015.7	23.69	16.0	30.63	2.38	0.69
1696287660.0	0.82		20.0	16.9	67.2	0	0	1015.7	23.68	16.0	30.63	2.4	0.69
1696287720.0	0.82		20.0	16.93	67.4	0	0	1015.71	23.66	16.0	30.63	2.42	0.69
1696287780.0	0.81		20.0	16.95	67.6	0	0	1015.71	23.65	16.0	33.0	2.45	0.69
1696287840.0	0.81		20.0	16.98	67.8	0	0	1015.71	23.64	16.0	33.0	2.48	0.69
1696287900.0	0.81		20.0	17.0	68.0	0	0	1015.72	23.63	16.0	33.0	2.5	0.69
1696287960.0	0.81		20.0	17.02	68.0	0	0	1015.72	23.6	16.0	33.0	2.53	0.69
1696288020.0	0.81		20.0	17.05	68.0	0	0	1015.72	23.58	16.0	33.0	2.55	0.69
1696288080.0	0.79		20.0	17.08	68.0	0	0	1015.73	23.55	16.0	38.81	2.58	0.69
1696288140.0	0.79		20.0	17.1	68.0	0	0	1015.73	23.53	16.0	38.81	2.6	0.69
1696288200.0	0.79		20.0	17.13	68.0	0	0	1015.73	23.5	16.0	38.81	2.63	0.69
1696288260.0	0.79		22.8	17.13	67.8	0	0	1015.74	23.54	16.0	38.81	2.63	0.88
1696288320.0	0.79		25.6	17.13	67.6	0	0	1015.74	23.58	16.0	38.81	2.63	1.06
1696288380.0	0.84		28.4	17.13	67.4	0	0	1015.74	23.61	16.0	94.19	2.63	1.25
1696288440.0	0.84		31.2	17.13	67.2	0	0	1015.75	23.65	16.0	94.19	2.63	1.44
1696288500.0	0.84		34.0	17.13	67.0	0	0	1015.75	23.69	16.0	94.19	2.63	1.63
1696288560.0	0.84		33.8	17.14	67.0	0	0	1015.75	23.68	16.0	94.19	2.66	1.63
1696288620.0	0.84		33.6	17.15	67.0	0	0	1015.75	23.66	16.0	94.19	2.7	1.63
1696288680.0	0.83		33.4	17.16	67.0	0	0	1015.76	23.65	16.0	97.5	2.74	1.63
1696288740.0	0.83		33.2	17.18	67.0	0	0	1015.76	23.64	16.0	97.5	2.78	1.63
1696288800.0	0.83		33.0	17.19	67.0	0	0	1015.76	23.63	16.0	97.5	2.81	1.63
1696288860.0	0.83		33.0	17.19	67.0	0	0	1015.77	23.6	16.0	97.5	2.83	1.63
1696288920.0	0.83		33.0	17.19	67.0	0	0	1015.77	23.58	16.0	97.5	2.84	1.63
1696288980.0	0.81		33.0	17.19	67.0	0	0	1015.77	23.55	16.0	100.0	2.85	1.63
1696289040.0	0.81		33.0	17.19	67.0	0	0	1015.78	23.53	16.0	100.0	2.86	1.63
1696289100.0	0.81		33.0	17.19	67.0	0	0	1015.78	23.5	16.0	100.0	2.88	1.63
1696289160.0	0.81		33.0	17.21	67.2	0	0	1015.78	23.48	16.0	100.0	2.86	1.63
1696289220.0	0.81		33.0	17.24	67.4	0	0	1015.79	23.45	16.0	100.0	2.85	1.63
1696289280.0	0.8		33.0	17.26	67.6	0	0	1015.79	23.43	16.0	101.0	2.84	1.63
1696289340.0	0.8		33.0	17.29	67.8	0	0	1015.79	23.4	16.0	101.0	2.83	1.63
1696289400.0	0.8		33.0	17.31	68.0	0	0	1015.8	23.38	16.0	101.0	2.81	1.63
1696289460.0	0.8		33.0	17.31	68.2	0	0	1015.8	23.36	16.0	101.0	2.83	1.63
1696289520.0	0.8		33.0	17.31	68.4	0	0	1015.8	23.35	16.0	101.0	2.84	1.63
1696289580.0	0.78		33.0	17.31	68.6	0	0	1015.81	23.34	16.0	103.69	2.85	1.63
1696289640.0	0.78		33.0	17.31	68.8	0	0	1015.81	23.33	16.0	103.69	2.86	1.63
1696289700.0	0.78		33.0	17.31	69.0	0	0	1015.81	23.31	16.0	103.69	2.88	1.63
1696289760.0	0.78		33.0	17.33	69.4	0	0	1015.82	23.28	16.0	103.69	2.9	1.44
1696289820.0	0.78		33.0	17.34	69.8	0	0	1015.82	23.24	16.0	103.69	2.93	1.25
1696289880.0	0.72		33.0	17.35	70.2	0	0	1015.82	23.2	16.0	53.5	2.95	1.06
1696289940.0	0.72		33.0	17.36	70.6	0	0	1015.83	23.16	16.0	53.5	2.98	0.88
1696290000.0	0.72		33.0	17.38	71.0	0	0	1015.83	23.13	16.0	53.5	3.0	0.69
1696290060.0	0.72		33.0	17.4	71.0	0	0	1015.83	23.1	16.0	53.5	3.03	0.69
1696290120.0	0.72		33.0	17.43	71.0	0	0	1015.84	23.08	16.0	53.5	3.05	0.69
1696290180.0	0.7		33.0	17.45	71.0	0	0	1015.84	23.05	16.0	56.13	3.08	0.69
1696290240.0	0.7		33.0	17.48	71.0	0	0	1015.84	23.03	16.0	56.13	3.1	0.69
1696290300.0	0.7		33.0	17.5	71.0	0	0	1015.85	23.0	16.0	56.13	3.13	0.69
1696290360.0	0.7		40.4	17.5	70.8	0	0	1015.85	23.06	16.0	56.13	3.18	0.71
1696290420.0	0.7		47.8	17.5	70.6	0	0	1015.85	23.13	16.0	56.13	3.23	0.74
1696290480.0	0.74	0.74	55.2	17.5	70.4	0	0	1015.86	23.19	16.0	41.31	3.28	0.76
1696290540.0	0.74	0.74	62.6	17.5	70.2	0	0	1015.86	23.25	16.0	41.31	3.33	0.79
1696290600.0	0.74	0.74	70.0	17.5	70.0	0	0	1015.86	23.31	16.0	41.31	3.38	0.81
1696290660.0	0.74	0.74	70.6	17.5	70.0	0	0	1015.87	23.29	16.0	41.31	3.36	0.81
1696290720.0	0.74	0.74	71.2	17.5	70.0	0	0	1015.87	23.26	16.0	41.31	3.35	0.81
1696290780.0	0.73	0.73	71.8	17.5	70.0	0	0	1015.87	23.24	16.0	40.38	3.34	0.81
1696290840.0	0.73	0.73	72.4	17.5	70.0	0	0	1015.88	23.21	16.0	40.38	3.33	0.81
1696290900.0	0.73	0.73	73.0	17.5	70.0	0	0	1015.88	23.19	16.0	40.38	3.31	0.81
1696290960.0	0.73	0.73	70.8	17.52	71.2	0	0	1015.88	23.03	16.0	40.38	3.31	0.81
1696291020.0	0.73	0.73	68.6	17.55	72.4	0	0	1015.89	22.86	16.0	40.38	3.31	0.81
1696291080.0	0.58	0.58	66.4	17.58	73.6	0	0	1015.89	22.7	16.0	39.5	3.31	0.81
1696291140.0	0.58	0.58	64.2	17.6	74.8	0	0	1015.89	22.54	16.0	39.5	3.31	0.81
1696291200.0	0.58	0.58	62.0	17.63	76.0	0	0	1015.9	22.38	16.0	39.5	3.31	0.81
1696291260.0	0.58	0.58	61.6	17.63	76.0	0	0	1015.9	22.36	16.0	39.5	3.29	0.79
1696291320.0	0.58	0.58	61.2	17.63	76.0	0	0	1015.91	22.35	16.0	39.5	3.26	0.76
1696291380.0	0.57	0.57	60.8	17.63	76.0	0	0	1015.92	22.34	16.0	38.88	3.24	0.74
1696291440.0	0.57	0.57	60.4	17.63	76.0	0	0	1015.93	22.33	16.0	38.88	3.21	0.71
1696291500.0	0.57	0.57	60.0	17.63	76.0	0	0	1015.94	22.31	16.0	38.88	3.19	0.69
1696291560.0	0.57	0.57	59.6	17.63	76.0	0	0	1015.95	22.31	16.0	38.88	3.15	0.69
1696291620.0	0.57	0.57	59.2	17.63	76.0	0	0	1015.95	22.31	16.0	38.88	3.11	0.69
1696291680.0	0.56	0.56	58.8	17.63	76.0	0	0	1015.96	22.31	16.0	38.31	3.08	0.69
1696291740.0	0.56	0.56	58.4	17.63	76.0	0	0	1015.97	22.31	16.0	38.31	3.04	0.69
1696291800.0	0.56	0.56	58.0	17.63	76.0	0	0	1015.98	22.31	16.0	38.31	3.0	0.69
1696291860.0	0.56	0.56	60.2	17.63	76.4	0	0	1015.99	22.28	16.0	38.31	2.98	0.68
1696291920.0	0.56	0.56	62.4	17.63	76.8	0	0	1016.0	22.24	16.0	38.31	2.95	0.66
1696291980.0	0.52	0.52	64.6	17.63	77.2	0	0	1016.0	22.2	16.0	37.63	2.93	0.65
1696292040.0	0.52	0.52	66.8	17.63	77.6	0	0	1016.01	22.16	16.0	37.63	2.9	0.64
1696292100.0	0.52	0.52	69.0	17.63	78.0	0	0	1016.02	22.13	16.0	37.63	2.88	0.63
1696292160.0	0.52	0.52	68.6	17.63	78.0	0	0	1016.03	22.1	16.0	37.63	2.86	0.63
1696292220.0	0.52	0.52	68.2	17.63	78.0	0	0	1016.04	22.08	16.0	37.63	2.85	0.63
1696292280.0	0.52	0.52	67.8	17.63	78.0	0	0	1016.05	22.05	16.0	36.88	2.84	0.63
1696292340.0	0.52	0.52	67.4	17.63	78.0	0	0	1016.06	22.03	16.0	36.88	2.83	0.63
1696292400.0	0.52	0.52	67.0	17.63	78.0	0	0	1016.06	22.0	16.0	36.88	2.81	0.63
1696292460.0	0.52	0.52	66.6	17.63	78.0	0	0	1016.07	21.98	16.0	36.88	2.79	0.6
1696292520.0	0.52	0.52	66.2	17.63	78.0	0	0	1016.08	21.95	16.0	36.88	2.76	0.57
1696292580.0	0.51	0.51	65.8	17.63	78.0	0	0	1016.09	21.93	16.0	36.13	2.74	0.55
1696292640.0	0.51	0.51	65.4	17.63	78.0	0	0	1016.1	21.9	16.0	36.13	2.71	0.53
1696292700.0	0.51	0.51	65.0	17.63	78.0	0	0	1016.11	21.88	16.0	36.13	2.69	0.5
1696292760.0	0.51	0.51	64.6	17.64	78.2	0	0	1016.11	21.88	16.0	36.13	2.68	0.5
1696292820.0	0.51	0.51	64.2	17.65	78.4	0	0	1016.12	21.88	16.0	36.13	2.66	0.5
1696292880.0	0.5	0.5	63.8	17.66	78.6	0	0	1016.13	21.88	16.0	38.81	2.65	0.5
1696292940.0	0.5	0.5	63.4	17.68	78.8	0	0	1016.14	21.88	16.0	38.81	2.64	0.5
1696293000.0	0.5	0.5	63.0	17.69	79.0	0	0	1016.15	21.88	16.0	38.81	2.63	0.5
1696293060.0	0.5	0.5	62.6	17.69	79.0	0	0	1016.16	21.86	16.0	38.81	2.58	0.48
1696293120.0	0.5	0.5	62.2	17.69	79.0	0	0	1016.16	21.85	16.0	38.81	2.53	0.45
1696293180.0	0.49	0.49	61.8	17.69	79.0	0	0	1016.17	21.84	16.0	37.69	2.48	0.43
1696293240.0	0.49	0.49	61.4	17.69	79.0	0	0	1016.18	21.83	16.0	37.69	2.42	0.4
1696293300.0	0.49	0.49	61.0	17.69	79.0	0	0	1016.19	21.81	16.0	37.69	2.38	0.38
1696293360.0	0.49	0.49	57.8	17.69	79.4	0	0	1016.2	21.73	16.0	37.69	2.36	0.36
1696293420.0	0.49	0.49	54.6	17.69	79.8	0	0	1016.21	21.64	16.0	37.69	2.35	0.35
1696293480.0	0.42		51.4	17.69	80.2	0	0	1016.21	21.55	16.0	35.69	2.34	0.34
1696293540.0	0.42		48.2	17.69	80.6	0	0	1016.22	21.46	16.0	35.69	2.33	0.33
1696293600.0	0.42		45.0	17.69	81.0	0	0	1016.23	21.38	16.0	35.69	2.31	0.31
1696293660.0	0.42		44.6	17.69	81.2	0	0	1016.24	21.36	16.0	35.69	2.28	0.31
1696293720.0	0.42		44.2	17.69	81.4	0	0	1016.25	21.35	16.0	35.69	2.24	0.31
1696293780.0	0.41		43.8	17.69	81.6	0	0	1016.26	21.34	16.0	34.31	2.2	0.31
1696293840.0	0.41		43.4	17.69	81.8	0	0	1016.26	21.33	16.0	34.31	2.16	0.31
1696293900.0	0.41		43.0	17.69	82.0	0	0	1016.27	21.31	16.0	34.31	2.13	0.31
1696293960.0	0.41		42.6	17.69	82.0	0	0	1016.28	21.31	16.0	34.31	2.1	0.29
1696294020.0	0.41		42.2	17.69	82.0	0	0	1016.29	21.31	16.0	34.31	2.08	0.26
1696294080.0	0.41		41.8	17.69	82.0	0	0	1016.3	21.31	16.0	30.13	2.05	0.24
1696294140.0	0.41		41.4	17.69	82.0	0	0	1016.31	21.31	16.0	30.13	2.03	0.21
1696294200.0	0.41		41.0	17.69	82.0	0	0	1016.32	21.31	16.0	30.13	2.0	0.19
1696294260.0	0.41		40.4	17.69	82.0	0	0	1016.32	21.29	16.0	30.13	1.96	0.18
1696294320.0	0.41		39.8	17.69	82.0	0	0	1016.33	21.26	16.0	30.13	1.93	0.16
1696294380.0	0.4		39.2	17.69	82.0	0	0	1016.34	21.24	16.0	28.38	1.89	0.15
1696294440.0	0.4		38.6	17.69	82.0	0	0	1016.35	21.21	16.0	28.38	1.85	0.14
1696294500.0	0.4		38.0	17.69	82.0	0	0	1016.36	21.19	16.0	28.38	1.81	0.13
1696294560.0	0.4		30.4	17.75	83.0	0	0	1016.37	21.08	16.0	28.38	1.91	0.2
1696294620.0	0.4		22.8	17.81	84.0	0	0	1016.37	20.96	16.0	28.38	2.01	0.28
1696294680.0			15.2	17.88	85.0	0	0	1016.38	20.85	16.0	91.19	2.11	0.35
1696294740.0			7.6	17.94	86.0	0	0	1016.39	20.74	16.0	91.19	2.21	0.43
1696294800.0			0.0	18.0	87.0	0	0	1016.4	20.63	16.0	91.19	2.31	0.5
1696294860.0			0.0	18.0	87.0	0	0	1016.4	20.63	16.0	91.19	2.31	0.5
1696294920.0			0.0	18.0	87.0	0	0	1016.41	20.63	16.0	91.19	2.31	0.5
1696294980.0			0.0	18.0	87.0	0	0	1016.41	20.63	16.0	94.13	2.31	0.5
1696295040.0			0.0	18.0	87.0	0	0	1016.41	20.63	16.0	94.13	2.31	0.5
1696295100.0			0.0	18.0	87.0	0	0	1016.42	20.63	16.0	94.13	2.31	0.5
1696295160.0			0.0	17.98	87.0	0	0	1016.42	20.6	16.0	94.13	2.29	0.5
1696295220.0			0.0	17.95	87.0	0	0	1016.42	20.58	16.0	94.13	2.26	0.5
1696295280.0			0.0	17.93	87.0	0	0	1016.43	20.55	16.0	98.13	2.24	0.5
1696295340.0			0.0	17.9	87.0	0	0	1016.43	20.53	16.0	98.13	2.21	0.5
1696295400.0			0.0	17.88	87.0	0	0	1016.43	20.5	16.0	98.13	2.19	0.5
1696295460.0			0.0	17.88	87.0	0	0	1016.44	20.5	16.0	98.13	2.17	0.5
1696295520.0			0.0	17.88	87.0	0	0	1016.44	20.5	16.0	98.13	2.16	0.5
1696295580.0			0.0	17.88	87.0	0	0	1016.44	20.5	16.0	104.0	2.15	0.5
1696295640.0			0.0	17.88	87.0	0	0	1016.45	20.5	16.0	104.0	2.14	0.5
1696295700.0			0.0	17.88	87.0	0	0	1016.45	20.5	16.0	104.0	2.13	0.5
1696295760.0			0.2	17.9	87.2	0	0	1016.45	20.48	16.0	104.0	2.1	0.5
1696295820.0			0.4	17.93	87.4	0	0	1016.46	20.45	16.0	104.0	2.08	0.5
1696295880.0			0.6	17.95	87.6	0	0	1016.46	20.43	16.0	112.88	2.05	0.5
1696295940.0			0.8	17.98	87.8	0	0	1016.46	20.4	16.0	112.88	2.03	0.5
1696296000.0			1.0	18.0	88.0	0	0	1016.47	20.38	16.0	112.88	2.0	0.5
1696296060.0			0.8	17.98	88.2	0	0	1016.47	20.33	16.0	112.88	1.83	0.48
1696296120.0			0.6	17.95	88.4	0	0	1016.47	20.27	16.0	112.88	1.65	0.45
1696296180.0			0.4	17.93	88.6	0	0	1016.48	20.23	16.0	282.88	1.48	0.43
1696296240.0			0.2	17.9	88.8	0	0	1016.48	20.18	16.0	282.88	1.3	0.4
1696296300.0			0.0	17.88	89.0	0	0	1016.48	20.13	16.0	282.88	1.13	0.38
1696296360.0			0.0	17.86	88.8	0	0	1016.49	20.13	16.0	282.88	1.13	0.38
1696296420.0			0.0	17.85	88.6	0	0	1016.49	20.13	16.0	282.88	1.13	0.38
1696296480.0			0.0	17.84	88.4	0	0	1016.49	20.13	16.0	289.38	1.13	0.38
1696296540.0			0.0	17.83	88.2	0	0	1016.5	20.13	16.0	289.38	1.13	0.38
1696296600.0			0.0	17.81	88.0	0	0	1016.5	20.13	16.0	289.38	1.13	0.38
1696296660.0			0.0	17.81	88.0	0	0	1016.5	20.13	16.0	289.38	1.13	0.4
1696296720.0			0.0	17.81	88.0	0	0	1016.51	20.13	16.0	289.38	1.13	0.43
1696296780.0			0.0	17.81	88.0	0	0	1016.51	20.13	16.0	295.0	1.13	0.45
1696296840.0			0.0	17.81	88.0	0	0	1016.51	20.13	16.0	295.0	1.13	0.48
1696296900.0			0.0	17.81	88.0	0	0	1016.52	20.13	16.0	295.0	1.13	0.5
1696296960.0			0.0	17.79	88.2	0	0	1016.52	20.08	16.0	295.0	1.13	0.5
1696297020.0			0.0	17.76	88.4	0	0	1016.52	20.02	16.0	295.0	1.13	0.5
1696297080.0			0.0	17.74	88.6	0	0	1016.53	19.98	16.0	299.63	1.13	0.5
1696297140.0			0.0	17.71	88.8	0	0	1016.53	19.93	16.0	299.63	1.13	0.5
1696297200.0			0.0	17.69	89.0	0	0	1016.53	19.88	16.0	299.63	1.13	0.5
1696297260.0			0.0	17.69	89.0	0	0	1016.54	19.88	16.0	299.63	1.13	0.5
1696297320.0			0.0	17.69	89.0	0	0	1016.54	19.88	16.0	299.63	1.13	0.5
1696297380.0			0.0	17.69	89.0	0	0	1016.54	19.88	16.0	303.13	1.13	0.5
1696297440.0			0.0	17.69	89.0	0	0	1016.55	19.88	16.0	303.13	1.13	0.5
1696297500.0			0.0	17.69	89.0	0	0	1016.55	19.88	16.0	303.13	1.13	0.5
1696297560.0			0.0	17.69	89.0	0	0	1016.55	19.86	16.0	303.13	1.13	0.5
1696297620.0			0.0	17.69	89.0	0	0	1016.56	19.85	16.0	303.13	1.13	0.5
1696297680.0			0.0	17.69	89.0	0	0	1016.56	19.84	16.0	305.88	1.13	0.5
1696297740.0			0.0	17.69	89.0	0	0	1016.56	19.83	16.0	305.88	1.13	0.5
1696297800.0			0.0	17.69	89.0	0	0	1016.57	19.81	16.0	305.88	1.13	0.5
1696297860.0			0.0	17.68	89.0	0	0	1016.57	19.81	16.0	305.88	1.13	0.53
1696297920.0			0.0	17.66	89.0	0	0	1016.57	19.81	16.0	305.88	1.13	0.55
1696297980.0			0.0	17.65	89.0	0	0	1016.58	19.81	16.0	308.13	1.13	0.57
1696298040.0			0.0	17.64	89.0	0	0	1016.58	19.81	16.0	308.13	1.13	0.6
1696298100.0			0.0	17.63	89.0	0	0	1016.58	19.81	16.0	308.13	1.13	0.63
1696298160.0			6.6	17.63	89.0	0	0	1016.59	19.79	16.0	308.13	1.13	0.63
1696298220.0			13.2	17.63	89.0	0	0	1016.59	19.76	16.0	308.13	1.13	0.63
1696298280.0	0.25		19.8	17.63	89.0	0	0	1016.59	19.74	16.0	309.81	1.13	0.63
1696298340.0	0.25		26.4	17.63	89.0	0	0	1016.6	19.71	16.0	309.81	1.13	0.63
1696298400.0	0.25		33.0	17.63	89.0	0	0	1016.6	19.69	16.0	309.81	1.13	0.63
1696298460.0	0.25		33.0	17.63	89.0	0	0	1016.6	19.69	16.0	309.81	1.14	0.63
1696298520.0	0.25		33.0	17.63	89.0	0	0	1016.6	19.69	16.0	309.81	1.15	0.63
1696298580.0	0.25		33.0	17.63	89.0	0	0	1016.61	19.69	16.0	310.0	1.16	0.63
1696298640.0	0.25		33.0	17.63	89.0	0	0	1016.61	19.69	16.0	310.0	1.18	0.63
1696298700.0	0.25		33.0	17.63	89.0	0	0	1016.61	19.69	16.0	310.0	1.19	0.63
1696298760.0	0.25		33.0	17.63	88.8	0	0	1016.61	19.69	16.0	310.0	1.21	0.64
1696298820.0	0.25		33.0	17.63	88.6	0	0	1016.61	19.69	16.0	310.0	1.24	0.65
1696298880.0	0.25		33.0	17.63	88.4	0	0	1016.62	19.69	16.0	310.13	1.26	0.66
1696298940.0	0.25		33.0	17.63	88.2	0	0	1016.62	19.69	16.0	310.13	1.29	0.68
1696299000.0	0.25		33.0	17.63	88.0	0	0	1016.62	19.69	16.0	310.13	1.31	0.69
1696299060.0	0.25		33.0	17.6	88.0	0	0	1016.62	19.69	16.0	310.13	1.33	0.69
1696299120.0	0.25		33.0	17.58	88.0	0	0	1016.62	19.69	16.0	310.13	1.34	0.69
1696299180.0	0.26		33.0	17.55	88.0	0	0	1016.63	19.69	16.0	310.13	1.35	0.69
1696299240.0	0.26		33.0	17.52	88.0	0	0	1016.63	19.69	16.0	310.13	1.36	0.69
1696299300.0	0.26		33.0	17.5	88.0	0	0	1016.63	19.69	16.0	310.13	1.38	0.69
1696299360.0	0.26		30.2	17.5	88.2	0	0	1016.63	19.65	16.0	310.13	1.4	0.71
1696299420.0	0.26		27.4	17.5	88.4	0	0	1016.63	19.61	16.0	310.13	1.43	0.74
1696299480.0	0.24		24.6	17.5	88.6	0	0	1016.64	19.58	16.0	310.13	1.45	0.76
1696299540.0	0.24		21.8	17.5	88.8	0	0	1016.64	19.54	16.0	310.13	1.48	0.79
1696299600.0	0.24		19.0	17.5	89.0	0	0	1016.64	19.5	16.0	310.13	1.5	0.81
1696299660.0	0.24		19.0	17.48	89.2	0	0	1016.64	19.46	16.0	310.13	1.48	0.79
1696299720.0	0.24		19.0	17.45	89.4	0	0	1016.64	19.43	16.0	310.13	1.45	0.76
1696299780.0	0.21		19.0	17.43	89.6	0	0	1016.65	19.39	16.0	303.13	1.43	0.74
1696299840.0	0.21		19.0	17.4	89.8	0	0	1016.65	19.35	16.0	303.13	1.4	0.71
1696299900.0	0.21		19.0	17.38	90.0	0	0	1016.65	19.31	16.0	303.13	1.38	0.69
1696299960.0	0.21		19.0	17.38	90.0	0	0	1016.65	19.31	16.0	303.13	1.4	0.69
1696300020.0	0.21		19.0	17.38	90.0	0	0	1016.65	19.31	16.0	303.13	1.43	0.69
1696300080.0	0.2		19.0	17.38	90.0	0	0	1016.66	19.31	16.0	305.69	1.45	0.69
1696300140.0	0.2		19.0	17.38	90.0	0	0	1016.66	19.31	16.0	305.69	1.48	0.69
1696300200.0	0.2		19.0	17.38	90.0	0	0	1016.66	19.31	16.0	305.69	1.5	0.69
1696300260.0	0.2		19.0	17.38	90.2	0	0	1016.66	19.29	16.0	305.69	1.5	0.71
1696300320.0	0.2		19.0	17.38	90.4	0	0	1016.66	19.26	16.0	305.69	1.5	0.74
1696300380.0	0.2		19.0	17.38	90.6	0	0	1016.67	19.24	16.0	307.5	1.5	0.76
1696300440.0	0.2		19.0	17.38	90.8	0	0	1016.67	19.21	16.0	307.5	1.5	0.79
1696300500.0	0.2		19.0	17.38	91.0	0	0	1016.67	19.19	16.0	307.5	1.5	0.81
1696300560.0	0.2		15.2	17.38	91.0	0	0	1016.67	19.18	16.0	307.5	1.5	0.81
1696300620.0	0.2		11.4	17.38	91.0	0	0	1016.67	19.16	16.0	307.5	1.5	0.81
1696300680.0			7.6	17.38	91.0	0	0	1016.68	19.15	16.0	308.69	1.5	0.81
1696300740.0			3.8	17.38	91.0	0	0	1016.68	19.14	16.0	308.69	1.5	0.81
1696300800.0			0.0	17.38	91.0	0	0	1016.68	19.13	16.0	308.69	1.5	0.81
1696300860.0			0.0	17.38	91.0	0	0	1016.68	19.13	16.0	308.69	1.53	0.83
1696300920.0			0.0	17.38	91.0	0	0	1016.69	19.13	16.0	308.69	1.55	0.84
1696300980.0			0.0	17.38	91.0	0	0	1016.69	19.13	16.0	309.63	1.58	0.85
1696301040.0			0.0	17.38	91.0	0	0	1016.69	19.13	16.0	309.63	1.6	0.86
1696301100.0			0.0	17.38	91.0	0	0	1016.69	19.13	16.0	309.63	1.63	0.88
1696301160.0			0.0	17.38	91.0	0	0	1016.69	19.1	16.0	309.63	1.63	0.9
1696301220.0			0.0	17.38	91.0	0	0	1016.7	19.08	16.0	309.63	1.63	0.93
1696301280.0			0.0	17.38	91.0	0	0	1016.7	19.05	16.0	315.19	1.63	0.95
1696301340.0			0.0	17.38	91.0	0	0	1016.7	19.02	16.0	315.19	1.63	0.98
1696301400.0			0.0	17.38	91.0	0	0	1016.7	19.0	16.0	315.19	1.63	1.0
1696301460.0			0.0	17.38	91.0	0	0	1016.7	19.0	16.0	315.19	1.64	1.0
1696301520.0			0.0	17.38	91.0	0	0	1016.71	19.0	16.0	315.19	1.65	1.0
1696301580.0			0.0	17.38	91.0	0	0	1016.71	19.0	16.0	315.81	1.66	1.0
1696301640.0			0.0	17.38	91.0	0	0	1016.71	19.0	16.0	315.81	1.68	1.0
1696301700.0			0.0	17.38	91.0	0	0	1016.71	19.0	16.0	315.81	1.69	1.0
1696301760.0			3.8	17.38	91.0	0	0	1016.71	18.98	16.0	315.81	1.69	1.0
1696301820.0			7.6	17.38	91.0	0	0	1016.72	18.95	16.0	315.81	1.69	1.0
1696301880.0	0.18		11.4	17.38	91.0	0	0	1016.72	18.93	16.0	312.38	1.69	1.0
1696301940.0	0.18		15.2	17.38	91.0	0	0	1016.72	18.9	16.0	312.38	1.69	1.0
1696302000.0	0.18		19.0	17.38	91.0	0	0	1016.72	18.88	16.0	312.38	1.69	1.0
1696302060.0	0.18		19.2	17.38	91.0	0	0	1016.71	18.88	16.0	312.38	1.68	1.0
1696302120.0	0.18		19.4	17.38	91.0	0	0	1016.7	18.88	16.0	312.38	1.66	1.0
1696302180.0	0.18		19.6	17.38	91.0	0	0	1016.69	18.88	16.0	313.19	1.65	1.0
1696302240.0	0.18		19.8	17.38	91.0	0	0	1016.68	18.88	16.0	313.19	1.64	1.0
1696302300.0	0.18		20.0	17.38	91.0	0	0	1016.67	18.88	16.0	313.19	1.63	1.0
1696302360.0	0.18		20.0	17.38	91.2	0	0	1016.66	18.88	16.0	313.19	1.63	1.0
1696302420.0	0.18		20.0	17.38	91.4	0	0	1016.65	18.88	16.0	313.19	1.63	1.0
1696302480.0	0.18		20.0	17.38	91.6	0	0	1016.64	18.88	16.0	314.0	1.63	1.0
1696302540.0	0.18		20.0	17.38	91.8	0	0	1016.63	18.88	16.0	314.0	1.63	1.0
1696302600.0	0.18		20.0	17.38	92.0	0	0	1016.62	18.88	16.0	314.0	1.63	1.0
1696302660.0	0.18		20.2	17.38	92.0	0	0	1016.61	18.88	16.0	314.0	1.63	1.0
1696302720.0	0.18		20.4	17.38	92.0	0	0	1016.6	18.88	16.0	314.0	1.63	1.0
1696302780.0	0.18		20.6	17.38	92.0	0	0	1016.59	18.88	16.0	314.81	1.63	1.0
1696302840.0	0.18		20.8	17.38	92.0	0	0	1016.58	18.88	16.0	314.81	1.63	1.0
1696302900.0	0.18		21.0	17.38	92.0	0	0	1016.57	18.88	16.0	314.81	1.63	1.0
1696302960.0	0.18		23.8	17.38	92.0	0	0	1016.56	18.86	16.0	314.81	1.6	1.0
1696303020.0	0.18		26.6	17.38	92.0	0	0	1016.55	18.85	16.0	314.81	1.58	1.0
1696303080.0	0.17		29.4	17.38	92.0	0	0	1016.54	18.84	16.0	315.63	1.55	1.0
1696303140.0	0.17		32.2	17.38	92.0	0	0	1016.52	18.83	16.0	315.63	1.53	1.0
1696303200.0	0.17		35.0	17.38	92.0	0	0	1016.51	18.81	16.0	315.63	1.5	1.0
1696303260.0	0.17		35.2	17.38	92.0	0	0	1016.5	18.81	16.0	315.63	1.5	1.0
1696303320.0	0.17		35.4	17.38	92.0	0	0	1016.49	18.81	16.0	315.63	1.5	1.0
1696303380.0	0.17		35.6	17.38	92.0	0	0	1016.48	18.81	16.0	316.38	1.5	1.0
1696303440.0	0.17		35.8	17.38	92.0	0	0	1016.47	18.81	16.0	316.38	1.5	1.0
1696303500.0	0.17		36.0	17.38	92.0	0	0	1016.46	18.81	16.0	316.38	1.5	1.0
1696303560.0	0.17		35.4	17.36	92.4	0	0	1016.45	18.73	16.0	316.38	1.44	0.96
1696303620.0	0.17		34.8	17.35	92.8	0	0	1016.44	18.64	16.0	316.38	1.38	0.93
1696303680.0	0.14		34.2	17.34	93.2	0	0	1016.43	18.55	16.0	332.81	1.31	0.89
1696303740.0	0.14		33.6	17.33	93.6	0	0	1016.42	18.46	16.0	332.81	1.25	0.85
1696303800.0	0.14		33.0	17.31	94.0	0	0	1016.41	18.38	16.0	332.81	1.19	0.81
1696303860.0	0.14		33.0	17.31	94.0	0	0	1016.4	18.38	16.0	332.81	1.18	0.79
1696303920.0	0.14		33.0	17.31	94.0	0	0	1016.39	18.38	16.0	332.81	1.16	0.76
1696303980.0	0.13		33.0	17.31	94.0	0	0	1016.38	18.38	16.0	330.19	1.15	0.74
1696304040.0	0.13		33.0	17.31	94.0	0	0	1016.37	18.38	16.0	330.19	1.14	0.71
1696304100.0	0.13		33.0	17.31	94.0	0	0	1016.36	18.38	16.0	330.19	1.13	0.69
1696304160.0	0.13		33.0	17.31	94.0	0	0	1016.35	18.38	16.0	330.19	1.1	0.69
1696304220.0	0.13		33.0	17.31	94.0	0	0	1016.34	18.38	16.0	330.19	1.08	0.69
1696304280.0	0.13		33.0	17.31	94.0	0	0	1016.33	18.38	16.0	326.88	1.05	0.69
1696304340.0	0.13		33.0	17.31	94.0	0	0	1016.32	18.38	16.0	326.88	1.02	0.69
1696304400.0	0.13		33.0	17.31	94.0	0	0	1016.31	18.38	16.0	326.88	1.0	0.69
1696304460.0	0.13		33.0	17.31	94.0	0	0	1016.3	18.38	16.0	326.88	0.98	0.68
1696304520.0	0.13		33.0	17.31	94.0	0	0	1016.29	18.38	16.0	326.88	0.95	0.66
1696304580.0	0.13		33.0	17.31	94.0	0	0	1016.28	18.38	16.0	322.31	0.93	0.65
1696304640.0	0.13		33.0	17.31	94.0	0	0	1016.27	18.38	16.0	322.31	0.9	0.64
1696304700.0	0.13		33.0	17.31	94.0	0	0	1016.25	18.38	16.0	322.31	0.88	0.63
1696304760.0	0.13		33.0	17.31	94.0	0	0	1016.24	18.36	16.0	322.31	0.86	0.6
1696304820.0	0.13		33.0	17.31	94.0	0	0	1016.23	18.35	16.0	322.31	0.85	0.57
1696304880.0	0.12		33.0	17.31	94.0	0	0	1016.22	18.34	15.99	316.69	0.84	0.55
1696304940.0	0.12		33.0	17.31	94.0	0	0	1016.21	18.33	15.99	316.69	0.83	0.53
1696305000.0	0.12		33.0	17.31	94.0	0	0	1016.2	18.31	15.99	316.69	0.81	0.5
1696305060.0	0.12		33.0	17.31	94.0	0	0	1016.19	18.31	15.99	316.69	0.79	0.5
1696305120.0	0.12		33.0	17.31	94.0	0	0	1016.18	18.31	15.98	316.69	0.76	0.5
1696305180.0	0.12		33.0	17.31	94.0	0	0	1016.17	18.31	15.98	308.0	0.74	0.5
1696305240.0	0.12		33.0	17.31	94.0	0	0	1016.16	18.31	15.98	308.0	0.71	0.5
1696305300.0	0.12		33.0	17.31	94.0	0	0	1016.15	18.31	15.98	308.0	0.69	0.5
1696305360.0	0.12		35.2	17.29	94.0	0	0	1016.14	18.31	15.97	308.0	0.68	0.48
1696305420.0	0.12		37.4	17.26	94.0	0	0	1016.13	18.31	15.97	308.0	0.66	0.45
1696305480.0	0.12		39.6	17.24	94.0	0	0	1016.12	18.31	15.97	294.31	0.65	0.43
1696305540.0	0.12		41.8	17.21	94.0	0	0	1016.11	18.31	15.97	294.31	0.64	0.4
1696305600.0	0.12		44.0	17.19	94.0	0	0	1016.1	18.31	15.96	294.31	0.63	0.38
1696305660.0	0.12		44.2	17.19	94.0	0	0	1016.08	18.31	15.95	294.31	0.64	0.4
1696305720.0	0.12		44.4	17.19	94.0	0	0	1016.06	18.31	15.94	294.31	0.65	0.43
1696305780.0	0.12		44.6	17.19	94.0	0	0	1016.05	18.31	15.93	311.31	0.66	0.45
1696305840.0	0.12		44.8	17.19	94.0	0	0	1016.03	18.31	15.91	311.31	0.68	0.48
1696305900.0	0.12		45.0	17.19	94.0	0	0	1016.01	18.31	15.9	311.31	0.69	0.5
1696305960.0	0.12		45.0	17.19	94.0	0	0	1015.99	18.29	15.89	311.31	0.73	0.5
1696306020.0	0.12		45.0	17.19	94.0	0	0	1015.97	18.26	15.88	311.31	0.76	0.5
1696306080.0	0.12		45.0	17.19	94.0	0	0	1015.96	18.24	15.87	321.13	0.8	0.5
1696306140.0	0.12		45.0	17.19	94.0	0	0	1015.94	18.21	15.85	321.13	0.84	0.5
1696306200.0	0.12		45.0	17.19	94.0	0	0	1015.92	18.19	15.84	321.13	0.88	0.5
1696306260.0	0.12		45.0	17.19	94.2	0	0	1015.9	18.19	15.83	321.13	0.9	0.53
1696306320.0	0.12		45.0	17.19	94.4	0	0	1015.88	18.19	15.82	321.13	0.93	0.55
1696306380.0	0.11		45.0	17.19	94.6	0	0	1015.87	18.19	15.81	327.31	0.95	0.57
1696306440.0	0.11		45.0	17.19	94.8	0	0	1015.85	18.19	15.79	327.31	0.98	0.6
1696306500.0	0.11		45.0	17.19	95.0	0	0	1015.83	18.19	15.78	327.31	1.0	0.63
1696306560.0	0.11		43.0	17.19	95.0	0	0	1015.81	18.18	15.77	327.31	1.04	0.63
1696306620.0	0.11		41.0	17.19	95.0	0	0	1015.79	18.16	15.76	327.31	1.08	0.63
1696306680.0	0.11		39.0	17.19	95.0	0	0	1015.78	18.15	15.74	331.63	1.11	0.63
1696306740.0	0.11		37.0	17.19	95.0	0	0	1015.76	18.14	15.73	331.63	1.15	0.63
1696306800.0	0.11		35.0	17.19	95.0	0	0	1015.74	18.13	15.72	331.63	1.19	0.63
1696306860.0	0.11		35.0	17.19	95.0	0	0	1015.72	18.13	15.71	331.63	1.21	0.64
1696306920.0	0.11		35.0	17.19	95.0	0	0	1015.7	18.13	15.7	331.63	1.24	0.65
1696306980.0	0.11		35.0	17.19	95.0	0	0	1015.69	18.13	15.68	334.81	1.26	0.66
1696307040.0	0.11		35.0	17.19	95.0	0	0	1015.67	18.13	15.67	334.81	1.29	0.68
1696307100.0	0.11		35.0	17.19	95.0	0	0	1015.65	18.13	15.66	334.81	1.31	0.69
1696307160.0	0.11		42.6	17.19	94.6	0	0	1015.63	18.16	15.7	334.81	1.41	0.71
1696307220.0	0.11		50.2	17.19	94.2	0	0	1015.61	18.2	15.73	334.81	1.51	0.74
1696307280.0	0.14	0.14	57.8	17.19	93.8	0	0	1015.6	18.24	15.77	325.69	1.61	0.76
1696307340.0	0.14	0.14	65.4	17.19	93.4	0	0	1015.58	18.27	15.8	325.69	1.71	0.79
1696307400.0	0.14	0.14	73.0	17.19	93.0	0	0	1015.56	18.31	15.84	325.69	1.81	0.81
1696307460.0	0.14	0.14	73.2	17.19	93.0	0	0	1015.54	18.31	15.82	325.69	1.81	0.81
1696307520.0	0.14	0.14	73.4	17.19	93.0	0	0	1015.52	18.31	15.81	325.69	1.81	0.81
1696307580.0	0.14	0.14	73.6	17.19	93.0	0	0	1015.51	18.31	15.79	326.19	1.81	0.81
1696307640.0	0.14	0.14	73.8	17.19	93.0	0	0	1015.49	18.31	15.78	326.19	1.81	0.81
1696307700.0	0.14	0.14	74.0	17.19	93.0	0	0	1015.47	18.31	15.76	326.19	1.81	0.81
1696307760.0	0.14	0.14	73.4	17.19	93.2	0	0	1015.45	18.31	15.74	326.19	1.83	0.81
1696307820.0	0.14	0.14	72.8	17.19	93.4	0	0	1015.43	18.31	15.73	326.19	1.84	0.81
1696307880.0	0.13	0.13	72.2	17.19	93.6	0	0	1015.42	18.31	15.71	326.63	1.85	0.81
1696307940.0	0.13	0.13	71.6	17.19	93.8	0	0	1015.4	18.31	15.7	326.63	1.86	0.81
1696308000.0	0.13	0.13	71.0	17.19	94.0	0	0	1015.38	18.31	15.68	326.63	1.88	0.81
1696308060.0	0.13	0.13	71.6	17.19	94.0	0	0	1015.36	18.31	15.67	326.63	1.9	0.81
1696308120.0	0.13	0.13	72.2	17.19	94.0	0	0	1015.35	18.31	15.65	326.63	1.93	0.81
1696308180.0	0.13	0.13	72.8	17.19	94.0	0	0	1015.33	18.31	15.63	327.0	1.95	0.81
1696308240.0	0.13	0.13	73.4	17.19	94.0	0	0	1015.31	18.31	15.62	327.0	1.98	0.81
1696308300.0	0.13	0.13	74.0	17.19	94.0	0	0	1015.29	18.31	15.6	327.0	2.0	0.81
1696308360.0	0.13	0.13	74.4	17.19	94.0	0	0	1015.27	18.31	15.59	327.0	2.03	0.81
1696308420.0	0.13	0.13	74.8	17.19	94.0	0	0	1015.26	18.31	15.57	327.0	2.05	0.81
1696308480.0	0.13	0.13	75.2	17.19	94.0	0	0	1015.24	18.31	15.56	327.38	2.08	0.81
1696308540.0	0.13	0.13	75.6	17.19	94.0	0	0	1015.22	18.31	15.54	327.38	2.1	0.81
1696308600.0	0.13	0.13	76.0	17.19	94.0	0	0	1015.2	18.31	15.52	327.38	2.13	0.81
1696308660.0	0.13	0.13	76.6	17.19	94.0	0	0	1015.18	18.31	15.51	327.38	2.14	0.81
1696308720.0	0.13	0.13	77.2	17.19	94.0	0	0	1015.17	18.31	15.49	327.38	2.15	0.81
1696308780.0	0.13	0.13	77.8	17.19	94.0	0	0	1015.15	18.31	15.48	327.81	2.16	0.81
1696308840.0	0.13	0.13	78.4	17.19	94.0	0	0	1015.13	18.31	15.46	327.81	2.17	0.81
1696308900.0	0.13	0.13	79.0	17.19	94.0	0	0	1015.11	18.31	15.45	327.81	2.19	0.81
1696308960.0	0.13	0.13	76.4	17.19	94.0	0	0	1015.09	18.29	15.43	327.81	2.21	0.81
1696309020.0	0.13	0.13	73.8	17.19	94.0	0	0	1015.08	18.26	15.41	327.81	2.24	0.81
1696309080.0	0.12	0.12	71.2	17.19	94.0	0	0	1015.06	18.24	15.4	328.13	2.26	0.81
1696309140.0	0.12	0.12	68.6	17.19	94.0	0	0	1015.04	18.21	15.38	328.13	2.29	0.81
1696309200.0	0.12	0.12	66.0	17.19	94.0	0	0	1015.02	18.19	15.37	328.13	2.31	0.81
1696309260.0	0.12	0.12	65.8	17.19	94.2	0	0	1015.03	18.19	15.36	328.13	2.31	0.81
1696309320.0	0.12	0.12	65.6	17.19	94.4	0	0	1015.03	18.19	15.36	328.13	2.31	0.81
1696309380.0	0.11	0.11	65.4	17.19	94.6	0	0	1015.04	18.19	15.36	330.13	2.31	0.81
1696309440.0	0.11	0.11	65.2	17.19	94.8	0	0	1015.04	18.19	15.35	330.13	2.31	0.81
1696309500.0	0.11	0.11	65.0	17.19	95.0	0	0	1015.05	18.19	15.35	330.13	2.31	0.81
1696309560.0	0.11	0.11	64.8	17.19	95.0	0	0	1015.05	18.19	15.35	330.13	2.31	0.81
1696309620.0	0.11	0.11	64.6	17.19	95.0	0	0	1015.06	18.19	15.35	330.13	2.31	0.81
1696309680.0	0.11	0.11	64.4	17.19	95.0	0	0	1015.06	18.19	15.34	332.31	2.31	0.81
1696309740.0	0.11	0.11	64.2	17.19	95.0	0	0	1015.07	18.19	15.34	332.31	2.31	0.81
1696309800.0	0.11	0.11	64.0	17.19	95.0	0	0	1015.07	18.19	15.34	332.31	2.31	0.81
1696309860.0	0.11	0.11	63.8	17.19	95.0	0	0	1015.08	18.19	15.33	332.31	2.33	0.81
1696309920.0	0.11	0.11	63.6	17.19	95.0	0	0	1015.09	18.19	15.33	332.31	2.34	0.81
1696309980.0	0.11	0.11	63.4	17.19	95.0	0	0	1015.09	18.19	15.33	334.81	2.35	0.81
1696310040.0	0.11	0.11	63.2	17.19	95.0	0	0	1015.1	18.19	15.32	334.81	2.36	0.81
1696310100.0	0.11	0.11	63.0	17.19	95.0	0	0	1015.1	18.19	15.32	334.81	2.38	0.81
1696310160.0	0.11	0.11	62.8	17.18	95.0	0	0	1015.11	18.15	14.89	334.81	2.38	0.81
1696310220.0	0.11	0.11	62.6	17.16	95.0	0	0	1015.11	18.11	14.46	334.81	2.38	0.81
1696310280.0	0.1	0.1	62.4	17.15	95.0	0	0	1015.12	18.08	14.03	337.38	2.38	0.81
1696310340.0	0.1	0.1	62.2	17.14	95.0	0	0	1015.12	18.04	13.61	337.38	2.38	0.81
1696310400.0	0.1	0.1	62.0	17.13	95.0	0	0	1015.13	18.0	13.18	337.38	2.38	0.81
1696310460.0	0.1	0.1	61.6	17.13	95.0	0	0	1015.13	18.0	13.17	337.38	2.38	0.81
1696310520.0	0.1	0.1	61.2	17.13	95.0	0	0	1015.14	18.0	13.17	337.38	2.38	0.81
1696310580.0	0.09	0.09	60.8	17.13	95.0	0	0	1015.14	18.0	13.17	340.13	2.38	0.81
1696310640.0	0.09	0.09	60.4	17.13	95.0	0	0	1015.15	18.0	13.16	340.13	2.38	0.81
1696310700.0	0.09	0.09	60.0	17.13	95.0	0	0	1015.15	18.0	13.16	340.13	2.38	0.81
1696310760.0	0.09	0.09	61.4	17.08	94.6	0	0	1015.16	18.06	13.33	340.13	2.3	0.79
1696310820.0	0.09	0.09	62.8	17.02	94.2	0	0	1015.16	18.13	13.51	340.13	2.23	0.76
1696310880.0	0.16	0.16	64.2	16.98	93.8	0	0	1015.17	18.19	13.68	342.5	2.15	0.74
1696310940.0	0.16	0.16	65.6	16.93	93.4	0	0	1015.18	18.25	13.85	342.5	2.08	0.71
1696311000.0	0.16	0.16	67.0	16.88	93.0	0	0	1015.18	18.31	14.02	342.5	2.0	0.69
1696311060.0	0.16	0.16	66.8	16.9	93.0	0	0	1015.19	18.31	14.02	342.5	2.0	0.69
1696311120.0	0.16	0.16	66.6	16.93	93.0	0	0	1015.19	18.31	14.01	342.5	2.0	0.69
1696311180.0	0.15	0.15	66.4	16.95	93.0	0	0	1015.2	18.31	14.01	347.69	2.0	0.69
1696311240.0	0.15	0.15	66.2	16.98	93.0	0	0	1015.2	18.31	14.0	347.69	2.0	0.69
1696311300.0	0.15	0.15	66.0	17.0	93.0	0	0	1015.21	18.31	14.0	347.69	2.0	0.69
1696311360.0	0.15	0.15	69.2	16.96	93.0	0	0	1015.21	18.27	14.4	347.69	2.03	0.69
1696311420.0	0.15	0.15	72.4	16.93	93.0	0	0	1015.22	18.24	14.8	347.69	2.05	0.69
1696311480.0	0.15	0.15	75.6	16.89	93.0	0	0	1015.22	18.2	15.2	352.5	2.08	0.69
1696311540.0	0.15	0.15	78.8	16.85	93.0	0	0	1015.23	18.16	15.6	352.5	2.1	0.69
1696311600.0	0.15	0.15	82.0	16.81	93.0	0	0	1015.23	18.13	16.0	352.5	2.13	0.69
1696311660.0	0.15	0.15	81.6	16.81	93.0	0	0	1015.24	18.13	16.0	352.5	2.14	0.69
1696311720.0	0.15	0.15	81.2	16.81	93.0	0	0	1015.24	18.13	16.0	352.5	2.15	0.69
1696311780.0	0.15	0.15	80.8	16.81	93.0	0	0	1015.25	18.13	16.0	356.81	2.16	0.69
1696311840.0	0.15	0.15	80.4	16.81	93.0	0	0	1015.25	18.13	16.0	356.81	2.17	0.69
1696311900.0	0.15	0.15	80.0	16.81	93.0	0	0	1015.26	18.13	16.0	356.81	2.19	0.69
1696311960.0	0.15	0.15	79.6	16.81	93.0	0	0	1015.27	18.13	16.0	356.81	2.19	0.69
1696312020.0	0.15	0.15	79.2	16.81	93.0	0	0	1015.27	18.13	16.0	356.81	2.19	0.69
1696312080.0	0.15	0.15	78.8	16.81	93.0	0	0	1015.28	18.13	16.0	0.63	2.19	0.69
1696312140.0	0.15	0.15	78.4	16.81	93.0	0	0	1015.28	18.13	16.0	0.63	2.19	0.69
1696312200.0	0.15	0.15	78.0	16.81	93.0	0	0	1015.29	18.13	16.0	0.63	2.19	0.69
1696312260.0	0.15	0.15	77.6	16.81	93.0	0	0	1015.29	18.13	16.0	0.63	2.21	0.69
1696312320.0	0.15	0.15	77.2	16.81	93.0	0	0	1015.3	18.13	16.0	0.63	2.24	0.69
1696312380.0	0.15	0.15	76.8	16.81	93.0	0	0	1015.3	18.13	16.0	4.0	2.26	0.69
1696312440.0	0.15	0.15	76.4	16.81	93.0	0	0	1015.31	18.13	16.0	4.0	2.29	0.69
1696312500.0	0.15	0.15	76.0	16.81	93.0	0	0	1015.31	18.13	16.0	4.0	2.31	0.69
1696312560.0	0.15	0.15	75.6	16.83	93.2	0	0	1015.32	18.13	15.9	4.0	2.33	0.69
1696312620.0	0.15	0.15	75.2	16.84	93.4	0	0	1015.32	18.13	15.8	4.0	2.34	0.69
1696312680.0	0.13	0.13	74.8	16.85	93.6	0	0	1015.33	18.13	15.7	6.81	2.35	0.69
1696312740.0	0.13	0.13	74.4	16.86	93.8	0	0	1015.33	18.13	15.6	6.81	2.36	0.69
1696312800.0	0.13	0.13	74.0	16.88	94.0	0	0	1015.34	18.13	15.51	6.81	2.38	0.69
1696312860.0	0.13	0.13	73.2	16.88	94.0	0	0	1015.35	18.1	15.51	6.81	2.38	0.69
1696312920.0	0.13	0.13	72.4	16.88	94.0	0	0	1015.35	18.08	15.52	6.81	2.38	0.69
1696312980.0	0.13	0.13	71.6	16.88	94.0	0	0	1015.36	18.05	15.53	4.63	2.38	0.69
1696313040.0	0.13	0.13	70.8	16.88	94.0	0	0	1015.37	18.02	15.53	4.63	2.38	0.69
1696313100.0	0.13	0.13	70.0	16.88	94.0	0	0	1015.38	18.0	15.54	4.63	2.38	0.69
1696313160.0	0.13	0.13	69.4	16.86	94.0	0	0	1015.39	18.0	15.55	4.63	2.38	0.69
1696313220.0	0.13	0.13	68.8	16.85	94.0	0	0	1015.39	18.0	15.55	4.63	2.38	0.69
1696313280.0	0.13	0.13	68.2	16.84	94.0	0	0	1015.4	18.0	15.56	2.38	2.38	0.69
1696313340.0	0.13	0.13	67.6	16.83	94.0	0	0	1015.41	18.0	15.57	2.38	2.38	0.69
1696313400.0	0.13	0.13	67.0	16.81	94.0	0	0	1015.42	18.0	15.57	2.38	2.38	0.69
1696313460.0	0.13	0.13	66.2	16.81	94.0	0	0	1015.42	18.0	15.58	2.38	2.4	0.69
1696313520.0	0.13	0.13	65.4	16.81	94.0	0	0	1015.43	18.0	15.59	2.38	2.42	0.69
1696313580.0	0.13	0.13	64.6	16.81	94.0	0	0	1015.44	18.0	15.59	359.0	2.45	0.69
1696313640.0	0.13	0.13	63.8	16.81	94.0	0	0	1015.45	18.0	15.6	359.0	2.48	0.69
1696313700.0	0.13	0.13	63.0	16.81	94.0	0	0	1015.45	18.0	15.61	359.0	2.5	0.69
1696313760.0	0.13	0.13	62.2	16.79	93.8	0	0	1015.46	17.98	15.68	359.0	2.5	0.69
1696313820.0	0.13	0.13	61.4	16.76	93.6	0	0	1015.47	17.95	15.76	359.0	2.5	0.69
1696313880.0	0.14	0.14	60.6	16.74	93.4	0	0	1015.48	17.93	15.84	357.5	2.5	0.69
1696313940.0	0.14	0.14	59.8	16.71	93.2	0	0	1015.49	17.9	15.92	357.5	2.5	0.69
1696314000.0	0.14	0.14	59.0	16.69	93.0	0	0	1015.49	17.88	16.0	357.5	2.5	0.69
1696314060.0	0.14	0.14	58.4	16.69	93.0	0	0	1015.5	17.88	16.0	357.5	2.5	0.69
1696314120.0	0.14	0.14	57.8	16.69	93.0	0	0	1015.51	17.88	16.0	357.5	2.5	0.69
1696314180.0	0.14	0.14	57.2	16.69	93.0	0	0	1015.52	17.88	16.0	354.88	2.5	0.69
1696314240.0	0.14	0.14	56.6	16.69	93.0	0	0	1015.52	17.88	16.0	354.88	2.5	0.69
1696314300.0	0.14	0.14	56.0	16.69	93.0	0	0	1015.53	17.88	16.0	354.88	2.5	0.69
1696314360.0	0.14	0.14	55.2	16.69	93.0	0	0	1015.54	17.88	16.0	354.88	2.53	0.69
1696314420.0	0.14	0.14	54.4	16.69	93.0	0	0	1015.55	17.88	16.0	354.88	2.55	0.69
1696314480.0	0.14	0.14	53.6	16.69	93.0	0	0	1015.55	17.88	16.0	352.31	2.58	0.69
1696314540.0	0.14	0.14	52.8	16.69	93.0	0	0	1015.56	17.88	16.0	352.31	2.6	0.69
1696314600.0	0.14	0.14	52.0	16.69	93.0	0	0	1015.57	17.88	16.0	352.31	2.63	0.69
1696314660.0	0.14	0.14	51.2	16.71	93.6	0	0	1015.58	17.83	15.83	352.31	2.58	0.68
1696314720.0	0.14	0.14	50.4	16.74	94.2	0	0	1015.58	17.77	15.66	352.31	2.53	0.66
1696314780.0	0.08		49.6	16.76	94.8	0	0	1015.59	17.73	15.48	341.0	2.48	0.65
1696314840.0	0.08		48.8	16.79	95.4	0	0	1015.6	17.68	15.31	341.0	2.42	0.64
1696314900.0	0.08		48.0	16.81	96.0	0	0	1015.61	17.63	15.14	341.0	2.38	0.63
1696314960.0	0.08		48.8	16.81	96.0	0	0	1015.62	17.63	15.14	341.0	2.38	0.63
1696315020.0	0.08		49.6	16.81	96.0	0	0	1015.62	17.63	15.14	341.0	2.38	0.63
1696315080.0	0.09	0.09	50.4	16.81	96.0	0	0	1015.63	17.63	15.14	336.38	2.38	0.63
1696315140.0	0.09	0.09	51.2	16.81	96.0	0	0	1015.64	17.63	15.14	336.38	2.38	0.63
1696315200.0	0.09	0.09	52.0	16.81	96.0	0	0	1015.65	17.63	15.15	336.38	2.38	0.63
1696315260.0	0.09	0.09	52.8	16.83	96.0	0	0	1015.65	17.63	15.15	336.38	2.38	0.6
1696315320.0	0.09	0.09	53.6	16.84	96.0	0	0	1015.66	17.63	15.15	336.38	2.38	0.57
1696315380.0	0.09	0.09	54.4	16.85	96.0	0	0	1015.67	17.63	15.15	331.63	2.38	0.55
1696315440.0	0.09	0.09	55.2	16.86	96.0	0	0	1015.68	17.63	15.15	331.63	2.38	0.53
1696315500.0	0.09	0.09	56.0	16.88	96.0	0	0	1015.68	17.63	15.15	331.63	2.38	0.5
1696315560.0	0.09	0.09	56.6	16.88	96.0	0	0	1015.69	17.63	15.16	331.63	2.38	0.5
1696315620.0	0.09	0.09	57.2	16.88	96.0	0	0	1015.7	17.63	15.16	331.63	2.38	0.5
1696315680.0	0.09	0.09	57.8	16.88	96.0	0	0	1015.71	17.63	15.16	326.19	2.38	0.5
1696315740.0	0.09	0.09	58.4	16.88	96.0	0	0	1015.71	17.63	15.16	326.19	2.38	0.5
1696315800.0	0.09	0.09	59.0	16.88	96.0	0	0	1015.72	17.63	15.16	326.19	2.38	0.5
1696315860.0	0.09	0.09	59.8	16.86	95.8	0	0	1015.73	17.6	14.74	326.19	2.36	0.53
1696315920.0	0.09	0.09	60.6	16.85	95.6	0	0	1015.74	17.58	14.31	326.19	2.35	0.55
1696315980.0	0.1	0.1	61.4	16.84	95.4	0	0	1015.75	17.55	13.89	316.38	2.34	0.57
1696316040.0	0.1	0.1	62.2	16.83	95.2	0	0	1015.75	17.52	13.47	316.38	2.33	0.6
1696316100.0	0.1	0.1	63.0	16.81	95.0	0	0	1015.76	17.5	13.04	316.38	2.31	0.63
1696316160.0	0.1	0.1	63.8	16.77	95.2	0	0	1015.77	17.46	12.76	316.38	2.29	0.6
1696316220.0	0.1	0.1	64.6	16.74	95.4	0	0	1015.78	17.43	12.48	316.38	2.26	0.57
1696316280.0	0.07	0.07	65.4	16.7	95.6	0	0	1015.78	17.39	12.2	304.63	2.24	0.55
1696316340.0	0.07	0.07	66.2	16.66	95.8	0	0	1015.79	17.35	11.91	304.63	2.21	0.53
1696316400.0	0.07	0.07	67.0	16.63	96.0	0	0	1015.8	17.31	11.63	304.63	2.19	0.5
1696316460.0	0.07	0.07	66.8	16.63	96.2	0	0	1015.79	17.29	11.61	304.63	2.17	0.5
1696316520.0	0.07	0.07	66.6	16.63	96.4	0	0	1015.79	17.26	11.6	304.63	2.16	0.5
1696316580.0	0.07	0.07	66.4	16.63	96.6	0	0	1015.78	17.24	11.58	301.13	2.15	0.5
1696316640.0	0.07	0.07	66.2	16.63	96.8	0	0	1015.78	17.21	11.56	301.13	2.14	0.5
1696316700.0	0.07	0.07	66.0	16.63	97.0	0	0	1015.77	17.19	11.55	301.13	2.13	0.5
1696316760.0	0.07	0.07	66.0	16.63	97.0	0	0	1015.76	17.19	11.53	301.13	2.08	0.5
1696316820.0	0.07	0.07	66.0	16.63	97.0	0	0	1015.76	17.19	11.51	301.13	2.03	0.5
1696316880.0	0.07	0.07	66.0	16.63	97.0	0	0	1015.75	17.19	11.5	298.5	1.98	0.5
1696316940.0	0.07	0.07	66.0	16.63	97.0	0	0	1015.75	17.19	11.48	298.5	1.93	0.5
1696317000.0	0.07	0.07	66.0	16.63	97.0	0	0	1015.74	17.19	11.47	298.5	1.88	0.5
1696317060.0	0.07	0.07	66.0	16.63	96.8	0	0	1015.73	17.19	11.45	298.5	1.88	0.53
1696317120.0	0.07	0.07	66.0	16.63	96.6	0	0	1015.73	17.19	11.43	298.5	1.88	0.55
1696317180.0	0.07	0.07	66.0	16.63	96.4	0	0	1015.72	17.19	11.42	305.0	1.88	0.57
1696317240.0	0.07	0.07	66.0	16.63	96.2	0	0	1015.72	17.19	11.4	305.0	1.88	0.6
1696317300.0	0.07	0.07	66.0	16.63	96.0	0	0	1015.71	17.19	11.38	305.0	1.88	0.63
1696317360.0	0.07	0.07	65.8	16.63	96.0	0	0	1015.7	17.19	11.65	305.0	1.86	0.63
1696317420.0	0.07	0.07	65.6	16.63	96.0	0	0	1015.7	17.19	11.92	305.0	1.85	0.63
1696317480.0	0.07	0.07	65.4	16.63	96.0	0	0	1015.69	17.19	12.18	329.19	1.84	0.63
1696317540.0	0.07	0.07	65.2	16.63	96.0	0	0	1015.69	17.19	12.45	329.19	1.83	0.63
1696317600.0	0.07	0.07	65.0	16.63	96.0	0	0	1015.68	17.19	12.72	329.19	1.81	0.63
1696317660.0	0.07	0.07	65.0	16.63	96.2	0	0	1015.67	17.19	12.7	329.19	1.83	0.63
1696317720.0	0.07	0.07	65.0	16.63	96.4	0	0	1015.67	17.19	12.68	329.19	1.84	0.63
1696317780.0	0.07	0.07	65.0	16.63	96.6	0	0	1015.66	17.19	12.67	17.69	1.85	0.63
1696317840.0	0.07	0.07	65.0	16.63	96.8	0	0	1015.66	17.19	12.65	17.69	1.86	0.63
1696317900.0	0.07	0.07	65.0	16.63	97.0	0	0	1015.65	17.19	12.64	17.69	1.88	0.63
1696317960.0	0.07	0.07	52.6	16.54	97.0	0	0	1015.64	17.09	12.63	17.69	1.93	0.6
1696318020.0	0.07	0.07	40.2	16.45	97.0	0	0	1015.64	16.99	12.63	17.69	1.98	0.57
1696318080.0			27.8	16.36	97.0	0	0	1015.63	16.89	12.63	81.31	2.03	0.55
1696318140.0			15.4	16.27	97.0	0	0	1015.63	16.79	12.62	81.31	2.08	0.53
1696318200.0			3.0	16.19	97.0	0	0	1015.62	16.69	12.62	81.31	2.13	0.5
1696318260.0			3.0	16.19	97.0	0	0	1015.61	16.69	12.59	81.31	2.13	0.5
1696318320.0			3.0	16.19	97.0	0	0	1015.61	16.69	12.56	81.31	2.13	0.5
1696318380.0			3.0	16.19	97.0	0	0	1015.6	16.69	12.53	77.5	2.13	0.5
1696318440.0			3.0	16.19	97.0	0	0	1015.6	16.69	12.51	77.5	2.13	0.5
1696318500.0			3.0	16.19	97.0	0	0	1015.59	16.69	12.48	77.5	2.13	0.5
1696318560.0			3.2	16.13	97.0	0	0	1015.58	16.65	12.45	77.5	2.1	0.53
1696318620.0			3.4	16.06	97.0	0	0	1015.58	16.61	12.42	77.5	2.08	0.55
1696318680.0			3.6	16.0	97.0	0	0	1015.57	16.58	12.39	75.13	2.05	0.57
1696318740.0			3.8	15.94	97.0	0	0	1015.57	16.54	12.37	75.13	2.03	0.6
1696318800.0			4.0	15.88	97.0	0	0	1015.56	16.5	12.34	75.13	2.0	0.63
1696318860.0			4.0	15.88	97.0	0	0	1015.55	16.48	12.31	75.13	1.98	0.64
1696318920.0			4.0	15.88	97.0	0	0	1015.55	16.45	12.28	75.13	1.95	0.65
1696318980.0			4.0	15.88	97.0	0	0	1015.54	16.43	12.25	73.63	1.93	0.66
1696319040.0			4.0	15.88	97.0	0	0	1015.54	16.4	12.23	73.63	1.9	0.68
1696319100.0			4.0	15.88	97.0	0	0	1015.53	16.38	12.2	73.63	1.88	0.69
1696319160.0			4.0	15.88	97.0	0	0	1015.52	16.38	12.17	73.63	1.88	0.69
1696319220.0			4.0	15.88	97.0	0	0	1015.52	16.38	12.14	73.63	1.88	0.69
1696319280.0			4.0	15.88	97.0	0	0	1015.51	16.38	12.11	72.5	1.88	0.69
1696319340.0			4.0	15.88	97.0	0	0	1015.51	16.38	12.08	72.5	1.88	0.69
1696319400.0			4.0	15.88	97.0	0	0	1015.5	16.38	12.06	72.5	1.88	0.69
1696319460.0			4.2	15.9	97.2	0	0	1015.49	16.38	12.03	72.5	1.86	0.71
1696319520.0			4.4	15.93	97.4	0	0	1015.49	16.38	12.0	72.5	1.85	0.74
1696319580.0			4.6	15.95	97.6	0	0	1015.48	16.38	11.97	71.69	1.84	0.76
1696319640.0			4.8	15.98	97.8	0	0	1015.48	16.38	11.94	71.69	1.83	0.79
1696319700.0			5.0	16.0	98.0	0	0	1015.47	16.38	11.92	71.69	1.81	0.81
1696319760.0			5.0	16.0	98.0	0	0	1015.46	16.36	11.89	71.69	1.81	0.81
1696319820.0			5.0	16.0	98.0	0	0	1015.46	16.35	11.86	71.69	1.81	0.81
1696319880.0			5.0	16.0	98.0	0	0	1015.45	16.34	11.83	71.19	1.81	0.81
1696319940.0			5.0	16.0	98.0	0	0	1015.45	16.33	11.8	71.19	1.81	0.81
1696320000.0			5.0	16.0	98.0	0	0	1015.44	16.31	11.77	71.19	1.81	0.81
1696320060.0			5.0	16.0	98.0	0	0	1015.45	16.31	11.77	71.19	1.81	0.81
1696320120.0			5.0	16.0	98.0	0	0	1015.45	16.31	11.77	71.19	1.81	0.81
1696320180.0			5.0	16.0	98.0	0	0	1015.46	16.31	11.77	70.81	1.81	0.81
1696320240.0			5.0	16.0	98.0	0	0	1015.46	16.31	11.77	70.81	1.81	0.81
1696320300.0			5.0	16.0	98.0	0	0	1015.47	16.31	11.78	70.81	1.81	0.81
1696320360.0			5.0	15.98	98.0	0	0	1015.48	16.31	11.78	70.81	1.81	0.79
1696320420.0			5.0	15.95	98.0	0	0	1015.48	16.31	11.78	70.81	1.81	0.76
1696320480.0			5.0	15.93	98.0	0	0	1015.49	16.31	11.78	70.19	1.81	0.74
1696320540.0			5.0	15.9	98.0	0	0	1015.5	16.31	11.78	70.19	1.81	0.71
1696320600.0			5.0	15.88	98.0	0	0	1015.5	16.31	11.78	70.19	1.81	0.69
1696320660.0			5.0	15.88	98.0	0	0	1015.51	16.29	11.78	70.19	1.81	0.69
1696320720.0			5.0	15.88	98.0	0	0	1015.52	16.26	11.78	70.19	1.81	0.69
1696320780.0			5.0	15.88	98.0	0	0	1015.52	16.24	11.78	69.31	1.81	0.69
1696320840.0			5.0	15.88	98.0	0	0	1015.53	16.21	11.78	69.31	1.81	0.69
1696320900.0			5.0	15.88	98.0	0	0	1015.54	16.19	11.78	69.31	1.81	0.69
1696320960.0			5.0	15.88	98.0	0	0	1015.54	16.19	11.78	69.31	1.81	0.68
1696321020.0			5.0	15.88	98.0	0	0	1015.55	16.19	11.78	69.31	1.81	0.66
1696321080.0			5.0	15.88	98.0	0	0	1015.55	16.19	11.78	67.69	1.81	0.65
1696321140.0			5.0	15.88	98.0	0	0	1015.56	16.19	11.78	67.69	1.81	0.64
1696321200.0			5.0	15.88	98.0	0	0	1015.57	16.19	11.78	67.69	1.81	0.63
1696321260.0			5.0	15.88	98.0	0	0	1015.57	16.19	11.78	67.69	1.81	0.63
1696321320.0			5.0	15.88	98.0	0	0	1015.58	16.19	11.78	67.69	1.81	0.63
1696321380.0			5.0	15.88	98.0	0	0	1015.59	16.19	11.78	64.88	1.81	0.63
1696321440.0			5.0	15.88	98.0	0	0	1015.59	16.19	11.78	64.88	1.81	0.63
1696321500.0			5.0	15.88	98.0	0	0	1015.6	16.19	11.78	64.88	1.81	0.63
1696321560.0			5.0	15.86	98.0	0	0	1015.61	16.19	11.78	64.88	1.81	0.63
1696321620.0			5.0	15.85	98.0	0	0	1015.61	16.19	11.78	64.88	1.81	0.63
1696321680.0			5.0	15.84	98.0	0	0	1015.62	16.19	11.78	59.88	1.81	0.63
1696321740.0			5.0	15.83	98.0	0	0	1015.62	16.19	11.78	59.88	1.81	0.63
1696321800.0			5.0	15.81	98.0	0	0	1015.63	16.19	11.78	59.88	1.81	0.63
1696321860.0			5.6	15.83	98.0	0	0	1015.64	16.19	11.79	59.88	1.81	0.6
1696321920.0			6.2	15.84	98.0	0	0	1015.64	16.19	11.81	59.88	1.81	0.57
1696321980.0			6.8	15.85	98.0	0	0	1015.65	16.19	11.82	44.13	1.81	0.55
1696322040.0			7.4	15.86	98.0	0	0	1015.66	16.19	11.83	44.13	1.81	0.53
1696322100.0			8.0	15.88	98.0	0	0	1015.66	16.19	11.84	44.13	1.81	0.5
1696322160.0			8.0	15.83	98.0	0	0	1015.67	16.13	11.42	44.13	1.81	0.5
1696322220.0			8.0	15.78	98.0	0	0	1015.68	16.06	10.99	44.13	1.81	0.5
1696322280.0			8.0	15.73	98.0	0	0	1015.68	16.0	10.56	41.81	1.81	0.5
1696322340.0			8.0	15.68	98.0	0	0	1015.69	15.94	10.13	41.81	1.81	0.5
1696322400.0			8.0	15.63	98.0	0	0	1015.69	15.88	9.71	41.81	1.81	0.5
1696322460.0			8.2	15.63	98.0	0	0	1015.7	15.88	9.7	41.81	1.81	0.5
1696322520.0			8.4	15.63	98.0	0	0	1015.71	15.88	9.7	41.81	1.81	0.5
1696322580.0			8.6	15.63	98.0	0	0	1015.71	15.88	9.7	39.63	1.81	0.5
1696322640.0			8.8	15.63	98.0	0	0	1015.72	15.88	9.7	39.63	1.81	0.5
1696322700.0			9.0	15.63	98.0	0	0	1015.73	15.88	9.69	39.63	1.81	0.5
1696322760.0			9.0	15.63	98.2	0	0	1015.73	15.86	9.69	39.63	1.81	0.5
1696322820.0			9.0	15.63	98.4	0	0	1015.74	15.85	9.69	39.63	1.81	0.5
1696322880.0			9.0	15.63	98.6	0	0	1015.75	15.84	9.69	37.38	1.81	0.5
1696322940.0			9.0	15.63	98.8	0	0	1015.75	15.83	9.68	37.38	1.81	0.5
1696323000.0			9.0	15.63	99.0	0	0	1015.76	15.81	9.68	37.38	1.81	0.5
1696323060.0			9.2	15.6	99.0	0	0	1015.76	15.81	9.68	37.38	1.81	0.5
1696323120.0			9.4	15.58	99.0	0	0	1015.77	15.81	9.68	37.38	1.81	0.5
1696323180.0			9.6	15.55	99.0	0	0	1015.78	15.81	9.68	35.13	1.81	0.5
1696323240.0			9.8	15.53	99.0	0	0	1015.78	15.81	9.67	35.13	1.81	0.5
1696323300.0			10.0	15.5	99.0	0	0	1015.79	15.81	9.67	35.13	1.81	0.5
1696323360.0			10.0	15.54	99.0	0	0	1015.8	15.83	10.18	35.13	1.81	0.5
1696323420.0			10.0	15.58	99.0	0	0	1015.8	15.84	10.68	35.13	1.81	0.5
1696323480.0	0.03		10.0	15.61	99.0	0	0	1015.81	15.85	11.19	32.88	1.81	0.5
1696323540.0	0.03		10.0	15.65	99.0	0	0	1015.82	15.86	11.69	32.88	1.81	0.5
1696323600.0	0.03		10.0	15.69	99.0	0	0	1015.82	15.88	12.2	32.88	1.81	0.5
1696323660.0	0.03		10.0	15.68	99.0	0	0	1015.83	15.88	12.2	32.88	1.83	0.5
1696323720.0	0.03		10.0	15.66	99.0	0	0	1015.85	15.88	12.2	32.88	1.84	0.5
1696323780.0			10.0	15.65	99.0	0	0	1015.86	15.88	12.2	31.63	1.85	0.5
1696323840.0			10.0	15.64	99.0	0	0	1015.87	15.88	12.21	31.63	1.86	0.5
1696323900.0			10.0	15.63	99.0	0	0	1015.89	15.88	12.21	31.63	1.88	0.5
1696323960.0			9.8	15.63	99.0	0	0	1015.9	15.88	12.21	31.63	1.9	0.5
1696324020.0			9.6	15.63	99.0	0	0	1015.91	15.88	12.21	31.63	1.93	0.5
1696324080.0			9.4	15.63	99.0	0	0	1015.93	15.88	12.21	30.13	1.95	0.5
1696324140.0			9.2	15.63	99.0	0	0	1015.94	15.88	12.21	30.13	1.98	0.5
1696324200.0			9.0	15.63	99.0	0	0	1015.95	15.88	12.22	30.13	2.0	0.5
1696324260.0			8.8	15.6	99.0	0	0	1015.96	15.84	11.85	30.13	2.03	0.48
1696324320.0			8.6	15.58	99.0	0	0	1015.98	15.8	11.48	30.13	2.05	0.45
1696324380.0			8.4	15.55	99.0	0	0	1015.99	15.76	11.12	28.5	2.08	0.43
1696324440.0			8.2	15.53	99.0	0	0	1016.0	15.73	10.75	28.5	2.1	0.4
1696324500.0			8.0	15.5	99.0	0	0	1016.02	15.69	10.39	28.5	2.13	0.38
1696324560.0			8.0	15.5	99.0	0	0	1016.03	15.69	10.39	28.5	2.14	0.38
1696324620.0			8.0	15.5	99.0	0	0	1016.04	15.69	10.39	28.5	2.15	0.38
1696324680.0			8.0	15.5	99.0	0	0	1016.06	15.69	10.39	26.69	2.16	0.38
1696324740.0			8.0	15.5	99.0	0	0	1016.07	15.69	10.39	26.69	2.17	0.38
1696324800.0			8.0	15.5	99.0	0	0	1016.08	15.69	10.39	26.69	2.19	0.38
1696324860.0			7.0	15.46	98.8	0	0	1016.09	15.68	10.42	26.69	2.28	0.43
1696324920.0			6.0	15.43	98.6	0	0	1016.11	15.66	10.45	26.69	2.36	0.48
1696324980.0			5.0	15.39	98.4	0	0	1016.12	15.65	10.47	20.0	2.45	0.53
1696325040.0			4.0	15.35	98.2	0	0	1016.13	15.64	10.5	20.0	2.54	0.57
1696325100.0			3.0	15.31	98.0	0	0	1016.15	15.63	10.53	20.0	2.63	0.63
1696325160.0			3.0	15.31	98.0	0	0	1016.16	15.63	10.53	20.0	2.6	0.6
1696325220.0			3.0	15.31	98.0	0	0	1016.17	15.63	10.53	20.0	2.58	0.57
1696325280.0			3.0	15.31	98.0	0	0	1016.18	15.63	10.53	21.13	2.55	0.55
1696325340.0			3.0	15.31	98.0	0	0	1016.2	15.63	10.53	21.13	2.53	0.53
1696325400.0			3.0	15.31	98.0	0	0	1016.21	15.63	10.53	21.13	2.5	0.5
1696325460.0			3.0	15.29	98.0	0	0	1016.22	15.6	10.53	21.13	2.48	0.5
1696325520.0			3.0	15.26	98.0	0	0	1016.24	15.58	10.53	21.13	2.45	0.5
1696325580.0			3.0	15.24	98.0	0	0	1016.25	15.55	10.53	22.5	2.42	0.5
1696325640.0			3.0	15.21	98.0	0	0	1016.26	15.53	10.53	22.5	2.4	0.5
1696325700.0			3.0	15.19	98.0	0	0	1016.28	15.5	10.53	22.5	2.38	0.5
1696325760.0			3.0	15.19	98.0	0	0	1016.29	15.53	10.53	22.5	2.38	0.48
1696325820.0			3.0	15.19	98.0	0	0	1016.3	15.55	10.53	22.5	2.38	0.45
1696325880.0			3.0	15.19	98.0	0	0	1016.31	15.58	10.53	24.19	2.38	0.43
1696325940.0			3.0	15.19	98.0	0	0	1016.33	15.6	10.53	24.19	2.38	0.4
1696326000.0			3.0	15.19	98.0	0	0	1016.34	15.63	10.53	24.19	2.38	0.38
1696326060.0			3.0	15.19	98.0	0	0	1016.35	15.6	10.53	24.19	2.36	0.38
1696326120.0			3.0	15.19	98.0	0	0	1016.37	15.58	10.53	24.19	2.35	0.38
1696326180.0			3.0	15.19	98.0	0	0	1016.38	15.55	10.53	26.19	2.34	0.38
1696326240.0			3.0	15.19	98.0	0	0	1016.39	15.53	10.53	26.19	2.33	0.38
1696326300.0			3.0	15.19	98.0	0	0	1016.4	15.5	10.53	26.19	2.31	0.38
1696326360.0			3.0	15.19	98.0	0	0	1016.42	15.5	10.53	26.19	2.29	0.36
1696326420.0			3.0	15.19	98.0	0	0	1016.43	15.5	10.53	26.19	2.26	0.35
1696326480.0			3.0	15.19	98.0	0	0	1016.44	15.5	10.53	28.88	2.24	0.34
1696326540.0			3.0	15.19	98.0	0	0	1016.46	15.5	10.53	28.88	2.21	0.33
1696326600.0			3.0	15.19	98.0	0	0	1016.47	15.5	10.53	28.88	2.19	0.31
1696326660.0			3.0	15.19	98.0	0	0	1016.48	15.5	10.53	28.88	2.17	0.31
1696326720.0			3.0	15.19	98.0	0	0	1016.5	15.5	10.53	28.88	2.16	0.31
1696326780.0			3.0	15.19	98.0	0	0	1016.51	15.5	10.53	32.5	2.15	0.31
1696326840.0			3.0	15.19	98.0	0	0	1016.52	15.5	10.53	32.5	2.14	0.31
1696326900.0			3.0	15.19	98.0	0	0	1016.53	15.5	10.53	32.5	2.13	0.31
1696326960.0			3.0	15.15	98.0	0	0	1016.55	15.46	10.81	32.5	2.13	0.29
1696327020.0			3.0	15.11	98.0	0	0	1016.56	15.43	11.09	32.5	2.13	0.26
1696327080.0			3.0	15.08	98.0	0	0	1016.57	15.39	11.38	37.38	2.13	0.24
1696327140.0			3.0	15.04	98.0	0	0	1016.59	15.35	11.66	37.38	2.13	0.21
1696327200.0			3.0	15.0	98.0	0	0	1016.6	15.31	11.94	37.38	2.13	0.19
1696327260.0			3.0	15.0	98.0	0	0	1016.59	15.31	11.94	37.38	2.1	0.19
1696327320.0			3.0	15.0	98.0	0	0	1016.58	15.31	11.94	37.38	2.08	0.19
1696327380.0			3.0	15.0	98.0	0	0	1016.58	15.31	11.94	34.69	2.05	0.19
1696327440.0			3.0	15.0	98.0	0	0	1016.57	15.31	11.93	34.69	2.03	0.19
1696327500.0			3.0	15.0	98.0	0	0	1016.56	15.31	11.93	34.69	2.0	0.19
1696327560.0			3.2	15.0	98.0	0	0	1016.55	15.31	11.93	34.69	2.0	0.21
1696327620.0			3.4	15.0	98.0	0	0	1016.55	15.31	11.92	34.69	2.0	0.24
1696327680.0			3.6	15.0	98.0	0	0	1016.54	15.31	11.92	28.63	2.0	0.26
1696327740.0			3.8	15.0	98.0	0	0	1016.53	15.31	11.92	28.63	2.0	0.29
1696327800.0			4.0	15.0	98.0	0	0	1016.52	15.31	11.92	28.63	2.0	0.31
1696327860.0			4.0	15.0	98.0	0	0	1016.52	15.31	11.91	28.63	2.0	0.31
1696327920.0			4.0	15.0	98.0	0	0	1016.51	15.31	11.91	28.63	2.0	0.31
1696327980.0			4.0	15.0	98.0	0	0	1016.5	15.31	11.91	14.81	2.0	0.31
1696328040.0			4.0	15.0	98.0	0	0	1016.49	15.31	11.91	14.81	2.0	0.31
1696328100.0			4.0	15.0	98.0	0	0	1016.49	15.31	11.9	14.81	2.0	0.31
1696328160.0			4.0	15.0	98.0	0	0	1016.48	15.31	11.9	14.81	1.98	0.31
1696328220.0			4.0	15.0	98.0	0	0	1016.47	15.31	11.9	14.81	1.95	0.31
1696328280.0			4.0	15.0	98.0	0	0	1016.46	15.31	11.9	349.88	1.93	0.31
1696328340.0			4.0	15.0	98.0	0	0	1016.46	15.31	11.89	349.88	1.9	0.31
1696328400.0			4.0	15.0	98.0	0	0	1016.45	15.31	11.89	349.88	1.88	0.31
1696328460.0			4.2	15.0	98.0	0	0	1016.44	15.29	11.89	349.88	1.86	0.31
1696328520.0			4.4	15.0	98.0	0	0	1016.44	15.26	11.89	349.88	1.85	0.31
1696328580.0			4.6	15.0	98.0	0	0	1016.43	15.24	11.88	325.38	1.84	0.31
1696328640.0			4.8	15.0	98.0	0	0	1016.42	15.21	11.88	325.38	1.83	0.31
1696328700.0			5.0	15.0	98.0	0	0	1016.41	15.19	11.88	325.38	1.81	0.31
1696328760.0			5.0	14.98	98.0	0	0	1016.41	15.19	11.88	325.38	1.79	0.31
1696328820.0			5.0	14.95	98.0	0	0	1016.4	15.19	11.87	325.38	1.76	0.31
1696328880.0			5.0	14.93	98.0	0	0	1016.39	15.19	11.87	311.63	1.74	0.31
1696328940.0			5.0	14.9	98.0	0	0	1016.38	15.19	11.87	311.63	1.71	0.31
1696329000.0			5.0	14.88	98.0	0	0	1016.38	15.19	11.87	311.63	1.69	0.31
1696329060.0			5.0	14.86	98.0	0	0	1016.37	15.18	11.86	311.63	1.69	0.31
1696329120.0			5.0	14.85	98.0	0	0	1016.36	15.16	11.86	311.63	1.69	0.31
1696329180.0			5.0	14.84	98.0	0	0	1016.35	15.15	11.86	305.0	1.69	0.31
1696329240.0			5.0	14.83	98.0	0	0	1016.35	15.14	11.86	305.0	1.69	0.31
1696329300.0			5.0	14.81	98.0	0	0	1016.34	15.13	11.85	305.0	1.69	0.31
1696329360.0			7.2	14.85	98.2	0	0	1016.33	15.13	11.9	305.0	1.59	0.35
1696329420.0			9.4	14.89	98.4	0	0	1016.32	15.13	11.94	305.0	1.49	0.39
1696329480.0	0.01		11.6	14.93	98.6	0	0	1016.32	15.13	11.99	287.0	1.39	0.43
1696329540.0	0.01		13.8	14.96	98.8	0	0	1016.31	15.13	12.03	287.0	1.29	0.46
1696329600.0	0.01		16.0	15.0	99.0	0	0	1016.3	15.13	12.08	287.0	1.19	0.5
1696329660.0	0.01		16.0	15.0	99.0	0	0	1016.29	15.13	12.09	287.0	1.19	0.53
1696329720.0	0.01		16.0	15.0	99.0	0	0	1016.29	15.13	12.09	287.0	1.19	0.55
1696329780.0	0.01		16.0	15.0	99.0	0	0	1016.28	15.13	12.1	289.88	1.19	0.57
1696329840.0	0.01		16.0	15.0	99.0	0	0	1016.27	15.13	12.11	289.88	1.19	0.6
1696329900.0	0.01		16.0	15.0	99.0	0	0	1016.26	15.13	12.11	289.88	1.19	0.63
1696329960.0	0.01		16.2	15.0	99.0	0	0	1016.26	15.13	12.12	289.88	1.19	0.63
1696330020.0	0.01		16.4	15.0	99.0	0	0	1016.25	15.13	12.13	289.88	1.19	0.63
1696330080.0	0.01		16.6	15.0	99.0	0	0	1016.24	15.13	12.14	292.13	1.19	0.63
1696330140.0	0.01		16.8	15.0	99.0	0	0	1016.23	15.13	12.14	292.13	1.19	0.63
1696330200.0	0.01		17.0	15.0	99.0	0	0	1016.23	15.13	12.15	292.13	1.19	0.63
1696330260.0	0.01		17.0	15.0	99.0	0	0	1016.22	15.13	12.15	292.13	1.19	0.63
1696330320.0	0.01		17.0	15.0	99.0	0	0	1016.21	15.13	12.15	292.13	1.19	0.63
1696330380.0	0.01		17.0	15.0	99.0	0	0	1016.2	15.13	12.15	292.13	1.19	0.63
1696330440.0	0.01		17.0	15.0	99.0	0	0	1016.2	15.13	12.15	292.13	1.19	0.63
1696330500.0	0.01		17.0	15.0	99.0	0	0	1016.19	15.13	12.15	292.13	1.19	0.63
1696330560.0	0.01		17.0	15.0	99.0	0	0	1016.18	15.13	12.15	292.13	1.19	0.63
1696330620.0	0.01		17.0	15.0	99.0	0	0	1016.17	15.13	12.15	292.13	1.19	0.63
1696330680.0	0.01		17.0	15.0	99.0	0	0	1016.17	15.13	12.15	292.13	1.19	0.63
1696330740.0	0.01		17.0	15.0	99.0	0	0	1016.16	15.13	12.15	292.13	1.19	0.63
1696330800.0	0.01		17.0	15.0	99.0	0	0	1016.15	15.13	12.15	292.13	1.19	0.63
